1
2
3
5
6
8
9
10
11
12
15
18
22
23
24
25
26
27
28
30
33
34
36
37
38
39
40
41
42
43
45
47
49
51
54
55
56
59
60
63
64
68
69
70
73
78
79
80
81
84
85
86
88
89
90
91
93
94
95
97
98
99
100
102
103
105
106
109
110
111
112
113
117
118
119
120
121
123
125
126
127
128
129
132
134
136
137
139
141
143
144
145
146
148
149
150
151
153
156
158
159
161
163
164
165
166
167
168
169
170
171
173
174
177
178
179
181
182
183
184
186
188
192
195
196
199
201
204
206
207
209
210
213
216
219
220
222
224
225
227
228
233
236
238
239
240
242
244
245
246
247
248
249
251
252
254
256
258
261
262
264
266
267
268
269
270
271
273
275
277
278
279
280
283
284
286
287
289
293
294
296
299
301
304
307
308
309
312
316
318
321
322
323
324
325
326
327
328
330
331
332
333
334
335
336
337
338
341
342
343
344
346
348
350
352
353
355
357
358
359
360
362
363
364
365
366
367
368
369
370
372
373
376
377
380
382
384
386
389
392
393
395
399
401
402
403
406
407
408
409
410
411
413
414
415
417
420
422
423
425
426
427
428
429
431
433
434
436
438
440
441
442
445
446
447
449
450
451
454
456
457
459
460
461
463
465
466
468
469
470
471
472
474
475
478
482
483
484
485
487
488
491
493
494
496
497
498
499
500
501
502
503
505
509
510
511
512
514
516
517
520
521
522
526
528
530
531
532
533
535
539
542
543
544
545
548
550
552
553
554
555
557
558
559
561
562
563
564
565
566
568
569
570
571
572
573
574
577
578
580
581
583
586
587
592
593
594
597
598
599
600
603
604
606
607
609
612
613
614
616
618
621
622
623
624
625
626
629
630
631
634
637
643
645
646
647
648
649
650
651
653
654
655
657
659
661
662
663
664
665
666
668
669
670
671
672
673
674
675
677
678
680
683
684
687
690
691
692
693
696
697
699
700
702
703
707
711
713
715
716
717
718
719
725
727
729
730
731
733
734
735
736
737
739
740
741
744
745
747
748
749
750
751
753
755
757
759
760
761
762
763
765
766
768
770
771
772
773
774
775
776
777
779
784
787
789
791
792
793
795
796
797
799
801
802
803
804
805
808
809
810
811
813
814
815
816
817
818
819
820
822
823
824
825
829
835
836
837
838
840
841
844
845
846
849
850
851
853
854
855
856
859
861
864
865
867
872
874
875
876
877
879
882
884
885
886
887
888
889
890
891
893
896
897
898
899
900
902
904
905
907
909
911
913
914
915
917
919
920
921
923
926
927
928
929
932
933
934
936
937
940
945
946
947
948
949
950
953
954
955
958
959
960
962
963
965
967
969
973
974
976
977
978
982
985
987
988
990
992
994
995
997
998
999
1001
1003
1004
1005
1006
1007
1008
1009
1010
1011
1012
1014
1016
1018
1020
1023
1024
1029
1030
1031
1033
1034
1035
1037
1038
1039
1040
1041
1042
1043
1044
1045
1046
1047
1050
1051
1052
1054
1055
1056
1057
1058
1059
1061
1063
1065
1066
1069
1070
1071
1073
1074
1076
1077
1079
1080
1082
1083
1084
1085
1086
1087
1089
1090
1092
1094
1097
1100
1101
1102
1106
1107
1108
1109
1110
1111
1113
1114
1115
1116
1118
1120
1123
1125
1126
1128
1129
1130
1131
1133
1134
1135
1136
1137
1138
1142
1143
1146
1147
1148
1150
1151
1152
1153
1154
1155
1159
1162
1163
1164
1165
1166
1167
1168
1170
1171
1173
1174
1175
1176
1177
1179
1180
1182
1183
1186
1187
1189
1190
1193
1194
1195
1196
1198
1199
1200
1201
1202
1204
1205
1206
1207
1209
1211
1213
1214
1215
1218
1219
1221
1222
1224
1225
1226
1228
1229
1232
1233
1235
1237
1238
1239
1240
1241
1242
1243
1244
1245
1247
1248
1250
1252
1254
1255
1256
1257
1258
1259
1261
1262
1264
1265
1266
1267
1268
1270
1271
1272
1273
1274
1276
1278
1279
1281
1283
1284
1285
1286
1287
1288
1289
1290
1293
1294
1297
1300
1301
1302
1303
1305
1306
1307
1308
1310
1313
1314
1315
1316
1318
1320
1322
1324
1325
1326
1329
1332
1333
1335
1337
1339
1340
1342
1343
1344
1345
1346
1347
1348
1349
1350
1351
1355
1357
1359
1360
1361
1363
1364
1367
1369
1370
1371
1374
1376
1379
1384
1385
1386
1387
1391
1392
1393
1397
1398
1401
1402
1404
1405
1406
1407
1408
1409
1411
1412
1414
1415
1416
1418
1419
1421
1423
1427
1428
1430
1431
1432
1433
1434
1435
1438
1439
1442
1443
1445
1447
1448
1451
1452
1453
1454
1455
1459
1462
1465
1466
1467
1468
1469
1470
1471
1473
1475
1478
1481
1482
1483
1486
1488
1489
1491
1492
1494
1495
1496
1497
1498
1500
1501
1502
1503
1504
1505
1507
1509
1510
1511
1512
1513
1514
1516
1518
1519
1520
1521
1523
1525
1526
1527
1528
1529
1530
1531
1533
1534
1535
1536
1537
1539
1541
1543
1545
1546
1547
1548
1549
1550
1551
1552
1554
1558
1559
1561
1564
1566
1567
1568
1571
1572
1573
1574
1576
1578
1579
1580
1581
1583
1585
1587
1588
1590
1591
1593
1594
1596
1597
1599
1601
1604
1605
1606
1608
1610
1613
1614
1615
1617
1618
1619
1621
1622
1624
1627
1628
1629
1630
1632
1636
1637
1639
1640
1643
1645
1646
1647
1649
1650
1651
1652
1653
1655
1657
1658
1659
1660
1661
1662
1663
1664
1665
1666
1668
1669
1670
1671
1673
1674
1677
1680
1682
1684
1686
1687
1690
1691
1693
1694
1695
1697
1698
1700
1705
1707
1709
1711
1713
1715
1716
1717
1718
1720
1723
1724
1726
1727
1728
1729
1731
1733
1735
1736
1737
1738
1739
1740
1741
1742
1744
1745
1747
1748
1749
1750
1751
1752
1753
1755
1757
1758
1760
1761
1762
1763
1764
1766
1768
1769
1770
1771
1773
1775
1778
1780
1781
1783
1784
1787
1788
1789
1790
1792
1793
1795
1796
1797
1798
1799
1800
1804
1806
1810
1811
1813
1815
1816
1817
1820
1821
1823
1825
1826
1827
1828
1829
1830
1831
1833
1834
1837
1838
1839
1840
1843
1845
1847
1848
1849
1851
1853
1854
1856
1857
1858
1860
1861
1862
1863
1864
1865
1866
1868
1869
1871
1873
1874
1876
1877
1878
1879
1880
1881
1882
1883
1885
1886
1888
1889
1890
1891
1892
1893
1894
1895
1897
1899
1900
1902
1903
1904
1906
1907
1908
1909
1910
1914
1916
1917
1918
1920
1922
1923
1924
1925
1927
1928
1929
1931
1933
1935
1936
1938
1939
1940
1941
1942
1943
1945
1946
1948
1949
1950
1953
1954
1955
1957
1958
1962
1964
1967
1969
1971
1972
1974
1976
1977
1978
1979
1984
1986
1987
1988
1990
1992
1993
1996
1997
1998
1999
2001
2003
2005
2008
2009
2013
2015
2016
2018
2020
2021
2022
2023
2025
2026
2028
2031
2032
2034
2036
2037
2038
2041
2043
2045
2046
2047
2048
2049
2052
2055
2056
2059
2063
2064
2066
2067
2069
2070
2072
2073
2075
2076
2077
2078
2079
2080
2082
2083
2084
2086
2088
2089
2091
2092
2093
2094
2096
2100
2101
2102
2103
2104
2105
2106
2107
2108
2110
2113
2114
2115
2116
2117
2119
2120
2121
2122
2124
2125
2126
2127
2128
2130
2131
2134
2137
2138
2139
2140
2141
2143
2145
2146
2147
2148
2151
2153
2155
2157
2158
2160
2161
2162
2164
2165
2167
2170
2171
2172
2173
2174
2175
2177
2179
2180
2181
2182
2183
2185
2187
2192
2193
2194
2195
2197
2198
2200
2202
2203
2204
2205
2207
2209
2210
2212
2213
2214
2216
2218
2221
2222
2223
2224
2226
2228
2231
2233
2234
2237
2240
2241
2242
2245
2247
2249
2251
2252
2253
2254
2255
2256
2257
2258
2260
2262
2263
2264
2265
2267
2269
2270
2271
2272
2274
2278
2281
2282
2283
2285
2286
2288
2289
2290
2292
2293
2295
2296
2298
2302
2303
2304
2305
2306
2308
2309
2312
2314
2317
2318
2320
2321
2323
2324
2326
2327
2328
2329
2331
2333
2336
2339
2341
2342
2343
2344
2346
2347
2348
2350
2352
2353
2355
2356
2357
2359
2361
2363
2364
2365
2366
2367
2370
2373
2374
2375
2376
2377
2378
2380
2382
2383
2384
2386
2388
2389
2390
2391
2395
2396
2397
2398
2399
2400
2401
2402
2404
2406
2409
2410
2412
2414
2415
2416
2417
2418
2421
2422
2424
2425
2427
2429
2431
2434
2435
2436
2437
2439
2440
2441
2442
2443
2444
2445
2447
2448
2450
2451
2452
2453
2454
2457
2458
2459
2460
2461
2462
2463
2464
2466
2470
2473
2474
2475
2476
2479
2481
2482
2483
2484
2485
2486
2487
2488
2489
2490
2492
2495
2496
2497
2499
2500
2502
2503
2504
2507
2508
2511
2512
2514
2515
2516
2519
2520
2521
2522
2524
2527
2528
2529
2531
2534
2535
2537
2538
2539
2542
2543
2544
2545
2546
2548
2549
2551
2552
2554
2555
2556
2558
2559
2561
2565
2568
2569
2570
2571
2572
2573
2574
2576
2577
2578
2580
2581
2582
2584
2585
2588
2589
2591
2592
2593
2595
2596
2597
2598
2599
2600
2601
2602
2603
2604
2605
2606
2609
2610
2613
2614
2615
2616
2618
2619
2620
2621
2622
2625
2627
2628
2629
2630
2632
2633
2634
2636
2638
2640
2642
2643
2644
2645
2648
2651
2654
2655
2656
2657
2658
2659
2660
2662
2665
2666
2668
2671
2673
2674
2675
2677
2678
2679
2680
2681
2682
2683
2684
2686
2687
2688
2690
2693
2696
2698
2699
2701
2704
2707
2708
2709
2711
2712
2714
2715
2716
2717
2718
2719
2720
2721
2722
2724
2728
2729
2731
2733
2735
2738
2739
2741
2742
2745
2746
2747
2748
2749
2750
2753
2755
2756
2758
2761
2763
2766
2767
2768
2769
2772
2774
2775
2778
2779
2780
2781
2783
2785
2786
2787
2789
2790
2792
2794
2795
2798
2799
2800
2801
2802
2803
2806
2808
2809
2810
2811
2812
2813
2814
2815
2816
2817
2819
2821
2823
2824
2825
2829
2830
2833
2834
2837
2838
2841
2842
2844
2845
2846
2848
2851
2852
2853
2854
2855
2856
2857
2858
2859
2862
2863
2864
2865
2867
2868
2870
2873
2875
2877
2879
2880
2881
2883
2885
2886
2887
2889
2890
2891
2892
2896
2897
2898
2899
2900
2902
2905
2907
2908
2909
2911
2914
2915
2916
2917
2920
2922
2924
2925
2926
2928
2930
2932
2933
2934
2936
2938
2939
2941
2942
2943
2945
2947
2950
2953
2954
2955
2958
2960
2961
2962
2964
2968
2969
2971
2972
2974
2975
2978
2983
2984
2986
2989
2990
2991
2993
2995
2996
2998
3000
3002
3004
3005
3006
3007
3008
3010
3011
3012
3013
3014
3015
3017
3019
3020
3022
3023
3024
3025
3026
3027
3028
3032
3033
3034
3035
3039
3042
3045
3046
3050
3053
3054
3058
3060
3061
3063
3064
3065
3066
3067
3068
3070
3072
3075
3076
3079
3080
3081
3083
3085
3087
3088
3090
3091
3092
3094
3096
3098
3099
3100
3101
3102
3103
3104
3105
3108
3109
3110
3111
3112
3113
3115
3117
3118
3119
3120
3121
3123
3124
3125
3126
3127
3128
3130
3131
3132
3134
3136
3137
3140
3142
3144
3145
3146
3148
3150
3153
3155
3157
3159
3162
3165
3169
3170
3171
3172
3173
3175
3176
3177
3178
3180
3181
3183
3184
3185
3187
3188
3189
3190
3192
3193
3194
3195
3196
3197
3198
3200
3201
3203
3204
3206
3208
3213
3215
3216
3217
3219
3220
3221
3222
3224
3227
3228
3230
3231
3232
3234
3235
3236
3238
3239
3240
3241
3242
3244
3245
3247
3249
3250
3253
3255
3256
3257
3260
3262
3263
3266
3268
3269
3270
3271
3275
3277
3281
3282
3284
3285
3289
3292
3293
3296
3297
3299
3301
3302
3306
3308
3310
3312
3314
3315
3316
3317
3318
3319
3322
3324
3325
3328
3331
3334
3336
3338
3339
3340
3341
3342
3344
3345
3346
3349
3351
3354
3355
3356
3357
3363
3366
3368
3369
3370
3371
3372
3374
3375
3380
3381
3382
3384
3385
3386
3388
3389
3390
3392
3393
3396
3397
3398
3400
3401
3402
3403
3406
3407
3409
3411
3412
3414
3415
3419
3422
3423
3424
3425
3427
3430
3431
3433
3434
3437
3438
3442
3445
3446
3447
3448
3449
3451
3452
3455
3456
3457
3458
3459
3461
3462
3464
3465
3467
3469
3470
3471
3472
3473
3474
3476
3477
3478
3481
3482
3484
3486
3487
3489
3491
3492
3493
3494
3495
3496
3497
3498
3499
3500
3501
3502
3504
3505
3506
3507
3509
3511
3512
3514
3515
3517
3519
3520
3521
3522
3523
3525
3528
3529
3531
3532
3533
3534
3535
3536
3539
3540
3541
3543
3544
3545
3546
3548
3549
3550
3552
3553
3554
3555
3556
3559
3560
3562
3566
3567
3568
3571
3572
3573
3574
3575
3578
3581
3582
3584
3585
3586
3587
3588
3589
3590
3591
3592
3594
3595
3596
3597
3599
3600
3602
3603
3604
3605
3607
3609
3611
3612
3613
3614
3616
3618
3619
3621
3623
3624
3625
3626
3627
3629
3632
3633
3634
3637
3638
3641
3643
3644
3647
3649
3651
3652
3654
3655
3657
3659
3660
3661
3662
3663
3666
3668
3669
3670
3671
3673
3675
3677
3678
3680
3682
3685
3686
3687
3688
3689
3690
3691
3692
3693
3694
3697
3698
3699
3700
3701
3702
3704
3705
3707
3709
3710
3711
3712
3714
3717
3719
3723
3726
3727
3729
3730
3732
3733
3734
3735
3737
3739
3740
3742
3743
3746
3749
3750
3751
3753
3754
3757
3760
3761
3763
3764
3765
3766
3768
3769
3770
3772
3773
3775
3776
3777
3779
3780
3781
3782
3786
3788
3789
3791
3792
3793
3794
3795
3797
3799
3803
3805
3807
3809
3813
3815
3817
3818
3820
3822
3823
3824
3827
3829
3830
3833
3835
3836
3837
3839
3840
3841
3844
3845
3846
3847
3848
3849
3850
3851
3854
3856
3857
3859
3860
3863
3865
3866
3867
3868
3869
3873
3874
3876
3877
3880
3882
3884
3885
3888
3890
3892
3893
3895
3896
3897
3898
3900
3901
3903
3904
3905
3906
3907
3909
3910
3911
3912
3914
3917
3918
3919
3920
3921
3922
3923
3926
3927
3928
3930
3931
3932
3933
3934
3935
3936
3938
3940
3942
3943
3944
3947
3948
3950
3951
3954
3955
3956
3957
3959
3961
3962
3963
3965
3966
3968
3970
3971
3973
3974
3976
3977
3979
3981
3983
3984
3986
3988
3989
3991
3992
3994
3995
3997
4000
4003
4006
4007
4008
4010
4011
4013
4014
4015
4019
4020
4021
4022
4023
4025
4029
4030
4031
4032
4034
4035
4036
4037
4040
4042
4047
4048
4049
4050
4051
4052
4053
4054
4055
4056
4057
4058
4060
4061
4063
4064
4065
4066
4067
4068
4069
4071
4073
4074
4076
4077
4078
4080
4081
4082
4084
4086
4088
4091
4092
4093
4095
4096
4100
4102
4103
4104
4105
4107
4110
4111
4112
4113
4117
4118
4119
4121
4122
4125
4127
4128
4129
4130
4132
4133
4134
4135
4136
4137
4139
4141
4143
4145
4146
4148
4149
4150
4151
4153
4154
4156
4157
4160
4162
4164
4169
4170
4171
4172
4173
4175
4176
4177
4178
4179
4180
4181
4182
4183
4184
4187
4189
4190
4191
4192
4194
4196
4198
4199
4201
4202
4203
4205
4206
4207
4208
4209
4212
4215
4218
4220
4221
4224
4225
4226
4227
4229
4230
4232
4233
4235
4239
4240
4241
4242
4244
4246
4249
4251
4253
4256
4258
4259
4260
4261
4262
4263
4265
4266
4267
4268
4269
4270
4273
4275
4277
4278
4280
4281
4283
4285
4286
4289
4293
4295
4296
4297
4298
4299
4301
4303
4304
4305
4306
4309
4310
4311
4312
4313
4315
4316
4319
4320
4322
4325
4326
4327
4328
4329
4331
4334
4335
4338
4340
4342
4343
4344
4345
4347
4349
4350
4351
4352
4353
4354
4356
4357
4360
4362
4363
4366
4368
4369
4371
4372
4373
4374
4376
4377
4379
4381
4382
4384
4385
4387
4388
4391
4392
4394
4395
4396
4397
4398
4399
4400
4401
4402
4403
4404
4405
4407
4408
4409
4411
4413
4415
4416
4417
4419
4421
4422
4425
4426
4428
4430
4431
4433
4434
4436
4437
4438
4440
4441
4443
4444
4445
4446
4447
4448
4449
4452
4453
4454
4455
4457
4459
4461
4464
4466
4468
4471
4474
4475
4476
4477
4481
4482
4483
4484
4485
4486
4487
4488
4494
4495
4499
4502
4504
4505
4508
4509
4511
4513
4514
4515
4516
4519
4521
4522
4523
4526
4527
4529
4531
4534
4535
4537
4539
4541
4543
4544
4545
4548
4549
4551
4552
4553
4554
4557
4560
4562
4563
4565
4566
4567
4568
4571
4572
4576
4577
4578
4581
4582
4583
4584
4585
4586
4587
4589
4590
4591
4593
4594
4595
4597
4598
4599
4601
4602
4604
4605
4606
4607
4609
4610
4612
4614
4615
4616
4619
4620
4621
4622
4623
4626
4628
4629
4630
4633
4636
4637
4638
4639
4640
4641
4642
4644
4646
4647
4648
4650
4651
4652
4653
4656
4658
4660
4661
4664
4665
4667
4668
4669
4671
4675
4679
4680
4681
4686
4687
4688
4689
4690
4691
4693
4694
4696
4698
4699
4701
4703
4704
4705
4706
4707
4708
4709
4710
4712
4713
4715
4716
4717
4718
4719
4720
4721
4722
4724
4727
4728
4729
4730
4732
4736
4738
4739
4741
4744
4746
4747
4750
4753
4755
4756
4758
4761
4764
4765
4766
4767
4768
4769
4770
4771
4773
4774
4776
4778
4779
4780
4783
4784
4785
4786
4788
4790
4791
4792
4794
4796
4800
4801
4804
4805
4806
4807
4808
4809
4812
4814
4815
4816
4818
4820
4822
4825
4826
4827
4828
4829
4831
4833
4835
4839
4841
4842
4843
4848
4850
4851
4852
4853
4854
4856
4858
4862
4864
4865
4868
4870
4871
4873
4876
4877
4878
4879
4881
4883
4885
4887
4888
4889
4890
4891
4892
4894
4899
4900
4903
4907
4908
4909
4910
4911
4912
4913
4914
4916
4917
4918
4919
4920
4921
4922
4923
4924
4926
4928
4929
4930
4931
4932
4933
4934
4937
4938
4940
4941
4942
4943
4944
4946
4948
4950
4951
4953
4956
4957
4958
4959
4961
4963
4964
4966
4967
4969
4971
4973
4974
4977
4978
4980
4981
4982
4986
4987
4988
4989
4992
4993
4994
4995
4996
4998
5001
5003
5004
5005
5006
5007
5008
5009
5010
5011
5012
5013
5015
5017
5020
5021
5024
5025
5026
5027
5028
5029
5030
5031
5032
5034
5037
5038
5039
5040
5043
5045
5046
5048
5051
5052
5057
5058
5059
5062
5063
5065
5067
5068
5069
5072
5074
5077
5080
5082
5083
5084
5085
5086
5089
5091
5092
5097
5099
5100
5101
5102
5105
5107
5109
5111
5113
5115
5116
5117
5118
5119
5121
5123
5124
5125
5130
5132
5135
5136
5137
5139
5140
5141
5142
5143
5144
5145
5147
5149
5151
5152
5154
5155
5157
5158
5159
5160
5162
5163
5165
5166
5168
5171
5172
5173
5176
5178
5180
5182
5186
5191
5197
5199
5200
5202
5203
5204
5208
5209
5210
5211
5213
5215
5216
5217
5218
5219
5221
5222
5223
5224
5227
5229
5230
5231
5232
5234
5237
5239
5240
5243
5245
5246
5247
5249
5250
5252
5254
5255
5256
5257
5259
5260
5261
5263
5264
5265
5268
5269
5270
5273
5274
5275
5276
5277
5279
5281
5283
5285
5287
5289
5291
5292
5293
5294
5295
5298
5300
5301
5302
5303
5304
5305
5306
5307
5309
5310
5312
5315
5316
5318
5319
5321
5322
5323
5324
5325
5326
5328
5330
5332
5333
5334
5336
5337
5338
5339
5341
5342
5345
5346
5348
5351
5353
5355
5356
5358
5359
5361
5362
5364
5366
5367
5369
5370
5372
5373
5375
5376
5377
5381
5384
5385
5386
5387
5393
5395
5396
5397
5399
5400
5401
5403
5404
5405
5407
5408
5409
5410
5412
5413
5414
5417
5419
5421
5424
5425
5426
5428
5429
5430
5432
5436
5437
5440
5441
5444
5447
5448
5449
5450
5452
5454
5455
5456
5457
5458
5459
5460
5461
5462
5463
5464
5465
5466
5467
5468
5469
5470
5471
5472
5473
5475
5476
5479
5480
5481
5482
5483
5484
5485
5486
5487
5489
5490
5492
5494
5495
5496
5499
5502
5503
5505
5507
5508
5509
5510
5511
5512
5514
5517
5519
5520
5522
5523
5524
5525
5526
5527
5528
5529
5531
5532
5533
5534
5535
5537
5538
5539
5540
5543
5544
5545
5546
5547
5548
5550
5551
5553
5554
5555
5558
5559
5560
5562
5564
5566
5567
5568
5569
5570
5572
5576
5577
5579
5580
5581
5582
5584
5585
5587
5588
5590
5592
5594
5596
5597
5598
5600
5601
5602
5603
5604
5605
5606
5608
5613
5614
5615
5616
5617
5619
5621
5622
5625
5626
5627
5628
5630
5632
5635
5640
5641
5642
5644
5645
5646
5647
5650
5652
5653
5655
5659
5660
5662
5663
5664
5667
5669
5672
5675
5676
5677
5678
5679
5680
5681
5682
5683
5685
5686
5687
5688
5690
5691
5692
5694
5697
5698
5699
5700
5701
5703
5704
5705
5707
5708
5709
5711
5712
5713
5714
5715
5716
5718
5719
5722
5723
5725
5726
5727
5729
5731
5732
5736
5737
5738
5739
5740
5742
5744
5745
5747
5748
5750
5751
5753
5755
5757
5759
5762
5764
5765
5766
5767
5770
5771
5772
5774
5776
5778
5780
5781
5783
5785
5786
5787
5788
5789
5790
5793
5794
5795
5796
5797
5798
5799
5801
5802
5804
5805
5806
5809
5810
5811
5812
5813
5815
5816
5818
5819
5820
5822
5825
5826
5830
5831
5832
5833
5834
5835
5838
5839
5840
5841
5843
5847
5848
5849
5850
5851
5853
5854
5856
5857
5861
5863
5865
5867
5868
5870
5871
5872
5873
5875
5877
5878
5879
5880
5883
5885
5888
5889
5891
5894
5896
5898
5901
5902
5905
5906
5907
5909
5910
5911
5912
5913
5914
5915
5916
5919
5920
5922
5925
5926
5929
5931
5932
5934
5935
5936
5937
5939
5941
5945
5946
5947
5949
5950
5952
5953
5955
5956
5957
5958
5960
5961
5963
5966
5967
5968
5972
5973
5974
5975
5977
5981
5982
5983
5984
5985
5987
5988
5989
5990
5991
5992
5993
5995
5996
5998
5999
6000
6002
6003
6005
6007
6008
6009
6010
6011
6012
6013
6015
6016
6018
6019
6021
6022
6024
6025
6027
6029
6030
6033
6036
6037
6039
6040
6042
6043
6044
6047
6048
6049
6050
6051
6052
6054
6055
6056
6058
6060
6064
6065
6066
6067
6068
6070
6071
6072
6073
6076
6077
6079
6080
6083
6088
6089
6092
6093
6094
6095
6097
6099
6100
6104
6105
6106
6107
6108
6109
6110
6111
6112
6113
6115
6116
6119
6122
6123
6124
6127
6128
6129
6130
6131
6135
6136
6137
6138
6139
6141
6144
6146
6147
6148
6151
6152
6153
6155
6156
6157
6159
6160
6161
6162
6166
6169
6172
6173
6174
6176
6178
6180
6181
6183
6185
6186
6187
6188
6189
6192
6194
6195
6197
6199
6200
6201
6202
6204
6206
6209
6210
6212
6215
6216
6217
6218
6219
6220
6221
6226
6229
6230
6232
6234
6235
6236
6238
6240
6243
6245
6246
6248
6249
6251
6255
6257
6259
6260
6261
6262
6264
6265
6266
6267
6268
6269
6270
6271
6273
6274
6275
6276
6277
6279
6280
6283
6284
6285
6286
6287
6288
6289
6290
6292
6294
6295
6298
6301
6303
6305
6306
6307
6308
6309
6310
6312
6314
6315
6316
6317
6318
6319
6320
6324
6325
6326
6327
6329
6330
6332
6335
6336
6337
6339
6342
6343
6347
6348
6349
6350
6353
6354
6357
6358
6359
6360
6362
6363
6364
6366
6368
6370
6371
6372
6374
6379
6380
6382
6383
6385
6387
6389
6390
6394
6397
6398
6401
6403
6405
6407
6408
6409
6411
6412
6413
6416
6421
6422
6423
6424
6425
6426
6428
6429
6430
6431
6432
6433
6434
6435
6438
6439
6440
6441
6442
6443
6445
6446
6448
6449
6450
6452
6453
6454
6456
6458
6459
6460
6461
6463
6464
6465
6466
6467
6468
6469
6470
6471
6472
6473
6474
6476
6477
6478
6479
6480
6481
6482
6483
6484
6487
6488
6491
6493
6494
6498
6499
6502
6503
6504
6505
6506
6509
6510
6512
6513
6515
6516
6517
6518
6519
6520
6522
6525
6529
6530
6531
6533
6535
6537
6539
6541
6542
6543
6545
6547
6548
6551
6553
6554
6555
6557
6559
6560
6561
6563
6564
6566
6571
6574
6575
6577
6579
6580
6582
6584
6586
6587
6588
6590
6591
6592
6593
6594
6595
6598
6600
6601
6602
6603
6604
6605
6607
6610
6611
6614
6616
6621
6623
6624
6625
6627
6628
6629
6630
6631
6632
6633
6634
6636
6637
6638
6639
6641
6642
6644
6647
6648
6649
6650
6652
6653
6654
6655
6656
6657
6662
6665
6666
6671
6673
6674
6675
6677
6678
6679
6682
6684
6686
6688
6689
6690
6691
6692
6693
6694
6697
6698
6699
6701
6703
6704
6705
6706
6708
6710
6711
6714
6718
6719
6720
6722
6725
6726
6727
6728
6729
6731
6734
6737
6740
6742
6743
6744
6745
6746
6749
6750
6753
6756
6758
6760
6763
6765
6766
6767
6768
6770
6771
6773
6774
6775
6776
6777
6778
6782
6783
6785
6787
6789
6791
6792
6794
6796
6797
6799
6800
6801
6802
6803
6805
6806
6807
6808
6809
6810
6811
6813
6815
6816
6817
6818
6821
6822
6823
6824
6826
6827
6828
6830
6831
6833
6835
6837
6838
6839
6840
6842
6846
6848
6849
6853
6854
6855
6856
6858
6859
6861
6864
6865
6868
6869
6870
6872
6873
6874
6875
6876
6877
6882
6883
6884
6886
6890
6891
6892
6893
6894
6897
6898
6901
6904
6905
6908
6909
6911
6912
6913
6914
6916
6919
6920
6922
6925
6926
6927
6929
6930
6932
6933
6934
6935
6936
6937
6939
6941
6944
6946
6947
6948
6949
6951
6953
6954
6955
6956
6957
6958
6959
6961
6963
6965
6966
6967
6968
6970
6971
6972
6973
6974
6975
6976
6978
6980
6982
6983
6986
6991
6993
6994
6997
6998
6999
7001
7002
7003
7004
7006
7007
7008
7010
7012
7013
7014
7015
7016
7017
7020
7021
7023
7025
7026
7028
7030
7031
7032
7033
7036
7038
7039
7041
7042
7044
7045
7046
7048
7050
7052
7053
7054
7055
7056
7057
7059
7060
7061
7062
7063
7067
7068
7071
7072
7073
7076
7077
7078
7079
7080
7081
7082
7084
7085
7086
7087
7089
7090
7091
7092
7093
7094
7095
7096
7097
7098
7100
7102
7103
7104
7105
7106
7107
7109
7110
7114
7115
7116
7117
7118
7119
7120
7122
7123
7125
7126
7127
7128
7129
7130
7131
7132
7133
7134
7135
7137
7138
7139
7140
7143
7144
7147
7149
7151
7155
7157
7158
7160
7161
7162
7163
7164
7166
7167
7170
7172
7173
7174
7175
7176
7178
7180
7184
7185
7186
7187
7191
7192
7193
7195
7197
7198
7200
7202
7203
7204
7207
7208
7210
7212
7213
7214
7215
7216
7217
7218
7219
7220
7224
7228
7229
7230
7231
7232
7234
7235
7236
7237
7238
7239
7240
7241
7242
7243
7244
7245
7246
7247
7248
7250
7252
7254
7255
7257
7259
7261
7262
7264
7267
7268
7270
7272
7274
7275
7276
7277
7278
7280
7281
7282
7286
7288
7289
7291
7293
7294
7296
7297
7298
7299
7300
7301
7302
7304
7305
7306
7307
7309
7310
7312
7314
7315
7317
7320
7324
7328
7329
7330
7331
7333
7335
7336
7339
7340
7341
7342
7343
7345
7346
7347
7348
7349
7350
7351
7357
7358
7359
7361
7363
7365
7367
7370
7371
7372
7373
7374
7375
7376
7379
7380
7381
7384
7385
7386
7389
7390
7391
7393
7395
7398
7400
7401
7402
7403
7404
7405
7406
7408
7411
7413
7415
7418
7419
7420
7421
7423
7424
7426
7429
7430
7431
7433
7434
7435
7436
7437
7440
7443
7444
7446
7447
7448
7449
7450
7452
7454
7455
7459
7461
7463
7464
7466
7468
7469
7470
7474
7476
7478
7480
7481
7482
7485
7487
7490
7491
7493
7494
7497
7498
7499
7502
7505
7507
7509
7510
7511
7514
7516
7518
7519
7520
7521
7522
7523
7524
7526
7527
7529
7531
7533
7534
7536
7537
7538
7539
7540
7541
7542
7543
7544
7546
7547
7548
7550
7551
7552
7554
7559
7562
7564
7565
7566
7567
7568
7570
7571
7573
7574
7575
7577
7578
7580
7581
7582
7583
7584
7586
7588
7589
7591
7594
7596
7599
7600
7602
7603
7605
7607
7610
7611
7612
7613
7615
7617
7619
7620
7622
7624
7626
7627
7628
7630
7632
7633
7635
7636
7637
7639
7641
7642
7643
7644
7645
7647
7648
7649
7652
7653
7655
7656
7658
7659
7661
7662
7663
7664
7666
7668
7669
7670
7671
7672
7673
7674
7675
7676
7678
7681
7683
7684
7685
7686
7687
7688
7690
7692
7693
7695
7697
7698
7701
7702
7703
7704
7705
7707
7710
7711
7712
7714
7715
7717
7718
7719
7721
7724
7725
7726
7727
7728
7729
7730
7732
7733
7735
7736
7737
7739
7740
7742
7743
7744
7745
7746
7747
7748
7752
7754
7755
7756
7757
7759
7761
7763
7765
7768
7769
7770
7773
7774
7776
7778
7779
7780
7781
7782
7785
7788
7789
7790
7791
7794
7796
7798
7799
7800
7802
7803
7804
7805
7806
7808
7809
7810
7814
7815
7816
7817
7819
7820
7822
7823
7824
7826
7827
7829
7831
7832
7833
7835
7836
7838
7839
7840
7842
7845
7846
7849
7851
7853
7856
7857
7860
7861
7862
7864
7866
7867
7870
7871
7872
7873
7874
7877
7878
7880
7882
7884
7885
7887
7888
7892
7895
7896
7897
7900
7901
7902
7903
7904
7906
7907
7908
7909
7910
7912
7914
7915
7916
7917
7918
7921
7922
7923
7924
7925
7926
7928
7930
7933
7934
7935
7936
7938
7939
7940
7942
7945
7946
7948
7950
7952
7955
7957
7958
7960
7961
7963
7964
7965
7966
7967
7969
7971
7973
7974
7975
7976
7977
7978
7980
7983
7985
7986
7988
7990
7991
7993
7994
7997
7998
7999
8001
8002
8003
8005
8006
8007
8008
8010
8011
8015
8017
8018
8021
8024
8025
8026
8027
8028
8029
8031
8033
8034
8035
8037
8040
8041
8042
8043
8045
8047
8048
8050
8051
8052
8053
8056
8057
8059
8060
8061
8063
8064
8065
8067
8068
8069
8072
8074
8077
8079
8080
8082
8083
8084
8085
8086
8090
8091
8093
8095
8098
8103
8104
8105
8107
8108
8109
8110
8111
8112
8113
8114
8116
8117
8120
8125
8128
8130
8131
8132
8133
8134
8136
8139
8140
8141
8142
8143
8144
8145
8146
8147
8148
8151
8153
8154
8159
8161
8164
8165
8168
8169
8171
8172
8173
8174
8175
8176
8177
8179
8180
8181
8183
8184
8186
8187
8188
8191
8196
8200
8202
8204
8206
8208
8210
8211
8214
8215
8219
8220
8221
8222
8225
8228
8229
8232
8233
8234
8235
8236
8238
8241
8243
8246
8248
8249
8250
8252
8253
8254
8257
8259
8261
8264
8266
8267
8269
8270
8271
8272
8273
8275
8276
8277
8278
8279
8281
8283
8284
8287
8288
8289
8292
8293
8295
8297
8299
8300
8301
8302
8303
8304
8306
8307
8309
8311
8312
8313
8316
8319
8321
8322
8325
8326
8328
8331
8332
8334
8335
8336
8337
8339
8340
8344
8345
8346
8348
8350
8351
8352
8355
8356
8358
8359
8360
8361
8362
8365
8368
8369
8371
8372
8373
8377
8379
8380
8381
8382
8384
8386
8387
8388
8389
8391
8392
8393
8395
8396
8398
8400
8401
8403
8406
8407
8409
8410
8411
8412
8413
8416
8417
8418
8419
8421
8424
8426
8427
8428
8429
8430
8431
8432
8433
8436
8438
8439
8441
8444
8445
8448
8450
8451
8454
8456
8458
8459
8461
8463
8464
8466
8467
8468
8470
8471
8472
8474
8478
8479
8480
8481
8482
8483
8484
8485
8486
8488
8489
8491
8492
8494
8495
8496
8497
8499
8501
8504
8505
8506
8507
8508
8509
8511
8513
8514
8515
8517
8519
8520
8521
8522
8523
8524
8525
8526
8528
8529
8530
8532
8533
8534
8535
8537
8538
8539
8541
8543
8544
8545
8546
8547
8552
8554
8555
8557
8558
8559
8560
8562
8564
8566
8567
8568
8569
8570
8572
8574
8575
8576
8577
8578
8580
8581
8582
8584
8585
8588
8590
8591
8592
8594
8598
8599
8601
8602
8603
8605
8607
8608
8612
8614
8615
8616
8619
8621
8622
8624
8625
8626
8628
8629
8630
8632
8633
8634
8635
8637
8638
8639
8640
8642
8644
8645
8646
8647
8649
8650
8651
8652
8653
8654
8655
8656
8658
8661
8662
8663
8664
8665
8669
8671
8673
8674
8676
8677
8678
8679
8681
8683
8684
8687
8688
8689
8691
8694
8696
8697
8698
8700
8701
8702
8703
8705
8708
8710
8711
8713
8716
8717
8718
8719
8720
8721
8723
8724
8725
8726
8727
8731
8732
8734
8735
8736
8738
8740
8742
8743
8744
8745
8746
8747
8748
8749
8750
8751
8752
8753
8754
8756
8757
8758
8762
8765
8767
8769
8770
8772
8773
8775
8778
8781
8782
8783
8785
8786
8787
8788
8791
8793
8794
8795
8798
8801
8802
8803
8805
8806
8807
8809
8811
8812
8813
8815
8818
8819
8820
8821
8822
8823
8824
8825
8826
8828
8831
8833
8836
8839
8842
8844
8846
8847
8849
8850
8851
8852
8854
8855
8856
8857
8859
8862
8863
8864
8866
8867
8869
8870
8871
8874
8876
8877
8878
8880
8883
8884
8885
8887
8889
8890
8891
8892
8893
8895
8896
8897
8899
8900
8902
8903
8905
8906
8908
8910
8911
8912
8913
8915
8918
8920
8921
8926
8927
8928
8929
8931
8933
8934
8935
8939
8940
8941
8942
8943
8944
8945
8948
8949
8950
8951
8952
8953
8954
8955
8958
8960
8961
8962
8965
8966
8968
8969
8971
8977
8979
8980
8984
8988
8989
8991
8993
8994
8995
8997
8999
9000
9001
9002
9006
9009
9012
9013
9014
9016
9017
9020
9021
9023
9024
9025
9026
9027
9029
9031
9032
9035
9036
9037
9038
9041
9045
9046
9048
9049
9051
9054
9055
9056
9058
9060
9062
9065
9066
9067
9069
9070
9071
9073
9074
9075
9078
9079
9080
9081
9082
9084
9087
9090
9091
9093
9095
9096
9097
9098
9100
9101
9102
9104
9107
9108
9109
9110
9111
9114
9118
9119
9120
9122
9124
9127
9128
9131
9134
9135
9136
9138
9140
9141
9142
9143
9145
9146
9147
9149
9150
9151
9152
9153
9154
9156
9157
9158
9160
9161
9162
9165
9167
9168
9170
9171
9172
9173
9174
9175
9176
9177
9178
9181
9185
9186
9187
9188
9190
9196
9197
9198
9199
9201
9202
9203
9205
9206
9209
9211
9212
9213
9214
9215
9216
9220
9221
9222
9224
9225
9226
9228
9229
9230
9232
9234
9236
9238
9241
9242
9243
9246
9248
9249
9250
9252
9253
9254
9255
9256
9260
9263
9264
9266
9269
9271
9274
9275
9277
9279
9280
9281
9283
9285
9286
9287
9288
9289
9291
9292
9293
9295
9298
9300
9301
9304
9305
9306
9307
9308
9311
9312
9314
9316
9317
9318
9319
9320
9321
9323
9326
9329
9330
9333
9334
9335
9336
9339
9340
9341
9343
9344
9345
9346
9347
9349
9350
9351
9352
9353
9354
9355
9356
9357
9358
9360
9361
9362
9363
9364
9365
9367
9368
9369
9371
9372
9373
9374
9377
9378
9379
9380
9381
9382
9384
9386
9387
9388
9390
9391
9392
9396
9397
9398
9400
9402
9403
9404
9406
9409
9410
9413
9414
9415
9416
9418
9420
9421
9423
9424
9426
9427
9430
9432
9433
9435
9436
9437
9438
9439
9440
9441
9443
9444
9445
9449
9452
9453
9455
9457
9458
9460
9466
9469
9474
9475
9477
9478
9479
9480
9481
9482
9484
9485
9487
9488
9490
9491
9493
9494
9495
9498
9499
9501
9502
9504
9505
9506
9508
9511
9512
9513
9514
9515
9516
9518
9520
9521
9523
9525
9528
9529
9531
9532
9534
9535
9536
9537
9538
9540
9542
9543
9544
9545
9546
9547
9548
9549
9551
9552
9553
9554
9559
9564
9568
9570
9573
9574
9575
9579
9580
9583
9584
9585
9586
9587
9588
9589
9590
9591
9593
9594
9598
9601
9603
9604
9607
9612
9615
9618
9619
9620
9621
9622
9623
9624
9625
9626
9627
9628
9629
9630
9631
9633
9635
9637
9638
9639
9640
9641
9642
9643
9644
9645
9646
9647
9649
9650
9653
9654
9657
9659
9661
9662
9663
9664
9666
9667
9669
9670
9673
9674
9675
9676
9678
9680
9683
9684
9685
9686
9689
9690
9691
9692
9693
9694
9695
9696
9697
9699
9700
9701
9702
9703
9704
9705
9706
9709
9710
9711
9712
9716
9717
9718
9721
9723
9725
9728
9729
9732
9733
9734
9735
9737
9738
9739
9740
9741
9742
9744
9745
9746
9749
9750
9751
9752
9753
9755
9756
9759
9760
9761
9764
9768
9769
9772
9773
9775
9776
9777
9779
9780
9783
9784
9786
9788
9789
9790
9791
9792
9794
9795
9797
9799
9800
9801
9802
9804
9805
9806
9809
9810
9811
9812
9813
9814
9815
9816
9817
9818
9819
9823
9824
9825
9827
9830
9831
9833
9834
9837
9838
9839
9841
9842
9843
9844
9845
9847
9849
9850
9853
9857
9861
9865
9867
9869
9870
9873
9875
9877
9878
9880
9884
9885
9886
9888
9889
9890
9893
9895
9896
9897
9898
9899
9900
9901
9903
9906
9908
9909
9912
9913
9914
9917
9918
9919
9920
9923
9925
9927
9929
9931
9933
9936
9939
9942
9945
9948
9949
9950
9951
9952
9955
9956
9957
9958
9959
9960
9961
9963
9965
9966
9968
9969
9971
9972
9974
9978
9979
9980
9981
9982
9983
9984
9985
9986
9987
9989
9993
9994
9995
9996
9999
10000
10002
10003
10004
10005
10007
10009
10010
10011
10014
10015
10016
10017
10018
10019
10020
10023
10024
10025
10026
10027
10029
10031
10033
10034
10035
10036
10038
10039
10040
10041
10042
10046
10047
10048
10049
10050
10051
10053
10055
10056
10057
10058
10061
10062
10063
10064
10065
10067
10070
10073
10074
10075
10077
10080
10081
10082
10083
10085
10086
10087
10088
10089
10090
10092
10093
10094
10097
10098
10100
10101
10102
10103
10105
10107
10108
10110
10112
10113
10115
10117
10119
10120
10121
10122
10123
10124
10126
10127
10128
10129
10130
10132
10133
10135
10136
10137
10138
10143
10147
10150
10152
10153
10155
10158
10159
10160
10161
10163
10164
10165
10166
10167
10168
10170
10172
10173
10174
10176
10177
10180
10184
10185
10188
10190
10191
10194
10197
10198
10200
10201
10206
10207
10208
10209
10210
10213
10214
10215
10217
10218
10220
10224
10225
10226
10228
10229
10231
10232
10233
10235
10237
10238
10239
10240
10241
10242
10243
10245
10246
10247
10248
10251
10253
10254
10256
10258
10259
10262
10264
10266
10267
10268
10269
10272
10274
10275
10276
10278
10279
10283
10284
10285
10287
10288
10289
10293
10294
10295
10296
10299
10302
10303
10305
10306
10307
10309
10310
10312
10313
10315
10316
10317
10318
10319
10322
10323
10324
10325
10326
10327
10328
10330
10332
10334
10335
10336
10337
10339
10340
10342
10343
10344
10345
10346
10347
10348
10350
10351
10352
10353
10354
10355
10357
10358
10360
10361
10362
10363
10364
10365
10366
10368
10369
10371
10372
10373
10374
10375
10376
10378
10379
10381
10382
10384
10386
10388
10389
10391
10392
10395
10397
10400
10401
10402
10403
10404
10405
10406
10408
10410
10411
10412
10413
10414
10416
10420
10421
10422
10423
10424
10425
10430
10431
10432
10433
10434
10435
10436
10437
10438
10439
10441
10442
10443
10445
10448
10450
10451
10452
10453
10454
10455
10456
10458
10461
10464
10465
10466
10467
10470
10471
10472
10474
10479
10482
10483
10486
10489
10491
10494
10496
10497
10499
10500
10501
10502
10503
10506
10507
10509
10511
10512
10514
10516
10518
10519
10520
10522
10524
10525
10526
10527
10530
10533
10534
10535
10537
10539
10541
10545
10547
10549
10551
10552
10553
10554
10556
10557
10558
10561
10562
10563
10566
10567
10568
10569
10570
10572
10575
10578
10579
10580
10581
10582
10583
10586
10587
10590
10591
10592
10593
10597
10598
10601
10603
10605
10606
10609
10610
10611
10613
10614
10615
10616
10617
10618
10620
10621
10622
10625
10627
10629
10631
10632
10633
10637
10639
10640
10642
10644
10646
10649
10653
10654
10655
10656
10659
10662
10664
10665
10666
10669
10670
10671
10672
10673
10674
10675
10676
10678
10679
10680
10681
10683
10684
10685
10686
10688
10689
10690
10691
10692
10693
10695
10697
10698
10701
10703
10704
10706
10707
10709
10710
10711
10713
10714
10716
10719
10720
10721
10722
10723
10724
10725
10727
10729
10730
10731
10735
10737
10739
10740
10742
10744
10746
10747
10749
10751
10752
10753
10754
10755
10757
10760
10762
10763
10764
10765
10766
10769
10770
10771
10772
10774
10775
10777
10778
10779
10780
10783
10784
10785
10787
10788
10789
10792
10793
10794
10795
10797
10798
10799
10800
10801
10802
10803
10805
10806
10807
10809
10810
10812
10813
10814
10815
10816
10817
10818
10822
10823
10825
10828
10831
10832
10833
10834
10835
10836
10837
10838
10839
10840
10841
10842
10844
10846
10847
10848
10851
10852
10853
10854
10858
10860
10862
10864
10865
10866
10867
10868
10871
10872
10874
10875
10877
10878
10879
10880
10881
10883
10886
10888
10889
10890
10891
10892
10894
10895
10896
10897
10903
10905
10908
10910
10911
10912
10913
10915
10916
10919
10920
10921
10922
10923
10924
10927
10929
10932
10933
10935
10936
10937
10939
10940
10941
10942
10943
10945
10946
10947
10949
10953
10956
10957
10958
10959
10960
10963
10965
10966
10967
10968
10971
10974
10975
10976
10979
10981
10982
10983
10985
10986
10988
10989
10990
10991
10992
10993
10994
10995
10996
10998
10999
11000
11001
11002
11003
11005
11008
11011
11015
11017
11018
11019
11020
11021
11022
11025
11029
11031
11032
11033
11034
11035
11037
11038
11040
11041
11043
11044
11047
11048
11050
11052
11053
11054
11055
11058
11060
11061
11062
11063
11066
11067
11068
11069
11070
11074
11075
11079
11080
11081
11083
11086
11087
11088
11089
11090
11091
11092
11094
11095
11096
11097
11099
11100
11102
11104
11106
11107
11108
11111
11115
11118
11119
11120
11124
11125
11126
11127
11128
11130
11131
11132
11133
11134
11137
11138
11140
11141
11144
11147
11148
11153
11154
11155
11156
11159
11160
11161
11162
11164
11165
11166
11167
11169
11171
11172
11173
11174
11177
11178
11180
11181
11182
11185
11186
11187
11188
11189
11190
11191
11192
11193
11195
11196
11197
11198
11199
11200
11202
11203
11204
11206
11208
11209
11211
11212
11215
11217
11218
11220
11222
11224
11227
11232
11233
11235
11239
11241
11244
11245
11246
11247
11248
11250
11251
11253
11255
11258
11259
11261
11264
11266
11268
11269
11270
11271
11276
11277
11278
11279
11280
11281
11282
11283
11285
11286
11287
11290
11292
11293
11294
11296
11297
11298
11300
11302
11305
11306
11307
11308
11309
11310
11311
11313
11314
11316
11317
11318
11320
11321
11323
11324
11326
11327
11330
11334
11335
11336
11337
11338
11339
11340
11341
11343
11346
11347
11348
11349
11352
11354
11355
11357
11361
11364
11365
11366
11367
11368
11369
11370
11371
11372
11373
11374
11376
11377
11379
11380
11382
11384
11385
11387
11388
11389
11391
11392
11397
11398
11399
11401
11402
11403
11404
11407
11409
11411
11412
11414
11416
11417
11418
11419
11421
11423
11425
11426
11429
11430
11432
11433
11434
11437
11439
11440
11441
11442
11446
11449
11451
11452
11454
11455
11456
11457
11459
11460
11461
11462
11463
11464
11466
11467
11468
11470
11471
11472
11473
11474
11476
11477
11478
11479
11480
11481
11484
11485
11486
11488
11490
11492
11493
11494
11495
11497
11498
11500
11501
11503
11505
11508
11511
11514
11518
11519
11520
11521
11523
11525
11526
11527
11528
11529
11530
11531
11532
11535
11536
11538
11539
11542
11543
11544
11545
11547
11549
11550
11551
11553
11555
11560
11562
11564
11565
11568
11570
11572
11574
11576
11577
11580
11583
11585
11586
11587
11588
11589
11590
11593
11594
11596
11597
11598
11599
11600
11602
11603
11605
11606
11608
11610
11613
11614
11615
11616
11619
11620
11621
11622
11626
11627
11629
11630
11631
11632
11636
11637
11639
11641
11643
11644
11645
11647
11650
11651
11654
11656
11657
11658
11659
11660
11661
11662
11663
11664
11666
11669
11672
11675
11677
11680
11685
11687
11689
11691
11693
11696
11697
11699
11700
11701
11704
11705
11707
11708
11711
11712
11713
11716
11717
11718
11721
11722
11723
11724
11726
11727
11730
11734
11735
11738
11739
11742
11744
11746
11747
11750
11753
11754
11755
11756
11758
11759
11760
11762
11764
11765
11767
11768
11769
11771
11773
11774
11775
11777
11778
11779
11780
11781
11782
11785
11786
11787
11789
11791
11792
11793
11795
11797
11800
11803
11804
11806
11807
11808
11809
11810
11813
11814
11815
11820
11821
11822
11823
11824
11826
11827
11828
11829
11831
11832
11833
11834
11835
11836
11837
11839
11840
11841
11844
11845
11848
11849
11850
11852
11857
11859
11861
11863
11865
11869
11870
11871
11872
11873
11875
11877
11878
11880
11881
11882
11884
11885
11887
11888
11892
11894
11897
11898
11899
11900
11901
11902
11903
11905
11906
11907
11909
11911
11916
11917
11919
11920
11921
11923
11926
11928
11929
11930
11931
11933
11934
11936
11938
11939
11940
11943
11944
11945
11947
11948
11949
11951
11954
11956
11957
11961
11962
11963
11964
11965
11970
11971
11972
11973
11974
11975
11976
11977
11978
11979
11980
11982
11984
11985
11987
11990
11991
11992
11994
11996
12001
12002
12005
12007
12008
12009
12010
12011
12013
12014
12015
12017
12018
12019
12020
12021
12024
12025
12027
12028
12029
12030
12032
12033
12034
12035
12036
12037
12038
12040
12041
12042
12043
12044
12045
12046
12050
12051
12052
12053
12054
12055
12056
12058
12061
12063
12064
12065
12066
12067
12068
12069
12072
12073
12075
12078
12079
12080
12081
12083
12085
12088
12091
12092
12093
12095
12097
12098
12099
12100
12101
12103
12105
12107
12108
12109
12110
12112
12113
12116
12117
12120
12121
12122
12125
12127
12128
12129
12130
12131
12132
12134
12135
12137
12138
12139
12140
12141
12142
12144
12145
12146
12147
12150
12151
12152
12154
12155
12156
12158
12160
12162
12163
12164
12167
12169
12170
12171
12175
12176
12177
12179
12180
12181
12183
12184
12185
12187
12189
12191
12196
12197
12198
12200
12201
12203
12204
12207
12208
12210
12211
12212
12214
12216
12217
12219
12220
12221
12223
12224
12227
12228
12229
12232
12233
12234
12236
12239
12240
12241
12243
12244
12245
12246
12249
12250
12251
12252
12256
12257
12258
12261
12263
12265
12266
12267
12269
12270
12271
12272
12276
12277
12278
12279
12282
12283
12286
12287
12289
12291
12292
12293
12294
12295
12296
12297
12299
12301
12303
12305
12306
12308
12309
12312
12313
12315
12316
12318
12319
12320
12321
12322
12323
12325
12326
12328
12329
12330
12331
12332
12334
12335
12337
12339
12340
12342
12344
12345
12347
12349
12350
12352
12353
12355
12356
12358
12361
12362
12363
12364
12366
12369
12370
12371
12372
12373
12374
12375
12376
12378
12379
12380
12381
12382
12383
12384
12385
12386
12387
12388
12390
12391
12392
12393
12394
12395
12396
12397
12399
12401
12403
12404
12405
12407
12408
12409
12410
12411
12412
12413
12415
12416
12419
12420
12422
12423
12425
12427
12428
12429
12430
12432
12434
12436
12438
12442
12444
12445
12447
12448
12449
12451
12455
12456
12457
12459
12460
12461
12464
12465
12466
12467
12468
12470
12472
12473
12474
12475
12476
12477
12478
12479
12480
12481
12482
12483
12484
12485
12486
12487
12490
12492
12493
12496
12498
12499
12500
12501
12504
12505
12506
12511
12513
12514
12515
12516
12517
12518
12519
12520
12523
12524
12525
12526
12527
12528
12532
12533
12534
12535
12537
12538
12539
12541
12543
12544
12546
12548
12550
12551
12553
12554
12555
12558
12559
12560
12561
12562
12564
12565
12567
12569
12573
12574
12575
12580
12581
12583
12585
12587
12588
12589
12590
12591
12592
12593
12594
12596
12598
12600
12601
12602
12603
12604
12606
12607
12611
12614
12615
12616
12617
12618
12619
12620
12621
12622
12623
12624
12626
12627
12628
12630
12632
12634
12636
12637
12639
12641
12642
12644
12646
12649
12650
12651
12653
12656
12657
12658
12659
12660
12661
12663
12666
12667
12668
12670
12674
12675
12676
12677
12680
12681
12682
12684
12685
12686
12689
12690
12692
12693
12694
12695
12696
12698
12699
12702
12703
12704
12705
12706
12709
12711
12712
12714
12716
12719
12720
12721
12722
12725
12726
12727
12728
12729
12730
12732
12734
12736
12737
12738
12739
12741
12743
12744
12745
12747
12748
12749
12750
12751
12752
12753
12754
12755
12756
12758
12761
12762
12764
12765
12766
12768
12770
12771
12772
12773
12777
12779
12781
12782
12783
12784
12785
12787
12788
12789
12790
12792
12793
12794
12795
12797
12798
12800
12802
12803
12805
12806
12807
12808
12810
12812
12814
12816
12817
12820
12821
12823
12825
12826
12828
12829
12831
12832
12834
12835
12836
12837
12839
12841
12843
12844
12846
12847
12848
12851
12852
12853
12855
12857
12858
12861
12863
12864
12865
12866
12867
12868
12869
12870
12871
12872
12873
12874
12876
12878
12879
12880
12881
12883
12884
12886
12888
12889
12890
12892
12895
12896
12898
12900
12901
12902
12904
12905
12906
12909
12913
12916
12918
12919
12920
12921
12922
12923
12925
12926
12927
12928
12930
12932
12934
12935
12937
12940
12942
12943
12944
12945
12946
12947
12948
12952
12956
12958
12959
12960
12961
12962
12963
12964
12967
12968
12970
12972
12974
12975
12976
12978
12979
12981
12983
12985
12986
12987
12990
12992
12994
12995
12996
12998
13000
13001
13002
13003
13005
13007
13010
13012
13013
13016
13017
13018
13019
13020
13021
13022
13023
13024
13026
13028
13030
13032
13034
13035
13037
13038
13039
13040
13042
13043
13044
13045
13046
13047
13048
13049
13050
13051
13052
13054
13057
13059
13060
13064
13066
13069
13073
13074
13075
13076
13078
13079
13081
13084
13085
13086
13088
13089
13091
13094
13096
13097
13100
13101
13104
13105
13106
13108
13110
13111
13113
13118
13119
13120
13122
13124
13126
13129
13131
13135
13140
13142
13143
13144
13146
13147
13148
13149
13152
13153
13154
13155
13157
13158
13159
13160
13161
13163
13166
13167
13168
13170
13171
13172
13173
13175
13177
13179
13180
13182
13183
13184
13185
13190
13192
13193
13194
13196
13197
13199
13200
13201
13205
13206
13210
13211
13212
13214
13215
13217
13220
13222
13224
13225
13226
13228
13233
13236
13239
13240
13242
13244
13247
13248
13250
13252
13253
13256
13257
13258
13259
13260
13262
13263
13266
13267
13270
13271
13272
13273
13275
13277
13278
13279
13280
13281
13282
13283
13286
13289
13291
13294
13295
13296
13298
13299
13300
13301
13302
13303
13304
13305
13307
13308
13309
13310
13311
13312
13314
13316
13317
13318
13319
13321
13322
13324
13325
13326
13328
13329
13333
13334
13335
13336
13338
13339
13340
13341
13342
13343
13344
13345
13347
13349
13350
13352
13353
13354
13355
13357
13358
13359
13362
13364
13366
13367
13372
13373
13374
13375
13376
13378
13380
13382
13384
13385
13386
13387
13389
13390
13391
13393
13395
13396
13397
13398
13400
13401
13402
13408
13411
13414
13416
13417
13418
13419
13421
13423
13425
13427
13430
13432
13433
13434
13435
13436
13437
13439
13440
13442
13444
13445
13446
13447
13448
13449
13452
13453
13454
13455
13457
13460
13461
13462
13463
13465
13467
13468
13470
13471
13473
13474
13475
13476
13477
13479
13480
13481
13483
13487
13490
13491
13492
13497
13500
13502
13503
13504
13505
13506
13508
13509
13510
13512
13513
13515
13517
13519
13521
13522
13525
13526
13527
13528
13529
13531
13534
13536
13538
13539
13540
13541
13542
13545
13546
13548
13549
13550
13552
13553
13554
13555
13556
13558
13560
13562
13563
13564
13567
13570
13571
13572
13573
13574
13575
13577
13578
13579
13581
13582
13584
13586
13588
13590
13591
13592
13594
13595
13596
13598
13600
13602
13604
13606
13607
13608
13610
13612
13613
13614
13615
13616
13618
13620
13621
13623
13624
13625
13626
13629
13632
13633
13636
13638
13640
13642
13643
13644
13645
13646
13648
13649
13651
13653
13658
13659
13661
13665
13667
13668
13671
13672
13673
13676
13680
13681
13683
13685
13687
13688
13690
13691
13692
13693
13694
13696
13697
13698
13700
13701
13702
13708
13709
13710
13712
13714
13716
13718
13719
13720
13722
13724
13728
13729
13730
13733
13736
13738
13740
13741
13742
13743
13745
13747
13750
13753
13754
13757
13759
13762
13764
13765
13767
13769
13774
13775
13776
13777
13778
13779
13781
13782
13783
13784
13785
13786
13788
13790
13791
13792
13793
13794
13795
13796
13797
13798
13799
13800
13801
13804
13807
13809
13810
13812
13813
13815
13816
13821
13823
13824
13826
13828
13829
13831
13832
13833
13834
13837
13838
13840
13842
13843
13846
13847
13848
13849
13851
13853
13855
13856
13859
13860
13862
13863
13865
13868
13870
13871
13872
13873
13875
13878
13879
13881
13882
13883
13884
13886
13887
13889
13893
13895
13897
13900
13901
13902
13904
13907
13909
13910
13911
13914
13915
13916
13918
13919
13921
13923
13924
13926
13928
13929
13930
13931
13932
13936
13937
13938
13940
13942
13943
13946
13949
13950
13951
13954
13955
13956
13957
13958
13959
13961
13962
13964
13966
13967
13968
13969
13970
13972
13974
13976
13977
13978
13979
13980
13982
13983
13985
13986
13989
13990
13992
13993
13994
13995
13996
13997
14000
14002
14003
14004
14005
14007
14008
14010
14014
14016
14019
14021
14023
14027
14030
14031
14033
14035
14036
14037
14040
14042
14044
14045
14046
14047
14048
14049
14050
14052
14055
14056
14057
14058
14059
14060
14061
14063
14065
14066
14067
14068
14071
14073
14074
14076
14079
14080
14083
14089
14090
14091
14092
14094
14096
14097
14098
14099
14100
14101
14102
14103
14106
14107
14108
14110
14111
14113
14114
14116
14117
14118
14119
14120
14121
14123
14125
14126
14127
14129
14131
14133
14135
14137
14138
14140
14142
14144
14146
14147
14149
14150
14151
14152
14153
14154
14157
14159
14160
14161
14162
14163
14164
14168
14169
14171
14172
14173
14175
14177
14178
14180
14182
14184
14187
14189
14190
14191
14192
14194
14197
14198
14199
14200
14202
14203
14204
14205
14206
14207
14209
14210
14212
14213
14214
14215
14216
14217
14218
14220
14223
14226
14227
14229
14230
14232
14234
14236
14237
14239
14240
14242
14243
14245
14246
14247
14249
14250
14252
14253
14254
14255
14257
14259
14260
14261
14263
14264
14267
14269
14270
14271
14272
14273
14276
14278
14279
14280
14282
14283
14284
14286
14290
14294
14295
14297
14298
14300
14302
14304
14306
14307
14309
14310
14314
14316
14318
14319
14320
14322
14324
14326
14327
14331
14332
14334
14336
14338
14339
14340
14342
14344
14346
14348
14349
14350
14352
14353
14356
14357
14358
14359
14360
14361
14363
14366
14369
14370
14372
14373
14374
14375
14377
14380
14383
14384
14385
14387
14391
14392
14394
14395
14397
14398
14399
14400
14401
14403
14404
14405
14406
14407
14409
14411
14412
14414
14415
14416
14420
14423
14424
14426
14427
14428
14429
14430
14433
14434
14435
14436
14437
14438
14440
14441
14446
14447
14448
14450
14451
14453
14454
14456
14457
14459
14461
14463
14464
14467
14469
14471
14473
14474
14476
14477
14478
14479
14482
14483
14484
14485
14487
14490
14491
14492
14493
14495
14496
14503
14504
14505
14506
14507
14509
14511
14515
14518
14521
14523
14524
14525
14526
14528
14529
14532
14533
14534
14535
14537
14538
14539
14540
14541
14542
14543
14544
14545
14547
14548
14549
14550
14551
14553
14554
14555
14557
14559
14561
14563
14566
14567
14568
14569
14570
14572
14573
14575
14579
14581
14583
14585
14587
14588
14589
14591
14592
14593
14594
14598
14599
14600
14602
14603
14604
14605
14606
14610
14613
14615
14616
14617
14618
14620
14621
14622
14623
14624
14628
14629
14630
14631
14632
14634
14636
14637
14638
14639
14640
14643
14645
14647
14648
14649
14650
14651
14654
14655
14656
14658
14659
14660
14661
14662
14664
14666
14668
14670
14672
14673
14677
14680
14681
14682
14684
14685
14686
14687
14689
14690
14691
14692
14693
14695
14697
14700
14701
14703
14705
14707
14708
14709
14710
14714
14715
14716
14717
14718
14719
14721
14722
14724
14726
14728
14730
14732
14733
14734
14736
14739
14740
14743
14744
14747
14751
14753
14754
14757
14759
14760
14761
14762
14764
14765
14767
14769
14771
14772
14774
14778
14779
14780
14781
14783
14784
14787
14788
14790
14791
14792
14793
14794
14796
14799
14801
14804
14805
14806
14808
14810
14812
14814
14815
14818
14819
14820
14822
14823
14824
14827
14829
14832
14833
14835
14837
14838
14841
14844
14846
14848
14849
14851
14852
14853
14856
14857
14858
14860
14863
14864
14865
14866
14868
14870
14872
14874
14875
14876
14877
14881
14883
14884
14886
14887
14888
14889
14890
14891
14892
14893
14895
14897
14898
14900
14902
14903
14906
14907
14908
14910
14911
14912
14913
14914
14915
14916
14917
14918
14920
14923
14925
14927
14931
14932
14934
14936
14937
14938
14941
14943
14946
14948
14949
14951
14952
14953
14957
14959
14961
14963
14964
14965
14966
14967
14968
14970
14971
14972
14973
14974
14977
14978
14979
14980
14981
14982
14986
14988
14989
14990
14992
14995
14996
14997
14998
14999
15001
15003
15004
15005
15006
15008
15009
15010
15011
15012
15013
15015
15016
15018
15019
15020
15022
15023
15025
15028
15029
15030
15032
15035
15037
15039
15041
15042
15044
15046
15047
15049
15053
15056
15059
15062
15064
15066
15067
15068
15069
15070
15071
15074
15075
15077
15080
15081
15082
15083
15084
15085
15086
15087
15088
15092
15094
15096
15098
15099
15101
15102
15103
15104
15105
15106
15107
15109
15110
15111
15112
15113
15114
15116
15118
15119
15121
15122
15123
15124
15125
15126
15131
15133
15134
15135
15137
15138
15139
15140
15141
15142
15145
15146
15147
15150
15151
15152
15154
15155
15156
15157
15159
15160
15162
15163
15165
15166
15167
15168
15171
15172
15174
15176
15177
15178
15179
15181
15183
15184
15185
15187
15188
15189
15191
15193
15196
15197
15200
15203
15204
15206
15207
15208
15211
15212
15213
15215
15217
15218
15219
15220
15223
15226
15227
15228
15229
15230
15233
15234
15236
15239
15240
15241
15242
15244
15245
15247
15248
15249
15252
15255
15256
15257
15258
15259
15261
15262
15263
15264
15265
15266
15268
15270
15271
15274
15275
15277
15279
15281
15282
15283
15285
15287
15288
15290
15291
15292
15293
15294
15295
15296
15300
15301
15303
15305
15306
15308
15311
15312
15313
15314
15315
15316
15317
15319
15320
15321
15322
15323
15324
15325
15327
15328
15329
15332
15333
15334
15336
15337
15339
15340
15341
15344
15346
15347
15350
15352
15354
15358
15360
15362
15364
15366
15368
15369
15370
15371
15372
15373
15375
15377
15378
15379
15380
15381
15384
15386
15387
15388
15392
15393
15395
15397
15399
15401
15402
15403
15405
15410
15411
15412
15413
15414
15417
15418
15419
15421
15422
15423
15424
15425
15426
15427
15431
15432
15433
15434
15436
15438
15439
15442
15445
15446
15448
15449
15451
15452
15453
15454
15455
15456
15457
15459
15460
15462
15464
15465
15466
15468
15471
15472
15476
15477
15478
15480
15483
15484
15485
15486
15488
15489
15491
15493
15495
15497
15498
15501
15502
15503
15504
15505
15506
15507
15508
15509
15510
15515
15516
15517
15518
15520
15522
15524
15526
15528
15530
15531
15533
15535
15537
15538
15539
15540
15541
15545
15546
15547
15548
15549
15552
15553
15554
15555
15556
15557
15560
15561
15562
15563
15565
15566
15567
15568
15569
15570
15573
15576
15577
15578
15579
15583
15585
15586
15589
15590
15592
15595
15596
15598
15600
15601
15603
15605
15608
15609
15610
15611
15612
15613
15614
15615
15616
15617
15618
15619
15620
15621
15622
15623
15625
15627
15631
15632
15634
15636
15637
15638
15643
15645
15647
15648
15649
15650
15651
15653
15655
15656
15657
15658
15660
15661
15663
15665
15667
15671
15672
15676
15677
15678
15679
15681
15682
15685
15686
15687
15689
15691
15692
15693
15694
15696
15697
15699
15702
15703
15704
15705
15706
15707
15709
15711
15712
15713
15714
15715
15716
15717
15718
15719
15720
15721
15722
15723
15726
15727
15728
15729
15731
15732
15734
15735
15736
15740
15741
15742
15743
15745
15746
15748
15750
15753
15755
15756
15758
15763
15764
15765
15767
15769
15771
15772
15773
15774
15776
15779
15780
15781
15782
15783
15784
15785
15786
15790
15791
15792
15795
15797
15799
15800
15801
15802
15803
15804
15805
15806
15807
15808
15810
15812
15813
15815
15818
15820
15824
15825
15826
15828
15829
15832
15834
15837
15839
15840
15842
15844
15846
15847
15848
15849
15851
15854
15855
15856
15858
15861
15862
15864
15866
15868
15869
15870
15871
15872
15875
15878
15881
15883
15884
15885
15886
15887
15889
15891
15893
15894
15896
15897
15898
15899
15900
15901
15902
15903
15906
15907
15910
15912
15913
15914
15915
15918
15919
15921
15923
15924
15925
15927
15928
15929
15930
15932
15933
15936
15937
15938
15940
15942
15943
15944
15945
15947
15948
15950
15951
15952
15953
15954
15955
15956
15959
15960
15961
15962
15963
15964
15965
15967
15968
15970
15972
15973
15974
15975
15976
15977
15978
15980
15981
15985
15986
15987
15990
15991
15992
15993
15994
15995
15997
15998
16000
16001
16002
16003
16004
16005
16006
16010
16011
16012
16013
16015
16016
16019
16021
16023
16024
16026
16027
16028
16030
16032
16033
16034
16036
16038
16039
16041
16043
16044
16046
16049
16050
16051
16054
16055
16056
16057
16059
16060
16061
16064
16066
16067
16069
16070
16071
16074
16075
16076
16077
16079
16081
16084
16085
16089
16092
16093
16095
16096
16098
16102
16107
16108
16109
16111
16112
16113
16115
16117
16118
16119
16121
16122
16125
16126
16127
16129
16131
16133
16134
16135
16136
16137
16138
16139
16141
16146
16147
16148
16149
16150
16151
16152
16153
16154
16155
16156
16159
16160
16162
16164
16165
16167
16170
16172
16173
16175
16177
16178
16180
16181
16182
16184
16186
16188
16191
16192
16195
16196
16197
16200
16201
16202
16203
16206
16207
16208
16210
16212
16213
16216
16218
16219
16221
16223
16224
16226
16227
16229
16230
16234
16238
16239
16240
16242
16243
16244
16246
16247
16249
16251
16254
16256
16257
16258
16259
16260
16261
16262
16263
16264
16266
16267
16268
16271
16272
16273
16274
16276
16279
16282
16284
16285
16288
16289
16290
16291
16293
16294
16296
16297
16299
16301
16302
16303
16304
16306
16307
16309
16310
16312
16313
16314
16316
16318
16320
16321
16323
16324
16325
16326
16327
16329
16331
16332
16334
16335
16337
16342
16343
16344
16345
16347
16348
16351
16352
16354
16355
16356
16357
16359
16362
16363
16364
16365
16369
16370
16371
16372
16373
16374
16375
16376
16379
16381
16383
16386
16387
16388
16392
16393
16394
16395
16396
16397
16398
16399
16400
16401
16402
16403
16404
16406
16407
16409
16412
16414
16415
16416
16417
16419
16420
16422
16424
16425
16427
16431
16433
16434
16435
16436
16437
16440
16441
16442
16444
16445
16448
16450
16451
16452
16453
16454
16456
16458
16459
16460
16461
16464
16465
16466
16468
16469
16471
16472
16474
16475
16477
16478
16479
16480
16481
16486
16488
16489
16491
16492
16493
16494
16495
16496
16497
16498
16499
16501
16503
16507
16510
16512
16513
16519
16521
16522
16523
16524
16525
16526
16527
16529
16532
16533
16534
16535
16536
16537
16539
16541
16544
16546
16547
16548
16549
16552
16554
16556
16557
16558
16559
16560
16561
16564
16567
16568
16569
16571
16572
16573
16574
16576
16577
16578
16582
16583
16584
16585
16586
16587
16588
16589
16591
16594
16596
16598
16599
16600
16603
16604
16606
16607
16608
16611
16613
16614
16617
16618
16620
16621
16622
16624
16626
16628
16630
16631
16632
16634
16635
16637
16638
16639
16640
16642
16645
16646
16649
16650
16651
16653
16656
16657
16658
16659
16660
16662
16663
16664
16665
16666
16667
16668
16670
16671
16672
16673
16674
16675
16676
16677
16679
16680
16681
16683
16684
16687
16688
16689
16690
16691
16692
16694
16695
16696
16697
16698
16699
16700
16701
16702
16704
16705
16707
16708
16709
16710
16712
16713
16714
16716
16718
16721
16723
16726
16729
16730
16731
16732
16733
16734
16737
16739
16742
16743
16745
16747
16749
16750
16751
16754
16755
16757
16758
16759
16762
16763
16764
16765
16766
16767
16768
16769
16771
16772
16775
16776
16778
16779
16780
16781
16782
16785
16786
16789
16793
16795
16796
16797
16798
16802
16803
16805
16806
16810
16811
16812
16814
16817
16818
16821
16824
16827
16829
16831
16833
16834
16835
16836
16837
16839
16844
16846
16847
16849
16850
16853
16854
16857
16860
16861
16864
16865
16866
16867
16868
16869
16870
16872
16874
16876
16877
16878
16879
16881
16882
16884
16886
16887
16888
16889
16891
16893
16894
16895
16896
16897
16898
16900
16903
16904
16906
16907
16910
16911
16912
16916
16918
16919
16921
16922
16923
16926
16927
16929
16931
16932
16933
16934
16935
16936
16938
16940
16945
16946
16948
16949
16952
16958
16960
16961
16962
16964
16965
16966
16968
16970
16972
16973
16974
16976
16978
16979
16981
16982
16984
16985
16987
16988
16993
16994
16997
16998
17000
17001
17004
17005
17006
17007
17008
17009
17010
17011
17012
17013
17014
17015
17016
17020
17021
17022
17023
17024
17027
17029
17030
17033
17035
17037
17039
17040
17041
17042
17043
17045
17046
17047
17048
17049
17051
17053
17055
17057
17059
17060
17062
17065
17067
17071
17072
17074
17076
17079
17080
17082
17083
17084
17087
17090
17091
17092
17094
17096
17098
17099
17100
17103
17106
17107
17108
17109
17111
17114
17115
17116
17118
17119
17120
17121
17122
17123
17125
17127
17131
17135
17137
17138
17139
17141
17143
17144
17145
17148
17149
17150
17151
17155
17156
17157
17158
17159
17161
17164
17165
17166
17169
17170
17171
17172
17173
17174
17175
17176
17178
17180
17182
17185
17187
17189
17192
17193
17195
17196
17199
17201
17205
17208
17210
17211
17214
17215
17219
17221
17223
17224
17225
17227
17230
17232
17235
17237
17238
17241
17242
17243
17244
17245
17246
17247
17248
17251
17253
17254
17257
17258
17260
17261
17262
17263
17264
17265
17269
17271
17273
17274
17275
17276
17279
17280
17282
17283
17285
17287
17288
17292
17294
17296
17297
17298
17300
17302
17303
17304
17305
17307
17309
17310
17312
17313
17315
17318
17322
17323
17327
17328
17331
17333
17334
17336
17337
17338
17339
17340
17342
17343
17344
17345
17347
17348
17349
17352
17353
17354
17357
17359
17360
17361
17363
17364
17365
17367
17369
17370
17371
17372
17373
17374
17375
17377
17378
17379
17382
17384
17385
17386
17388
17393
17397
17400
17401
17402
17403
17405
17407
17411
17412
17414
17415
17416
17417
17418
17421
17422
17423
17424
17425
17427
17428
17430
17433
17434
17435
17436
17437
17438
17439
17441
17442
17443
17445
17447
17449
17451
17452
17453
17454
17456
17457
17458
17459
17461
17462
17464
17465
17466
17467
17468
17470
17471
17473
17478
17479
17480
17482
17483
17484
17485
17488
17489
17491
17492
17495
17497
17499
17501
17502
17504
17505
17507
17510
17511
17513
17518
17519
17521
17522
17523
17525
17527
17529
17534
17536
17538
17539
17540
17541
17542
17544
17545
17549
17550
17552
17553
17554
17557
17558
17559
17560
17561
17562
17563
17564
17566
17567
17569
17570
17572
17575
17576
17577
17578
17580
17581
17582
17583
17584
17586
17587
17588
17589
17591
17592
17593
17595
17597
17598
17600
17601
17602
17604
17605
17606
17607
17608
17609
17611
17613
17614
17615
17616
17617
17619
17620
17622
17625
17626
17627
17628
17629
17630
17631
17632
17634
17635
17636
17637
17638
17639
17640
17641
17642
17643
17644
17646
17647
17654
17655
17657
17658
17659
17660
17662
17663
17664
17665
17666
17668
17672
17673
17675
17676
17678
17679
17682
17684
17685
17687
17688
17689
17690
17692
17693
17694
17696
17697
17698
17699
17702
17703
17704
17705
17706
17707
17708
17709
17710
17711
17712
17715
17717
17720
17722
17724
17727
17728
17729
17730
17732
17735
17736
17737
17738
17739
17740
17741
17742
17743
17744
17745
17748
17751
17753
17756
17757
17759
17761
17763
17765
17767
17768
17770
17775
17777
17778
17779
17780
17781
17782
17783
17786
17787
17788
17789
17791
17794
17795
17796
17797
17799
17801
17804
17807
17808
17810
17811
17812
17813
17816
17818
17819
17820
17822
17825
17826
17827
17829
17830
17831
17832
17834
17835
17837
17838
17839
17840
17841
17843
17844
17845
17846
17848
17851
17853
17854
17857
17858
17859
17861
17862
17863
17866
17868
17869
17870
17871
17873
17877
17881
17882
17883
17885
17888
17891
17892
17893
17895
17896
17898
17899
17901
17903
17906
17908
17909
17912
17914
17916
17918
17919
17920
17921
17923
17926
17927
17928
17931
17932
17933
17934
17935
17937
17938
17939
17940
17941
17944
17946
17947
17948
17950
17953
17955
17957
17959
17960
17961
17962
17965
17968
17970
17972
17973
17974
17975
17977
17979
17980
17982
17983
17985
17987
17988
17989
17991
17992
17995
17997
17998
18001
18002
18003
18004
18005
18006
18007
18008
18009
18010
18011
18012
18013
18014
18015
18017
18018
18019
18021
18022
18023
18027
18028
18030
18031
18032
18033
18034
18036
18037
18038
18039
18040
18041
18042
18043
18045
18046
18048
18049
18050
18051
18053
18054
18057
18058
18059
18060
18062
18064
18065
18066
18067
18070
18071
18072
18073
18074
18077
18078
18079
18081
18082
18083
18086
18087
18088
18089
18090
18092
18093
18094
18095
18096
18099
18100
18102
18105
18106
18107
18109
18110
18111
18114
18115
18116
18117
18119
18120
18122
18123
18124
18125
18126
18127
18129
18130
18131
18132
18135
18136
18137
18138
18139
18142
18143
18144
18145
18148
18150
18152
18153
18154
18155
18158
18159
18160
18161
18162
18163
18164
18166
18167
18169
18170
18172
18174
18178
18180
18181
18183
18184
18186
18187
18188
18189
18192
18194
18196
18198
18199
18204
18205
18206
18209
18210
18211
18213
18214
18215
18216
18217
18222
18224
18225
18226
18227
18229
18230
18232
18235
18237
18240
18242
18243
18244
18245
18246
18247
18248
18250
18251
18253
18254
18256
18257
18258
18260
18263
18264
18265
18266
18270
18271
18273
18274
18275
18276
18279
18280
18281
18283
18284
18285
18287
18291
18295
18299
18300
18302
18305
18307
18308
18309
18312
18313
18319
18320
18321
18322
18324
18325
18326
18328
18330
18331
18333
18334
18335
18336
18339
18340
18342
18343
18344
18345
18347
18349
18350
18352
18353
18356
18357
18358
18359
18362
18363
18364
18365
18367
18369
18370
18373
18375
18376
18378
18379
18380
18382
18383
18384
18385
18386
18387
18389
18390
18391
18392
18393
18395
18397
18398
18402
18404
18405
18406
18407
18411
18412
18414
18417
18419
18420
18421
18423
18424
18425
18426
18428
18429
18430
18431
18433
18436
18438
18440
18442
18444
18445
18446
18448
18449
18450
18452
18454
18456
18457
18458
18462
18465
18466
18468
18470
18471
18472
18475
18476
18478
18481
18482
18484
18486
18490
18492
18493
18494
18495
18498
18499
18500
18501
18502
18505
18508
18509
18511
18515
18516
18518
18519
18521
18522
18525
18526
18528
18531
18532
18533
18534
18536
18537
18539
18540
18542
18544
18545
18546
18547
18548
18549
18550
18552
18553
18557
18561
18562
18563
18565
18566
18567
18568
18570
18571
18572
18575
18576
18578
18581
18584
18585
18586
18588
18589
18591
18593
18594
18595
18596
18597
18598
18600
18601
18602
18603
18605
18606
18607
18608
18609
18610
18612
18614
18615
18617
18618
18619
18622
18625
18626
18627
18629
18631
18633
18634
18635
18636
18637
18638
18639
18640
18641
18644
18646
18647
18650
18651
18652
18653
18654
18655
18656
18659
18660
18661
18662
18663
18665
18666
18669
18671
18673
18676
18677
18679
18681
18682
18686
18687
18688
18689
18690
18692
18693
18694
18696
18698
18701
18702
18703
18704
18705
18707
18709
18711
18712
18713
18715
18716
18717
18718
18719
18722
18723
18724
18725
18727
18729
18731
18733
18736
18737
18738
18741
18742
18745
18746
18748
18749
18751
18753
18757
18759
18761
18762
18763
18766
18769
18770
18773
18774
18775
18776
18778
18779
18781
18782
18783
18784
18786
18788
18789
18790
18791
18792
18793
18794
18796
18797
18799
18802
18805
18806
18807
18810
18812
18815
18816
18817
18820
18821
18822
18824
18827
18828
18831
18834
18836
18837
18838
18840
18842
18844
18845
18847
18848
18850
18852
18854
18855
18857
18858
18859
18860
18861
18862
18863
18864
18867
18870
18872
18873
18874
18875
18878
18879
18880
18882
18886
18889
18892
18893
18894
18895
18898
18899
18900
18902
18905
18907
18908
18909
18910
18912
18914
18915
18918
18920
18922
18925
18926
18929
18930
18933
18934
18935
18936
18937
18941
18943
18944
18945
18948
18950
18952
18953
18954
18956
18957
18958
18960
18961
18962
18963
18965
18967
18968
18969
18972
18973
18975
18976
18977
18978
18979
18982
18983
18984
18985
18986
18988
18989
18992
18993
18994
18995
18996
18997
18999
19001
19002
19004
19007
19008
19010
19012
19014
19015
19016
19017
19019
19020
19021
19022
19025
19027
19029
19030
19034
19035
19036
19037
19040
19041
19042
19043
19045
19046
19048
19049
19050
19051
19052
19053
19054
19055
19057
19058
19060
19063
19064
19065
19066
19067
19068
19070
19074
19076
19077
19080
19081
19083
19084
19087
19092
19093
19095
19098
19099
19100
19102
19103
19107
19110
19112
19114
19116
19118
19119
19121
19122
19123
19125
19126
19128
19129
19130
19131
19135
19136
19137
19138
19139
19140
19141
19144
19145
19146
19147
19148
19150
19151
19153
19154
19155
19156
19158
19159
19160
19161
19162
19163
19165
19166
19170
19171
19172
19173
19174
19176
19177
19179
19181
19182
19183
19187
19188
19189
19191
19192
19193
19196
19197
19201
19202
19203
19205
19206
19207
19210
19211
19212
19213
19214
19217
19219
19220
19221
19222
19224
19227
19228
19229
19230
19231
19233
19234
19235
19236
19237
19239
19240
19242
19245
19246
19247
19248
19252
19254
19255
19256
19258
19259
19260
19264
19267
19268
19269
19270
19271
19272
19273
19274
19275
19277
19278
19279
19280
19281
19282
19283
19284
19286
19287
19291
19293
19294
19295
19296
19297
19298
19299
19302
19304
19305
19306
19307
19309
19310
19313
19315
19316
19318
19319
19320
19321
19323
19325
19328
19329
19330
19331
19332
19334
19335
19336
19337
19338
19339
19341
19342
19344
19346
19347
19349
19350
19351
19352
19354
19356
19358
19359
19361
19362
19363
19364
19365
19366
19367
19368
19369
19370
19372
19373
19375
19377
19378
19379
19382
19385
19388
19389
19390
19391
19392
19393
19394
19395
19397
19398
19400
19401
19405
19406
19408
19409
19410
19411
19412
19414
19417
19419
19421
19422
19424
19428
19430
19431
19432
19434
19435
19436
19438
19440
19442
19444
19445
19447
19450
19451
19453
19454
19455
19457
19459
19461
19462
19463
19465
19467
19468
19471
19472
19473
19475
19477
19478
19479
19481
19482
19484
19485
19486
19488
19489
19492
19493
19494
19496
19498
19499
19500
19501
19502
19504
19505
19508
19509
19512
19516
19517
19519
19520
19521
19522
19523
19525
19526
19527
19528
19531
19532
19534
19535
19537
19538
19539
19542
19544
19545
19546
19547
19550
19551
19552
19554
19555
19556
19557
19558
19560
19561
19563
19565
19566
19567
19569
19570
19571
19573
19574
19578
19579
19580
19586
19588
19589
19593
19594
19596
19597
19598
19600
19601
19604
19605
19606
19607
19608
19609
19610
19612
19613
19614
19615
19617
19618
19624
19626
19627
19629
19630
19632
19633
19634
19635
19636
19637
19638
19640
19646
19650
19651
19653
19655
19656
19657
19658
19659
19660
19661
19663
19664
19666
19667
19668
19669
19670
19671
19672
19673
19675
19677
19680
19681
19684
19685
19688
19692
19693
19695
19696
19698
19699
19701
19704
19707
19708
19710
19712
19713
19714
19715
19716
19717
19718
19719
19720
19721
19722
19724
19725
19728
19730
19731
19733
19735
19737
19738
19741
19742
19743
19745
19748
19749
19750
19751
19754
19755
19756
19757
19760
19761
19765
19766
19768
19772
19773
19774
19775
19776
19777
19778
19779
19781
19782
19784
19785
19786
19788
19789
19791
19792
19794
19795
19796
19797
19799
19801
19802
19803
19804
19805
19806
19808
19809
19810
19811
19812
19813
19814
19818
19822
19823
19824
19825
19827
19829
19831
19833
19834
19835
19837
19838
19839
19840
19841
19842
19843
19846
19847
19848
19849
19850
19851
19852
19854
19856
19857
19858
19860
19862
19866
19867
19868
19869
19871
19872
19873
19874
19875
19876
19879
19880
19881
19882
19883
19884
19887
19889
19890
19891
19893
19894
19895
19898
19899
19900
19901
19902
19907
19908
19910
19912
19913
19914
19915
19916
19918
19919
19921
19922
19924
19926
19927
19928
19931
19933
19934
19935
19936
19938
19942
19943
19944
19945
19947
19948
19949
19950
19953
19954
19955
19956
19958
19960
19961
19962
19963
19965
19967
19970
19974
19975
19976
19980
19981
19982
19983
19985
19986
19989
19990
19991
19995
19996
19998
20000
20002
20003
20004
20007
20009
20012
20013
20014
20015
20018
20019
20020
20022
20023
20026
20027
20028
20029
20030
20031
20033
20034
20035
20036
20037
20038
20041
20042
20044
20045
20046
20047
20048
20051
20052
20055
20056
20057
20059
20060
20061
20062
20063
20064
20065
20066
20068
20069
20071
20072
20073
20075
20076
20078
20081
20083
20084
20086
20087
20088
20089
20092
20094
20096
20097
20099
20101
20102
20103
20105
20106
20108
20110
20113
20114
20116
20117
20118
20119
20120
20121
20124
20126
20127
20130
20131
20132
20133
20135
20137
20138
20139
20141
20142
20143
20148
20151
20153
20154
20155
20156
20157
20159
20161
20166
20167
20168
20170
20172
20173
20174
20176
20178
20179
20180
20181
20186
20188
20189
20190
20191
20192
20194
20195
20196
20197
20199
20200
20202
20204
20205
20206
20207
20208
20211
20213
20214
20215
20216
20219
20221
20222
20223
20225
20226
20227
20229
20230
20231
20234
20235
20237
20241
20242
20245
20247
20250
20251
20252
20254
20255
20257
20258
20261
20262
20265
20266
20267
20271
20273
20274
20276
20277
20278
20280
20285
20286
20287
20288
20291
20293
20294
20295
20297
20298
20299
20302
20303
20304
20306
20308
20309
20310
20312
20314
20316
20318
20319
20320
20321
20322
20323
20326
20328
20329
20331
20333
20335
20337
20338
20341
20342
20344
20347
20348
20352
20355
20357
20358
20359
20361
20362
20363
20364
20365
20366
20367
20370
20372
20375
20376
20377
20379
20381
20384
20386
20387
20390
20391
20392
20394
20395
20396
20398
20400
20401
20403
20404
20405
20407
20408
20411
20413
20417
20419
20420
20421
20424
20425
20427
20430
20431
20432
20434
20435
20436
20438
20439
20440
20442
20443
20445
20446
20447
20451
20453
20454
20457
20458
20460
20461
20462
20463
20464
20465
20466
20467
20468
20470
20474
20478
20480
20481
20482
20483
20486
20488
20490
20492
20493
20495
20496
20498
20500
20501
20502
20503
20505
20507
20512
20515
20517
20518
20519
20520
20521
20522
20528
20530
20531
20532
20534
20535
20536
20537
20538
20539
20540
20542
20543
20544
20545
20547
20548
20550
20551
20552
20553
20555
20557
20558
20563
20564
20565
20567
20569
20570
20571
20572
20574
20576
20577
20578
20579
20580
20582
20583
20584
20585
20586
20587
20588
20589
20592
20593
20594
20596
20598
20599
20600
20601
20604
20607
20610
20611
20612
20613
20615
20617
20619
20621
20622
20623
20625
20626
20627
20631
20632
20633
20634
20636
20638
20639
20640
20641
20642
20643
20644
20646
20647
20648
20649
20650
20651
20652
20654
20656
20657
20660
20661
20662
20663
20664
20665
20667
20669
20670
20671
20672
20673
20675
20676
20678
20679
20680
20681
20682
20683
20684
20685
20688
20690
20691
20692
20694
20696
20697
20698
20701
20702
20703
20704
20705
20706
20707
20708
20709
20710
20712
20714
20717
20719
20720
20722
20726
20727
20729
20730
20731
20733
20734
20736
20738
20740
20743
20744
20747
20749
20751
20752
20755
20756
20757
20759
20761
20762
20764
20767
20768
20769
20771
20772
20774
20775
20777
20781
20783
20784
20785
20786
20789
20791
20795
20796
20797
20798
20799
20801
20805
20808
20809
20810
20811
20812
20813
20814
20816
20817
20818
20821
20822
20823
20824
20826
20827
20831
20832
20833
20835
20839
20840
20841
20842
20843
20844
20845
20847
20848
20850
20852
20854
20856
20857
20859
20860
20861
20863
20865
20866
20867
20869
20871
20874
20875
20876
20877
20878
20879
20881
20884
20885
20886
20887
20888
20891
20893
20894
20895
20897
20898
20899
20901
20904
20905
20907
20909
20910
20912
20914
20915
20916
20920
20922
20923
20925
20927
20929
20930
20931
20933
20934
20935
20937
20939
20942
20943
20944
20946
20947
20949
20951
20952
20954
20955
20956
20957
20958
20959
20961
20962
20963
20965
20967
20969
20970
20973
20974
20978
20979
20980
20981
20983
20985
20986
20987
20989
20991
20992
20993
20994
20996
20997
20998
21000
21001
21003
21004
21005
21007
21008
21009
21011
21012
21013
21014
21015
21016
21018
21021
21023
21027
21030
21031
21032
21037
21038
21039
21040
21042
21043
21044
21045
21047
21048
21049
21050
21051
21053
21054
21057
21058
21059
21060
21063
21064
21065
21066
21068
21071
21072
21073
21077
21078
21079
21080
21082
21083
21084
21086
21088
21089
21090
21091
21092
21093
21094
21095
21097
21098
21099
21101
21102
21103
21104
21107
21108
21109
21110
21111
21112
21115
21116
21117
21119
21122
21125
21126
21127
21128
21130
21131
21133
21134
21135
21136
21137
21139
21141
21144
21145
21146
21150
21156
21157
21159
21160
21161
21163
21166
21168
21170
21171
21173
21175
21176
21177
21178
21180
21181
21182
21184
21185
21188
21189
21190
21192
21196
21198
21199
21201
21202
21203
21204
21206
21207
21208
21209
21211
21212
21213
21215
21216
21217
21218
21219
21220
21221
21223
21225
21226
21227
21229
21230
21231
21232
21233
21235
21236
21237
21238
21240
21241
21243
21245
21246
21248
21250
21251
21253
21258
21259
21261
21262
21263
21264
21266
21267
21270
21271
21273
21274
21275
21276
21280
21281
21282
21283
21285
21286
21287
21289
21290
21291
21292
21293
21294
21295
21297
21298
21302
21304
21305
21306
21308
21310
21311
21312
21316
21318
21319
21320
21321
21322
21323
21324
21326
21329
21330
21332
21333
21334
21335
21336
21338
21339
21340
21342
21343
21344
21345
21346
21347
21350
21352
21355
21356
21358
21362
21364
21365
21366
21368
21370
21372
21373
21375
21379
21382
21383
21384
21385
21386
21387
21388
21389
21390
21392
21395
21397
21398
21399
21400
21401
21402
21404
21406
21408
21410
21411
21412
21413
21414
21415
21416
21419
21420
21422
21424
21426
21427
21429
21430
21432
21433
21434
21436
21437
21439
21441
21443
21447
21450
21451
21453
21455
21456
21458
21459
21460
21463
21465
21467
21469
21470
21471
21474
21476
21479
21481
21482
21483
21484
21485
21486
21487
21488
21491
21494
21495
21498
21500
21501
21502
21503
21504
21506
21507
21508
21510
21511
21513
21514
21515
21516
21519
21520
21521
21523
21529
21531
21533
21534
21535
21536
21539
21542
21545
21546
21548
21549
21552
21553
21554
21556
21557
21559
21560
21561
21563
21564
21565
21566
21567
21569
21570
21571
21573
21575
21577
21579
21581
21583
21585
21587
21588
21590
21591
21594
21596
21599
21600
21603
21605
21607
21609
21610
21612
21613
21614
21616
21618
21619
21621
21623
21624
21625
21626
21627
21628
21629
21630
21633
21637
21639
21640
21642
21643
21645
21647
21648
21650
21652
21653
21655
21656
21658
21659
21661
21662
21664
21666
21668
21670
21671
21672
21673
21675
21676
21677
21678
21681
21683
21684
21686
21687
21689
21690
21691
21692
21693
21696
21698
21699
21703
21704
21710
21712
21713
21714
21715
21716
21719
21723
21725
21726
21728
21732
21735
21737
21738
21739
21746
21749
21751
21753
21755
21757
21758
21760
21761
21762
21763
21764
21765
21766
21767
21770
21771
21772
21773
21774
21776
21778
21780
21782
21784
21786
21788
21789
21790
21791
21792
21793
21794
21796
21797
21798
21800
21801
21802
21803
21804
21805
21806
21807
21808
21810
21811
21812
21813
21816
21817
21820
21821
21823
21824
21826
21827
21830
21831
21835
21836
21838
21839
21840
21843
21846
21847
21849
21850
21851
21852
21854
21858
21859
21860
21861
21863
21864
21865
21868
21869
21870
21872
21873
21874
21876
21880
21881
21882
21883
21885
21888
21890
21891
21892
21893
21894
21895
21898
21899
21901
21902
21905
21906
21907
21908
21909
21910
21912
21914
21916
21918
21919
21920
21923
21924
21926
21927
21928
21930
21931
21933
21934
21936
21940
21941
21942
21944
21945
21950
21952
21953
21954
21956
21957
21958
21960
21961
21964
21969
21971
21972
21975
21976
21977
21978
21980
21981
21982
21985
21988
21989
21990
21992
21994
21995
21997
21998
21999
22002
22006
22007
22008
22009
22010
22012
22015
22018
22021
22024
22027
22029
22030
22031
22033
22035
22036
22039
22040
22043
22045
22046
22048
22049
22051
22052
22053
22056
22057
22058
22060
22061
22065
22066
22069
22070
22072
22074
22075
22076
22079
22080
22082
22083
22084
22086
22087
22089
22091
22094
22095
22096
22098
22099
22101
22104
22105
22106
22108
22109
22112
22113
22115
22116
22117
22118
22120
22123
22124
22125
22126
22128
22129
22130
22134
22135
22137
22138
22139
22141
22143
22146
22147
22148
22149
22150
22152
22155
22157
22161
22162
22163
22165
22167
22169
22170
22171
22175
22176
22177
22178
22179
22184
22186
22188
22189
22190
22191
22193
22195
22198
22199
22200
22201
22202
22203
22204
22205
22207
22209
22212
22213
22214
22215
22218
22220
22222
22223
22225
22229
22232
22233
22234
22236
22238
22240
22242
22243
22244
22245
22246
22249
22252
22253
22256
22257
22258
22259
22261
22262
22263
22264
22265
22266
22267
22271
22272
22273
22274
22278
22279
22280
22283
22285
22287
22289
22290
22291
22294
22295
22296
22297
22298
22300
22301
22303
22304
22305
22307
22309
22310
22313
22315
22317
22318
22320
22321
22322
22324
22325
22326
22328
22331
22333
22334
22335
22336
22337
22339
22341
22342
22343
22344
22345
22346
22348
22351
22352
22355
22357
22358
22359
22360
22361
22362
22363
22364
22365
22366
22367
22369
22370
22371
22374
22375
22377
22378
22379
22380
22381
22383
22385
22387
22390
22391
22393
22394
22395
22397
22400
22402
22405
22406
22407
22408
22409
22411
22412
22416
22419
22421
22422
22425
22428
22429
22430
22431
22433
22434
22437
22438
22440
22441
22442
22443
22445
22447
22448
22450
22451
22452
22455
22456
22458
22459
22460
22461
22462
22463
22464
22466
22469
22470
22471
22472
22473
22474
22476
22478
22479
22481
22484
22486
22488
22489
22490
22491
22494
22495
22498
22499
22501
22502
22504
22506
22507
22508
22509
22511
22513
22514
22516
22517
22518
22519
22522
22524
22527
22529
22532
22533
22534
22535
22537
22538
22540
22541
22542
22544
22546
22547
22549
22551
22554
22556
22557
22558
22559
22561
22562
22565
22566
22567
22568
22569
22570
22571
22572
22573
22574
22576
22577
22578
22579
22580
22581
22584
22585
22586
22587
22589
22591
22594
22595
22597
22599
22601
22603
22604
22605
22609
22610
22611
22612
22615
22617
22618
22619
22621
22624
22626
22630
22631
22632
22633
22635
22636
22637
22638
22640
22641
22643
22644
22645
22647
22649
22650
22651
22652
22653
22654
22656
22657
22660
22662
22663
22664
22665
22667
22669
22671
22674
22677
22678
22679
22680
22681
22682
22684
22685
22686
22687
22688
22689
22690
22693
22695
22696
22699
22702
22703
22704
22705
22706
22708
22709
22712
22713
22718
22719
22720
22721
22723
22724
22725
22728
22732
22733
22736
22737
22738
22739
22740
22742
22744
22745
22749
22750
22755
22756
22757
22758
22759
22763
22765
22767
22768
22770
22771
22772
22773
22774
22775
22776
22777
22780
22781
22782
22783
22786
22789
22793
22794
22797
22799
22801
22805
22807
22809
22810
22811
22814
22817
22820
22821
22824
22826
22828
22830
22833
22834
22837
22838
22839
22840
22842
22844
22845
22846
22847
22849
22850
22852
22855
22857
22863
22864
22868
22870
22871
22874
22875
22876
22877
22880
22881
22883
22884
22885
22886
22887
22890
22892
22893
22895
22896
22897
22900
22901
22902
22903
22904
22905
22906
22908
22909
22910
22911
22912
22913
22915
22916
22918
22922
22923
22924
22925
22926
22927
22928
22929
22931
22932
22933
22934
22935
22938
22939
22940
22944
22945
22947
22950
22951
22953
22955
22956
22957
22958
22959
22961
22962
22964
22966
22967
22968
22970
22972
22974
22975
22976
22977
22978
22979
22980
22981
22982
22984
22985
22987
22989
22990
22993
22994
22995
22996
22997
22998
22999
23001
23003
23006
23007
23010
23011
23013
23015
23016
23017
23018
23019
23021
23022
23023
23026
23027
23029
23031
23032
23034
23035
23038
23039
23041
23043
23044
23046
23047
23049
23050
23051
23053
23056
23058
23063
23065
23066
23067
23068
23070
23071
23073
23075
23077
23078
23079
23080
23081
23082
23083
23084
23086
23087
23088
23090
23091
23092
23096
23098
23099
23100
23101
23102
23104
23106
23107
23109
23110
23111
23113
23114
23116
23117
23119
23120
23121
23123
23126
23127
23129
23130
23131
23132
23133
23135
23136
23138
23139
23142
23143
23144
23145
23147
23149
23151
23152
23153
23154
23157
23160
23161
23163
23164
23168
23169
23170
23172
23173
23175
23177
23178
23179
23180
23182
23185
23186
23187
23188
23191
23193
23197
23199
23200
23201
23202
23204
23205
23206
23208
23210
23212
23214
23215
23218
23219
23221
23222
23225
23226
23227
23228
23231
23234
23236
23237
23239
23241
23242
23245
23246
23247
23248
23250
23251
23252
23254
23255
23257
23260
23262
23265
23267
23268
23270
23272
23275
23276
23280
23281
23282
23283
23284
23285
23286
23287
23290
23292
23293
23294
23295
23297
23299
23300
23301
23302
23303
23304
23305
23306
23307
23308
23310
23311
23313
23314
23315
23316
23318
23319
23320
23322
23323
23324
23326
23327
23328
23330
23331
23332
23333
23337
23339
23340
23342
23345
23346
23347
23349
23350
23353
23356
23357
23358
23360
23362
23363
23364
23365
23366
23370
23372
23373
23375
23377
23380
23384
23386
23387
23389
23391
23393
23394
23395
23396
23398
23402
23403
23404
23407
23409
23410
23411
23413
23415
23416
23417
23418
23419
23421
23422
23423
23427
23428
23429
23432
23435
23436
23438
23439
23441
23443
23445
23447
23448
23449
23450
23451
23453
23454
23455
23456
23457
23458
23461
23462
23463
23464
23466
23468
23469
23470
23472
23473
23474
23475
23476
23477
23478
23479
23480
23482
23484
23485
23488
23489
23491
23493
23495
23496
23497
23499
23501
23503
23505
23507
23509
23510
23511
23512
23515
23516
23517
23519
23521
23523
23524
23526
23528
23529
23531
23532
23536
23537
23539
23540
23542
23543
23545
23547
23548
23549
23550
23552
23554
23555
23556
23557
23558
23561
23562
23563
23565
23566
23568
23570
23572
23573
23574
23575
23576
23577
23580
23581
23582
23585
23586
23588
23589
23590
23591
23592
23594
23596
23599
23600
23603
23604
23605
23606
23607
23608
23609
23610
23611
23613
23615
23617
23619
23620
23621
23622
23623
23624
23627
23628
23629
23631
23633
23634
23636
23638
23639
23640
23643
23644
23645
23647
23648
23649
23650
23651
23654
23655
23656
23657
23659
23661
23664
23666
23667
23668
23669
23671
23672
23674
23678
23679
23680
23681
23683
23684
23685
23687
23688
23689
23690
23691
23693
23694
23695
23697
23698
23702
23703
23705
23708
23709
23710
23712
23713
23714
23715
23716
23718
23719
23720
23722
23723
23724
23726
23727
23728
23729
23730
23731
23733
23734
23735
23736
23738
23739
23742
23743
23744
23745
23746
23747
23749
23751
23753
23754
23755
23757
23758
23759
23760
23761
23762
23763
23765
23766
23767
23768
23775
23777
23778
23779
23780
23781
23783
23784
23787
23789
23791
23792
23793
23794
23795
23797
23798
23799
23806
23807
23808
23810
23811
23814
23815
23817
23818
23819
23821
23822
23823
23824
23825
23826
23828
23829
23831
23832
23833
23835
23838
23840
23842
23843
23844
23845
23846
23849
23851
23853
23854
23856
23857
23858
23859
23860
23862
23864
23865
23866
23867
23869
23870
23873
23874
23875
23877
23878
23879
23881
23882
23883
23884
23886
23889
23891
23893
23894
23895
23897
23898
23899
23900
23903
23904
23905
23906
23907
23908
23909
23910
23911
23914
23915
23916
23917
23918
23919
23921
23924
23926
23927
23928
23929
23930
23931
23933
23934
23935
23936
23937
23942
23943
23945
23946
23948
23951
23953
23956
23958
23960
23963
23964
23965
23967
23970
23971
23975
23976
23977
23978
23979
23980
23982
23983
23986
23987
23989
23991
23992
23995
23997
23998
24000
24002
24003
24006
24007
24008
24010
24011
24013
24014
24015
24016
24017
24018
24019
24021
24022
24024
24026
24027
24028
24029
24030
24032
24035
24036
24040
24043
24045
24048
24049
24050
24052
24055
24057
24060
24062
24063
24064
24067
24068
24069
24070
24071
24072
24074
24075
24076
24078
24080
24081
24082
24084
24086
24088
24089
24090
24091
24093
24094
24095
24097
24098
24099
24100
24102
24103
24104
24106
24107
24108
24109
24111
24112
24114
24115
24116
24117
24118
24121
24123
24124
24126
24127
24131
24132
24134
24135
24138
24139
24141
24142
24143
24145
24147
24150
24151
24152
24154
24155
24158
24160
24162
24163
24167
24168
24169
24170
24171
24172
24174
24179
24180
24181
24182
24183
24184
24185
24186
24187
24188
24189
24190
24191
24192
24194
24195
24198
24199
24200
24201
24202
24204
24206
24209
24210
24212
24216
24218
24219
24221
24222
24223
24225
24226
24228
24229
24231
24232
24233
24234
24235
24238
24239
24242
24243
24244
24245
24246
24247
24249
24251
24252
24253
24254
24255
24260
24265
24267
24268
24271
24274
24276
24277
24280
24281
24283
24284
24285
24287
24288
24289
24291
24293
24294
24296
24297
24298
24300
24302
24303
24305
24306
24308
24309
24310
24311
24312
24313
24314
24316
24317
24318
24319
24320
24321
24322
24323
24324
24327
24330
24331
24332
24335
24336
24340
24341
24342
24343
24344
24345
24346
24347
24348
24349
24350
24351
24353
24354
24358
24359
24360
24363
24366
24367
24370
24372
24374
24375
24377
24378
24379
24381
24382
24383
24385
24387
24389
24391
24395
24396
24397
24399
24400
24403
24408
24409
24410
24412
24413
24414
24418
24421
24423
24426
24427
24428
24430
24432
24434
24435
24436
24438
24439
24440
24441
24442
24443
24444
24448
24450
24451
24452
24453
24455
24457
24460
24463
24466
24467
24468
24469
24471
24472
24473
24475
24478
24479
24481
24484
24486
24487
24489
24491
24493
24495
24496
24497
24498
24499
24500
24501
24502
24503
24504
24505
24509
24510
24511
24512
24513
24515
24518
24520
24521
24522
24524
24525
24526
24527
24528
24530
24531
24534
24535
24536
24537
24539
24541
24543
24544
24546
24547
24548
24549
24550
24551
24553
24554
24557
24558
24560
24563
24565
24567
24568
24571
24572
24573
24575
24576
24577
24578
24579
24582
24583
24586
24588
24589
24590
24591
24592
24593
24595
24596
24597
24598
24599
24601
24603
24604
24605
24606
24608
24612
24613
24614
24618
24620
24621
24622
24623
24625
24626
24627
24629
24631
24632
24633
24634
24635
24637
24638
24639
24641
24643
24644
24645
24649
24651
24653
24656
24657
24658
24661
24662
24663
24664
24665
24666
24667
24668
24671
24673
24674
24676
24678
24679
24680
24681
24682
24683
24688
24690
24693
24694
24695
24696
24697
24698
24699
24702
24703
24705
24707
24708
24711
24713
24714
24715
24716
24718
24720
24722
24724
24725
24726
24727
24728
24730
24731
24732
24733
24734
24735
24736
24737
24739
24740
24742
24744
24745
24746
24747
24750
24751
24753
24754
24758
24760
24761
24764
24765
24766
24767
24768
24770
24771
24772
24773
24775
24776
24777
24779
24781
24782
24783
24786
24787
24788
24789
24790
24791
24795
24798
24800
24802
24805
24806
24807
24808
24809
24813
24816
24817
24820
24823
24824
24826
24828
24830
24832
24833
24835
24836
24838
24841
24842
24843
24844
24847
24848
24849
24851
24852
24853
24854
24857
24858
24859
24861
24862
24864
24865
24866
24867
24868
24870
24871
24874
24875
24877
24880
24882
24883
24884
24885
24887
24889
24890
24891
24892
24895
24896
24899
24901
24903
24907
24909
24910
24911
24912
24913
24914
24915
24917
24919
24921
24923
24924
24925
24926
24927
24928
24929
24930
24933
24934
24937
24939
24940
24942
24943
24946
24948
24950
24951
24953
24954
24955
24956
24957
24958
24961
24962
24963
24964
24965
24968
24971
24973
24976
24978
24979
24981
24983
24985
24987
24988
24990
24992
24993
24994
24995
24997
24998
24999
25000
25001
25003
25004
25005
25007
25008
25009
25010
25012
25013
25014
25015
25016
25018
25020
25021
25023
25025
25027
25028
25030
25032
25034
25035
25036
25037
25038
25039
25040
25042
25043
25045
25047
25049
25052
25054
25056
25057
25060
25061
25062
25064
25065
25066
25067
25068
25069
25070
25071
25072
25075
25076
25077
25078
25079
25082
25083
25085
25086
25088
25089
25090
25091
25092
25093
25094
25096
25097
25098
25101
25105
25106
25107
25110
25111
25112
25114
25115
25118
25120
25121
25123
25124
25125
25126
25127
25129
25130
25132
25134
25135
25137
25139
25142
25143
25144
25145
25147
25149
25151
25153
25154
25155
25156
25158
25159
25160
25161
25163
25165
25167
25169
25170
25171
25172
25173
25174
25178
25179
25181
25183
25185
25186
25187
25190
25193
25195
25196
25197
25199
25200
25202
25203
25204
25206
25210
25212
25216
25217
25218
25219
25223
25224
25225
25226
25227
25228
25229
25230
25231
25232
25233
25236
25238
25239
25241
25243
25244
25246
25247
25248
25251
25252
25253
25254
25255
25256
25257
25258
25259
25261
25262
25264
25265
25266
25268
25269
25271
25272
25273
25275
25276
25277
25278
25281
25283
25284
25288
25289
25291
25292
25293
25295
25296
25297
25298
25299
25300
25301
25302
25303
25305
25307
25309
25310
25311
25313
25314
25315
25317
25320
25322
25323
25324
25325
25326
25329
25330
25331
25332
25333
25334
25335
25336
25337
25338
25339
25341
25344
25345
25346
25348
25351
25352
25353
25354
25355
25357
25358
25361
25362
25363
25364
25365
25366
25367
25369
25372
25373
25374
25375
25376
25377
25378
25381
25383
25385
25386
25388
25390
25392
25394
25397
25400
25401
25402
25403
25405
25408
25409
25410
25411
25413
25414
25417
25419
25421
25422
25425
25427
25429
25430
25432
25433
25436
25437
25439
25440
25441
25442
25443
25445
25447
25448
25449
25451
25456
25461
25463
25464
25467
25470
25471
25473
25475
25476
25477
25479
25483
25485
25486
25487
25489
25490
25491
25492
25493
25494
25495
25496
25498
25499
25500
25503
25504
25505
25506
25507
25508
25509
25510
25511
25512
25513
25514
25515
25521
25522
25525
25527
25529
25530
25531
25533
25535
25536
25537
25540
25543
25544
25548
25551
25552
25554
25555
25556
25559
25562
25563
25566
25567
25568
25569
25570
25571
25574
25575
25576
25578
25580
25581
25582
25584
25585
25587
25589
25590
25591
25592
25593
25595
25596
25599
25600
25601
25603
25604
25605
25606
25607
25609
25610
25611
25613
25616
25618
25619
25621
25622
25626
25628
25629
25631
25632
25633
25634
25637
25638
25640
25641
25643
25644
25645
25647
25648
25651
25652
25654
25656
25660
25661
25662
25663
25664
25666
25670
25671
25674
25676
25678
25680
25681
25682
25684
25685
25686
25689
25692
25693
25694
25697
25699
25704
25705
25707
25708
25710
25712
25713
25714
25715
25716
25717
25718
25719
25720
25721
25722
25723
25725
25726
25727
25728
25729
25732
25733
25735
25736
25738
25739
25741
25742
25744
25745
25746
25750
25752
25753
25754
25755
25758
25759
25761
25764
25766
25767
25768
25770
25772
25774
25776
25778
25780
25782
25786
25788
25789
25790
25792
25793
25795
25796
25797
25801
25802
25803
25806
25809
25810
25812
25813
25819
25820
25821
25825
25826
25827
25828
25829
25830
25831
25832
25833
25836
25838
25842
25843
25844
25846
25850
25851
25852
25853
25854
25855
25857
25858
25862
25865
25866
25867
25869
25871
25873
25875
25876
25877
25879
25880
25882
25884
25885
25886
25888
25889
25893
25895
25897
25900
25904
25905
25908
25909
25910
25911
25912
25914
25915
25916
25917
25919
25921
25924
25929
25930
25932
25936
25937
25938
25939
25940
25941
25942
25943
25944
25945
25947
25949
25950
25952
25953
25956
25958
25960
25962
25963
25964
25966
25968
25970
25972
25973
25975
25976
25977
25978
25979
25980
25981
25985
25987
25989
25990
25993
25994
25995
25997
26000
26004
26007
26008
26009
26010
26011
26014
26017
26019
26020
26021
26023
26025
26026
26027
26028
26030
26031
26033
26034
26036
26037
26038
26039
26042
26044
26045
26046
26048
26050
26051
26054
26055
26057
26059
26060
26064
26065
26066
26067
26068
26069
26070
26071
26072
26073
26075
26077
26080
26082
26083
26084
26086
26088
26090
26091
26092
26093
26094
26095
26098
26101
26102
26103
26104
26105
26107
26109
26110
26112
26116
26118
26119
26120
26121
26123
26126
26129
26130
26131
26132
26133
26134
26136
26137
26138
26139
26140
26141
26142
26143
26144
26145
26147
26148
26149
26151
26152
26153
26154
26155
26156
26157
26158
26159
26160
26161
26162
26163
26164
26166
26168
26169
26170
26173
26174
26178
26179
26182
26183
26185
26186
26187
26189
26190
26192
26194
26195
26196
26197
26199
26201
26203
26205
26206
26207
26209
26210
26212
26213
26214
26215
26217
26218
26219
26220
26221
26222
26223
26224
26225
26226
26227
26228
26229
26231
26233
26236
26238
26242
26243
26246
26247
26249
26252
26254
26255
26256
26257
26258
26259
26260
26262
26264
26265
26267
26268
26269
26271
26272
26274
26276
26280
26281
26282
26284
26285
26286
26288
26289
26290
26291
26293
26295
26299
26300
26301
26303
26304
26306
26308
26309
26310
26311
26312
26313
26314
26315
26316
26317
26319
26320
26322
26324
26325
26326
26328
26329
26330
26331
26333
26336
26340
26342
26343
26344
26346
26348
26349
26350
26351
26352
26353
26354
26355
26356
26357
26358
26359
26360
26362
26366
26368
26369
26370
26371
26372
26373
26374
26375
26380
26381
26382
26384
26385
26386
26387
26390
26393
26394
26395
26396
26397
26398
26400
26401
26402
26403
26405
26406
26407
26408
26410
26411
26412
26414
26415
26416
26418
26419
26420
26421
26422
26423
26427
26430
26431
26432
26433
26434
26435
26436
26438
26441
26442
26444
26446
26449
26452
26456
26457
26459
26460
26463
26464
26465
26469
26470
26472
26475
26476
26478
26479
26481
26484
26485
26486
26488
26492
26493
26494
26496
26498
26500
26501
26502
26503
26505
26506
26507
26508
26509
26510
26512
26513
26514
26516
26517
26519
26521
26523
26524
26525
26526
26528
26530
26531
26532
26533
26534
26535
26537
26538
26539
26540
26542
26543
26544
26546
26547
26550
26553
26554
26555
26557
26558
26560
26561
26563
26564
26565
26566
26569
26570
26574
26575
26576
26577
26578
26579
26580
26581
26582
26584
26585
26586
26588
26589
26590
26591
26592
26594
26595
26596
26598
26601
26605
26606
26608
26609
26612
26613
26615
26616
26617
26622
26624
26629
26630
26631
26632
26633
26634
26636
26637
26639
26641
26647
26649
26650
26653
26655
26656
26658
26659
26660
26661
26662
26664
26665
26666
26667
26668
26672
26673
26675
26676
26677
26678
26679
26680
26681
26682
26683
26685
26686
26688
26689
26690
26692
26693
26694
26695
26698
26699
26701
26704
26705
26707
26708
26711
26713
26714
26715
26716
26718
26719
26720
26728
26729
26731
26733
26734
26735
26736
26737
26741
26743
26745
26746
26747
26748
26749
26751
26753
26755
26756
26757
26758
26763
26764
26766
26767
26769
26770
26771
26773
26776
26778
26779
26780
26781
26784
26786
26787
26789
26790
26791
26792
26794
26795
26796
26797
26798
26799
26800
26801
26802
26803
26806
26810
26811
26812
26814
26816
26819
26820
26821
26822
26823
26824
26825
26826
26827
26828
26829
26833
26834
26835
26836
26837
26838
26840
26841
26842
26843
26844
26845
26847
26848
26849
26850
26853
26854
26855
26856
26857
26858
26860
26862
26864
26867
26868
26869
26871
26872
26875
26876
26877
26878
26880
26882
26883
26884
26886
26887
26888
26891
26893
26894
26897
26898
26899
26901
26902
26903
26905
26906
26908
26911
26912
26913
26914
26915
26916
26918
26919
26920
26922
26924
26927
26928
26930
26932
26934
26936
26938
26940
26941
26942
26944
26947
26948
26949
26950
26953
26954
26957
26958
26959
26960
26961
26962
26964
26966
26967
26968
26969
26970
26971
26973
26974
26976
26979
26980
26981
26982
26983
26987
26988
26989
26990
26991
26992
26993
26995
26996
26998
26999
27000
27001
27002
27003
27006
27009
27011
27012
27013
27014
27017
27019
27022
27025
27029
27030
27033
27034
27036
27038
27039
27041
27042
27044
27045
27046
27048
27050
27054
27055
27057
27058
27059
27063
27065
27066
27067
27068
27070
27073
27074
27077
27078
27079
27080
27081
27083
27084
27085
27086
27087
27089
27091
27092
27093
27094
27096
27097
27099
27100
27101
27103
27105
27106
27107
27108
27109
27110
27111
27114
27115
27116
27117
27118
27120
27121
27122
27123
27124
27126
27127
27128
27131
27136
27139
27140
27141
27142
27144
27145
27146
27147
27148
27149
27150
27151
27154
27155
27156
27157
27159
27161
27162
27165
27166
27167
27168
27170
27171
27173
27174
27178
27180
27182
27183
27185
27186
27188
27191
27195
27197
27198
27200
27201
27203
27205
27206
27207
27210
27212
27215
27216
27217
27218
27220
27222
27227
27229
27232
27233
27235
27236
27238
27239
27240
27241
27242
27243
27244
27247
27249
27251
27252
27255
27258
27260
27261
27262
27265
27269
27270
27273
27275
27276
27277
27279
27281
27282
27283
27284
27287
27288
27290
27291
27293
27295
27296
27297
27298
27301
27302
27304
27305
27306
27307
27308
27309
27313
27314
27315
27318
27320
27323
27325
27326
27328
27330
27331
27335
27336
27338
27340
27341
27342
27343
27344
27345
27347
27350
27353
27354
27356
27357
27358
27359
27360
27362
27363
27365
27366
27367
27369
27370
27372
27374
27376
27377
27380
27382
27384
27385
27386
27387
27388
27389
27390
27391
27395
27396
27397
27399
27400
27401
27403
27404
27407
27408
27409
27412
27414
27415
27417
27418
27419
27420
27421
27422
27423
27424
27427
27430
27431
27434
27436
27437
27438
27439
27441
27443
27445
27446
27448
27451
27454
27456
27458
27460
27461
27462
27463
27464
27466
27467
27471
27472
27474
27475
27476
27477
27479
27480
27481
27483
27484
27486
27488
27489
27490
27492
27495
27496
27499
27500
27502
27505
27508
27510
27512
27513
27514
27516
27518
27519
27520
27521
27523
27528
27529
27530
27533
27534
27535
27536
27537
27538
27540
27541
27542
27544
27546
27551
27552
27553
27554
27556
27558
27560
27561
27562
27563
27564
27565
27566
27569
27571
27573
27574
27575
27577
27579
27580
27582
27583
27584
27586
27588
27589
27590
27591
27592
27593
27594
27596
27597
27599
27600
27601
27602
27604
27607
27609
27610
27612
27613
27614
27616
27617
27620
27622
27623
27628
27629
27631
27632
27633
27636
27637
27638
27639
27640
27641
27642
27643
27644
27645
27646
27648
27649
27651
27654
27655
27656
27657
27659
27662
27665
27666
27667
27668
27670
27672
27673
27674
27675
27676
27677
27678
27680
27682
27683
27684
27685
27686
27689
27690
27691
27693
27694
27697
27699
27701
27702
27704
27706
27707
27710
27711
27712
27713
27714
27716
27719
27720
27723
27725
27727
27730
27732
27733
27735
27737
27738
27741
27743
27744
27746
27747
27749
27751
27752
27754
27756
27757
27758
27761
27764
27768
27770
27773
27774
27775
27778
27780
27781
27782
27783
27784
27785
27786
27787
27789
27790
27792
27793
27794
27798
27801
27802
27803
27805
27806
27809
27810
27811
27814
27815
27816
27818
27820
27821
27822
27824
27827
27828
27830
27832
27833
27834
27835
27839
27840
27841
27842
27846
27847
27850
27851
27853
27855
27857
27858
27859
27860
27861
27863
27865
27866
27867
27868
27869
27870
27871
27876
27878
27879
27880
27881
27882
27883
27885
27887
27890
27892
27893
27896
27897
27898
27900
27902
27904
27905
27906
27908
27910
27912
27914
27915
27918
27921
27923
27925
27926
27927
27928
27930
27931
27932
27933
27935
27936
27937
27938
27939
27940
27942
27945
27946
27948
27949
27950
27952
27953
27955
27962
27965
27967
27968
27969
27973
27974
27976
27977
27978
27981
27982
27983
27986
27989
27991
27993
27995
27996
27997
27998
27999
28001
28002
28006
28008
28009
28010
28011
28013
28014
28015
28016
28018
28021
28022
28023
28024
28025
28026
28027
28028
28029
28031
28032
28033
28035
28036
28037
28039
28040
28043
28044
28048
28051
28053
28055
28057
28058
28059
28060
28061
28062
28065
28067
28069
28070
28071
28072
28073
28077
28078
28079
28081
28082
28084
28086
28087
28089
28090
28091
28092
28094
28095
28096
28097
28099
28101
28103
28104
28105
28107
28109
28112
28116
28117
28119
28121
28122
28124
28126
28128
28129
28130
28132
28134
28136
28137
28138
28139
28141
28143
28144
28145
28146
28150
28151
28153
28155
28156
28157
28160
28162
28164
28166
28167
28168
28169
28170
28171
28172
28173
28174
28177
28179
28180
28181
28183
28184
28185
28186
28188
28189
28192
28194
28197
28198
28199
28200
28201
28202
28204
28206
28208
28209
28210
28212
28213
28218
28219
28220
28222
28223
28225
28227
28228
28230
28231
28232
28235
28237
28238
28239
28240
28241
28247
28248
28251
28253
28254
28256
28258
28259
28261
28262
28263
28265
28267
28270
28271
28273
28274
28276
28278
28279
28281
28282
28283
28284
28286
28288
28291
28293
28296
28298
28299
28300
28301
28302
28303
28304
28306
28309
28310
28312
28313
28315
28318
28320
28321
28322
28324
28326
28327
28328
28330
28331
28333
28335
28337
28340
28342
28343
28348
28349
28351
28352
28354
28356
28358
28359
28360
28361
28363
28364
28365
28368
28369
28371
28372
28373
28374
28376
28377
28380
28381
28382
28383
28384
28385
28387
28390
28391
28393
28394
28396
28397
28399
28400
28401
28405
28408
28410
28411
28416
28419
28423
28425
28427
28428
28429
28432
28434
28435
28437
28439
28441
28442
28444
28445
28446
28448
28451
28452
28453
28454
28455
28456
28459
28461
28462
28464
28465
28466
28467
28469
28470
28471
28473
28474
28479
28481
28483
28484
28486
28487
28489
28491
28492
28493
28494
28496
28497
28499
28500
28501
28503
28505
28508
28510
28512
28515
28516
28518
28519
28520
28522
28523
28525
28526
28528
28529
28530
28533
28534
28535
28537
28539
28540
28541
28542
28544
28546
28547
28548
28549
28551
28552
28553
28555
28557
28559
28562
28563
28564
28565
28568
28569
28570
28571
28573
28574
28577
28578
28579
28580
28581
28582
28587
28588
28591
28593
28596
28597
28598
28601
28603
28604
28608
28609
28611
28613
28614
28615
28616
28617
28618
28619
28620
28622
28625
28627
28631
28633
28635
28636
28637
28643
28644
28645
28647
28648
28649
28650
28651
28653
28654
28655
28656
28658
28660
28661
28663
28664
28665
28667
28669
28671
28672
28674
28677
28678
28679
28680
28682
28683
28684
28685
28686
28687
28689
28691
28694
28696
28699
28700
28702
28703
28704
28706
28708
28709
28710
28711
28712
28713
28715
28717
28719
28721
28723
28725
28726
28727
28729
28730
28732
28734
28736
28740
28743
28745
28747
28749
28750
28752
28753
28754
28756
28758
28761
28762
28763
28765
28767
28769
28771
28773
28774
28775
28778
28779
28780
28781
28782
28783
28784
28786
28787
28788
28789
28791
28793
28796
28797
28799
28800
28801
28802
28803
28804
28806
28807
28808
28809
28810
28811
28813
28814
28815
28819
28820
28822
28823
28825
28827
28829
28830
28831
28832
28833
28834
28837
28838
28839
28841
28844
28846
28848
28849
28850
28851
28852
28854
28856
28858
28859
28860
28862
28863
28864
28866
28867
28869
28870
28871
28875
28880
28885
28886
28887
28889
28891
28892
28893
28896
28897
28900
28901
28902
28905
28908
28909
28910
28912
28913
28914
28915
28916
28917
28918
28919
28921
28922
28923
28925
28926
28927
28929
28933
28935
28936
28937
28938
28939
28940
28942
28943
28945
28949
28950
28951
28952
28953
28954
28955
28958
28959
28960
28961
28962
28964
28965
28970
28972
28974
28978
28981
28984
28986
28988
28989
28990
28992
28993
28994
28995
28997
28998
28999
29000
29002
29004
29007
29008
29009
29011
29015
29016
29017
29019
29021
29022
29023
29024
29027
29030
29032
29034
29036
29037
29038
29039
29040
29041
29042
29043
29045
29046
29049
29051
29053
29055
29056
29057
29059
29063
29064
29066
29067
29069
29070
29071
29074
29075
29078
29079
29081
29082
29084
29085
29086
29087
29088
29089
29091
29092
29093
29095
29098
29100
29103
29104
29105
29106
29108
29109
29110
29112
29113
29116
29118
29119
29120
29122
29124
29125
29126
29127
29128
29129
29130
29132
29133
29134
29135
29136
29138
29139
29140
29142
29143
29144
29145
29146
29147
29149
29150
29151
29153
29155
29156
29157
29158
29159
29161
29165
29167
29168
29169
29170
29172
29173
29174
29176
29177
29178
29179
29180
29181
29182
29183
29186
29187
29188
29191
29192
29193
29194
29195
29198
29200
29201
29202
29205
29206
29207
29208
29210
29215
29216
29218
29219
29220
29222
29223
29225
29226
29228
29230
29232
29233
29234
29235
29236
29237
29239
29240
29241
29242
29243
29244
29246
29247
29248
29249
29250
29251
29252
29253
29255
29256
29258
29260
29261
29262
29264
29265
29266
29269
29270
29272
29274
29275
29276
29277
29278
29283
29284
29285
29287
29288
29290
29291
29292
29294
29297
29301
29302
29303
29304
29305
29307
29308
29309
29310
29311
29312
29313
29316
29318
29319
29320
29323
29326
29327
29328
29329
29331
29332
29333
29334
29335
29336
29338
29340
29341
29345
29346
29347
29348
29350
29351
29352
29353
29354
29355
29356
29357
29358
29359
29363
29364
29366
29367
29368
29369
29371
29372
29373
29375
29376
29377
29378
29379
29380
29383
29385
29388
29389
29391
29392
29393
29395
29396
29397
29398
29401
29404
29405
29406
29409
29410
29412
29414
29415
29417
29418
29419
29421
29422
29423
29425
29429
29430
29431
29432
29434
29437
29438
29439
29440
29441
29443
29445
29448
29449
29450
29451
29452
29453
29454
29455
29456
29457
29458
29459
29460
29462
29463
29464
29465
29466
29467
29468
29470
29472
29476
29477
29479
29480
29482
29484
29490
29491
29492
29493
29494
29496
29497
29498
29500
29503
29504
29505
29506
29509
29510
29511
29512
29514
29516
29519
29521
29522
29523
29526
29527
29528
29529
29533
29535
29536
29538
29539
29540
29544
29545
29546
29550
29552
29554
29555
29559
29560
29564
29566
29567
29568
29569
29571
29572
29574
29577
29579
29580
29581
29582
29583
29584
29585
29587
29588
29590
29591
29593
29595
29597
29599
29601
29604
29605
29606
29607
29608
29610
29611
29612
29616
29617
29620
29621
29622
29624
29625
29626
29627
29628
29629
29631
29633
29634
29636
29637
29638
29639
29640
29641
29642
29644
29645
29647
29648
29649
29650
29651
29652
29653
29655
29656
29657
29658
29659
29662
29663
29665
29667
29668
29669
29670
29671
29672
29673
29675
29676
29677
29680
29681
29683
29685
29687
29688
29689
29690
29691
29692
29694
29697
29698
29699
29700
29703
29706
29707
29709
29710
29711
29712
29714
29717
29719
29721
29723
29724
29726
29728
29729
29731
29732
29733
29734
29735
29736
29737
29738
29741
29742
29743
29744
29746
29747
29748
29749
29750
29751
29752
29753
29754
29755
29756
29757
29759
29760
29761
29762
29764
29766
29767
29768
29770
29771
29777
29778
29779
29782
29784
29787
29788
29789
29790
29791
29792
29793
29794
29795
29796
29798
29799
29801
29802
29804
29805
29806
29807
29808
29809
29810
29812
29815
29817
29821
29822
29823
29824
29825
29828
29829
29830
29831
29832
29834
29837
29840
29842
29844
29847
29849
29852
29855
29859
29860
29863
29864
29865
29866
29869
29871
29872
29875
29876
29878
29879
29882
29883
29884
29885
29888
29890
29891
29892
29895
29896
29898
29899
29900
29903
29908
29909
29912
29913
29915
29917
29920
29921
29922
29924
29926
29929
29930
29931
29932
29935
29937
29939
29941
29942
29943
29944
29946
29948
29954
29955
29957
29958
29959
29960
29962
29963
29966
29967
29968
29969
29972
29973
29975
29976
29980
29982
29983
29984
29987
29989
29990
29993
29994
29995
29998
30002
30003
30004
30006
30007
30009
30013
30015
30016
30017
30019
30020
30021
30023
30025
30026
30027
30029
30030
30031
30033
30034
30036
30037
30038
30043
30044
30045
30046
30047
30049
30050
30052
30053
30054
30055
30056
30057
30058
30059
30060
30061
30062
30063
30065
30068
30069
30070
30073
30074
30075
30078
30081
30083
30084
30085
30086
30087
30091
30092
30093
30094
30095
30096
30098
30100
30102
30103
30104
30105
30106
30107
30108
30109
30110
30113
30114
30115
30117
30121
30123
30125
30127
30128
30130
30131
30133
30134
30135
30137
30138
30140
30141
30142
30143
30144
30145
30146
30147
30148
30149
30150
30152
30154
30155
30157
30159
30160
30161
30162
30163
30164
30168
30169
30170
30171
30172
30173
30174
30175
30176
30177
30179
30180
30181
30183
30184
30186
30188
30191
30193
30195
30196
30199
30200
30201
30202
30204
30205
30207
30208
30210
30211
30212
30214
30215
30217
30218
30219
30221
30222
30223
30225
30226
30229
30230
30231
30232
30233
30235
30237
30238
30239
30240
30241
30242
30245
30250
30252
30253
30258
30260
30262
30263
30264
30266
30268
30269
30271
30273
30274
30275
30276
30277
30278
30279
30282
30285
30286
30287
30289
30290
30294
30296
30298
30300
30301
30303
30304
30305
30306
30308
30309
30311
30312
30314
30315
30316
30318
30319
30320
30324
30327
30328
30330
30331
30334
30335
30336
30337
30339
30341
30343
30344
30345
30347
30349
30352
30353
30355
30356
30357
30358
30359
30360
30361
30362
30364
30365
30367
30368
30369
30372
30373
30376
30377
30378
30380
30381
30382
30383
30384
30385
30386
30389
30390
30392
30393
30396
30397
30398
30401
30402
30403
30405
30407
30408
30409
30412
30417
30418
30420
30422
30424
30425
30426
30427
30428
30429
30430
30431
30432
30433
30435
30436
30438
30439
30440
30441
30444
30445
30446
30447
30450
30451
30452
30453
30456
30458
30459
30460
30463
30464
30466
30467
30469
30470
30471
30472
30473
30478
30480
30483
30484
30487
30489
30490
30491
30492
30493
30494
30496
30497
30499
30500
30501
30505
30506
30507
30508
30511
30512
30514
30517
30518
30519
30520
30522
30523
30526
30527
30528
30529
30532
30533
30534
30535
30536
30537
30538
30539
30541
30543
30545
30551
30552
30554
30556
30558
30559
30560
30561
30564
30565
30567
30568
30569
30570
30571
30573
30575
30576
30577
30581
30582
30584
30585
30587
30588
30589
30590
30591
30592
30594
30595
30596
30597
30600
30603
30605
30606
30608
30611
30614
30616
30619
30620
30622
30623
30625
30627
30628
30629
30630
30631
30632
30634
30635
30637
30640
30642
30646
30647
30648
30649
30650
30651
30653
30654
30656
30658
30660
30662
30665
30666
30668
30669
30672
30673
30674
30675
30676
30677
30678
30680
30681
30682
30683
30686
30689
30691
30694
30696
30698
30700
30701
30702
30703
30704
30705
30706
30707
30709
30710
30711
30713
30714
30715
30716
30721
30722
30723
30725
30727
30730
30733
30735
30736
30737
30738
30739
30741
30743
30744
30746
30747
30748
30749
30750
30751
30753
30754
30755
30756
30758
30761
30764
30765
30766
30767
30769
30771
30772
30774
30775
30776
30777
30778
30779
30780
30782
30783
30784
30786
30787
30788
30791
30792
30793
30795
30796
30798
30803
30804
30805
30806
30807
30808
30809
30811
30812
30813
30815
30816
30817
30818
30822
30823
30824
30827
30828
30829
30834
30835
30836
30839
30840
30841
30844
30845
30846
30849
30850
30851
30852
30853
30854
30855
30857
30858
30860
30861
30863
30865
30866
30867
30868
30869
30870
30873
30874
30876
30877
30878
30879
30882
30886
30887
30888
30889
30893
30895
30897
30898
30900
30901
30904
30907
30908
30909
30910
30912
30914
30915
30917
30918
30922
30924
30927
30929
30930
30933
30934
30936
30940
30941
30942
30943
30945
30947
30950
30952
30953
30955
30957
30958
30959
30962
30963
30964
30965
30966
30967
30968
30969
30970
30972
30973
30974
30975
30976
30977
30979
30981
30982
30983
30984
30985
30986
30987
30988
30990
30991
30992
30995
30996
30997
30999
31000
31001
31002
31003
31005
31007
31008
31009
31010
31011
31012
31013
31014
31018
31021
31024
31026
31027
31028
31029
31031
31033
31035
31036
31038
31039
31040
31041
31042
31043
31046
31048
31052
31053
31054
31055
31056
31057
31060
31062
31064
31065
31067
31068
31069
31070
31074
31075
31077
31078
31080
31081
31082
31083
31084
31085
31086
31087
31088
31089
31090
31091
31092
31093
31094
31095
31096
31098
31101
31102
31103
31104
31105
31106
31107
31109
31110
31111
31112
31115
31116
31119
31120
31123
31125
31129
31131
31132
31133
31134
31136
31137
31138
31139
31140
31143
31144
31145
31146
31147
31148
31150
31153
31155
31156
31159
31160
31161
31163
31165
31166
31167
31168
31169
31170
31171
31174
31175
31176
31178
31179
31182
31183
31184
31185
31186
31189
31190
31192
31193
31194
31197
31199
31200
31202
31203
31204
31206
31207
31209
31210
31211
31212
31215
31217
31219
31221
31222
31224
31225
31226
31228
31229
31231
31233
31235
31237
31242
31243
31245
31248
31250
31253
31255
31257
31259
31260
31261
31262
31263
31265
31266
31269
31272
31277
31278
31279
31280
31283
31284
31285
31286
31287
31288
31290
31291
31293
31294
31295
31299
31301
31302
31303
31305
31306
31307
31308
31309
31311
31314
31316
31317
31319
31320
31323
31325
31329
31330
31331
31332
31334
31335
31336
31338
31340
31341
31343
31344
31345
31346
31347
31348
31349
31353
31354
31355
31356
31358
31359
31361
31362
31364
31365
31368
31370
31372
31374
31376
31377
31378
31379
31381
31382
31384
31386
31387
31388
31390
31391
31393
31396
31398
31399
31402
31403
31404
31405
31411
31413
31417
31418
31422
31424
31425
31426
31427
31428
31429
31432
31434
31437
31440
31442
31444
31446
31447
31449
31451
31452
31454
31455
31456
31457
31458
31462
31464
31465
31466
31468
31469
31470
31471
31472
31473
31474
31475
31476
31477
31479
31482
31485
31486
31487
31489
31490
31493
31494
31496
31497
31498
31501
31504
31505
31508
31511
31512
31513
31517
31519
31520
31521
31522
31525
31526
31528
31529
31530
31531
31532
31533
31534
31536
31538
31541
31545
31546
31547
31550
31552
31553
31555
31557
31558
31559
31561
31563
31565
31566
31568
31569
31570
31571
31573
31574
31578
31581
31584
31585
31587
31589
31590
31591
31593
31594
31595
31597
31598
31599
31600
31603
31604
31606
31608
31609
31613
31614
31615
31616
31617
31618
31620
31621
31624
31625
31628
31630
31631
31632
31633
31634
31637
31639
31641
31642
31643
31645
31647
31651
31652
31653
31654
31655
31656
31658
31660
31664
31668
31669
31670
31671
31672
31673
31675
31676
31680
31681
31683
31686
31692
31693
31694
31695
31696
31699
31702
31704
31705
31706
31709
31710
31711
31712
31713
31715
31716
31717
31721
31723
31724
31725
31727
31728
31730
31731
31734
31736
31737
31738
31740
31742
31744
31746
31747
31748
31750
31751
31752
31753
31754
31755
31757
31759
31763
31765
31767
31769
31771
31772
31774
31775
31776
31777
31778
31780
31782
31784
31786
31787
31788
31790
31792
31793
31794
31795
31797
31799
31800
31801
31805
31806
31807
31808
31810
31811
31813
31815
31816
31818
31819
31821
31823
31825
31826
31828
31830
31831
31833
31835
31837
31838
31839
31840
31841
31842
31843
31844
31845
31848
31849
31850
31851
31852
31854
31855
31858
31859
31860
31861
31862
31863
31865
31866
31867
31868
31870
31872
31873
31874
31875
31876
31877
31879
31880
31881
31882
31885
31889
31890
31892
31894
31895
31896
31897
31898
31899
31900
31903
31904
31905
31909
31911
31912
31917
31918
31920
31921
31922
31923
31924
31925
31926
31927
31928
31929
31931
31932
31933
31935
31939
31945
31946
31950
31951
31952
31954
31956
31958
31959
31960
31962
31965
31966
31968
31969
31970
31977
31978
31979
31982
31983
31984
31985
31987
31988
31992
31994
31997
31998
31999
32000
32001
32004
32006
32011
32012
32013
32015
32016
32019
32021
32023
32024
32025
32026
32027
32029
32031
32033
32035
32038
32040
32043
32045
32046
32047
32050
32052
32053
32054
32056
32058
32060
32064
32065
32068
32069
32071
32072
32073
32075
32076
32077
32078
32079
32081
32083
32084
32086
32087
32088
32089
32090
32091
32093
32095
32098
32100
32101
32102
32105
32108
32109
32110
32111
32114
32115
32116
32117
32119
32122
32124
32129
32130
32131
32132
32134
32136
32137
32138
32139
32140
32141
32143
32144
32145
32147
32150
32151
32152
32153
32156
32157
32158
32160
32161
32163
32164
32165
32167
32168
32170
32171
32172
32173
32174
32175
32178
32179
32182
32183
32184
32186
32188
32189
32190
32193
32194
32195
32197
32199
32200
32201
32202
32203
32205
32207
32209
32210
32211
32212
32213
32214
32215
32216
32218
32219
32222
32225
32226
32228
32230
32233
32235
32236
32238
32239
32240
32241
32242
32243
32244
32246
32252
32254
32255
32256
32258
32259
32260
32261
32262
32264
32265
32267
32269
32271
32272
32273
32274
32276
32277
32282
32285
32287
32288
32289
32290
32293
32296
32298
32301
32304
32307
32310
32311
32312
32313
32315
32316
32319
32321
32322
32323
32324
32326
32327
32328
32329
32331
32333
32334
32338
32339
32342
32343
32344
32346
32348
32349
32350
32352
32354
32356
32359
32364
32367
32368
32369
32370
32372
32373
32374
32375
32378
32379
32380
32381
32382
32383
32386
32387
32389
32391
32392
32393
32395
32396
32397
32398
32399
32400
32401
32404
32405
32407
32409
32410
32411
32412
32413
32415
32416
32418
32420
32421
32422
32423
32427
32428
32431
32432
32433
32438
32439
32440
32441
32442
32445
32446
32447
32449
32450
32453
32455
32456
32457
32458
32459
32460
32461
32462
32466
32467
32468
32469
32470
32471
32473
32474
32477
32479
32481
32483
32484
32485
32487
32488
32490
32492
32494
32495
32496
32497
32498
32499
32500
32501
32502
32503
32506
32507
32509
32510
32511
32513
32514
32515
32518
32519
32520
32521
32522
32523
32526
32527
32528
32531
32532
32533
32534
32535
32536
32537
32538
32541
32542
32544
32545
32547
32549
32550
32551
32552
32553
32556
32557
32558
32560
32561
32562
32563
32565
32567
32568
32569
32570
32572
32573
32576
32580
32583
32584
32585
32586
32587
32588
32590
32591
32592
32594
32596
32597
32599
32600
32601
32602
32603
32606
32607
32608
32611
32615
32617
32619
32620
32622
32624
32626
32627
32628
32629
32632
32634
32639
32640
32641
32643
32644
32647
32650
32651
32652
32653
32656
32657
32658
32661
32663
32664
32665
32668
32669
32671
32672
32673
32674
32675
32676
32677
32678
32680
32682
32683
32686
32688
32690
32691
32693
32694
32695
32696
32701
32702
32703
32704
32705
32706
32708
32710
32713
32716
32717
32718
32719
32722
32725
32730
32733
32735
32736
32737
32738
32739
32741
32742
32743
32744
32745
32747
32749
32750
32751
32752
32754
32756
32757
32759
32760
32761
32762
32764
32765
32768
32769
32770
32771
32773
32775
32776
32777
32778
32780
32782
32783
32784
32786
32788
32790
32792
32793
32796
32797
32798
32800
32801
32802
32803
32806
32807
32809
32810
32811
32812
32814
32815
32816
32822
32823
32825
32826
32828
32829
32832
32834
32836
32838
32839
32840
32841
32844
32845
32846
32852
32854
32855
32856
32857
32858
32859
32860
32862
32863
32865
32866
32867
32870
32877
32878
32880
32882
32883
32884
32887
32891
32892
32893
32894
32895
32897
32899
32900
32904
32907
32909
32910
32911
32912
32913
32914
32916
32919
32920
32924
32925
32926
32929
32931
32933
32934
32936
32938
32940
32941
32944
32945
32949
32950
32952
32953
32955
32957
32958
32959
32960
32962
32966
32968
32970
32972
32976
32978
32979
32980
32981
32982
32983
32985
32987
32988
32990
32992
32993
32994
32995
32996
33000
33002
33004
33006
33007
33009
33010
33011
33014
33017
33018
33019
33022
33025
33026
33027
33030
33031
33032
33033
33034
33035
33038
33040
33041
33042
33044
33045
33048
33050
33052
33053
33055
33056
33057
33059
33060
33062
33063
33064
33065
33067
33069
33070
33072
33074
33075
33080
33081
33082
33083
33084
33085
33089
33090
33091
33092
33093
33094
33095
33096
33097
33098
33101
33104
33106
33107
33108
33111
33112
33113
33114
33115
33116
33117
33119
33123
33124
33126
33128
33131
33134
33137
33138
33140
33141
33145
33146
33147
33148
33150
33151
33155
33157
33158
33161
33162
33163
33165
33168
33169
33174
33175
33176
33177
33178
33179
33180
33181
33182
33186
33189
33190
33191
33193
33195
33196
33198
33199
33200
33201
33202
33205
33207
33209
33211
33212
33213
33214
33215
33216
33217
33218
33220
33223
33224
33225
33226
33227
33228
33231
33232
33233
33234
33235
33236
33237
33238
33241
33242
33244
33246
33249
33251
33252
33253
33256
33257
33258
33259
33260
33261
33262
33263
33265
33267
33268
33270
33272
33274
33275
33276
33278
33280
33281
33282
33283
33284
33286
33287
33288
33289
33291
33292
33293
33294
33295
33296
33297
33298
33299
33300
33303
33305
33306
33309
33311
33313
33314
33315
33316
33319
33321
33326
33327
33328
33329
33330
33332
33335
33336
33337
33338
33339
33340
33341
33342
33344
33345
33346
33347
33349
33351
33353
33355
33356
33358
33362
33364
33365
33366
33368
33369
33370
33371
33373
33375
33376
33378
33379
33380
33381
33382
33383
33384
33385
33387
33388
33391
33395
33396
33397
33398
33399
33400
33402
33404
33405
33408
33409
33410
33412
33413
33415
33417
33418
33419
33420
33423
33426
33428
33429
33431
33432
33434
33438
33439
33443
33445
33446
33450
33452
33454
33456
33458
33459
33463
33465
33466
33467
33469
33471
33473
33474
33476
33479
33480
33481
33483
33485
33487
33488
33489
33490
33491
33494
33495
33498
33499
33500
33501
33502
33503
33507
33509
33512
33514
33516
33517
33518
33519
33520
33521
33522
33523
33524
33525
33526
33527
33530
33531
33533
33535
33536
33538
33539
33540
33541
33542
33544
33545
33546
33551
33553
33554
33556
33560
33561
33562
33563
33564
33565
33566
33567
33569
33570
33571
33572
33573
33574
33575
33578
33579
33580
33581
33582
33583
33586
33587
33588
33589
33590
33592
33594
33595
33596
33598
33599
33601
33603
33605
33609
33610
33612
33614
33615
33616
33618
33619
33621
33622
33624
33625
33626
33627
33628
33632
33633
33636
33637
33638
33640
33642
33644
33646
33649
33652
33654
33655
33656
33657
33658
33659
33660
33661
33663
33664
33666
33668
33670
33671
33672
33674
33675
33676
33677
33679
33682
33684
33685
33687
33689
33690
33692
33693
33696
33697
33699
33701
33703
33706
33707
33708
33711
33712
33714
33716
33717
33720
33721
33723
33724
33725
33726
33727
33728
33729
33730
33731
33732
33734
33735
33736
33737
33740
33745
33751
33754
33755
33756
33758
33761
33764
33765
33767
33768
33769
33771
33772
33775
33777
33779
33780
33781
33782
33785
33786
33788
33789
33790
33791
33793
33794
33795
33797
33798
33800
33801
33804
33805
33806
33808
33809
33811
33812
33813
33814
33816
33818
33821
33822
33823
33824
33827
33830
33832
33833
33834
33836
33838
33839
33840
33841
33843
33845
33846
33847
33849
33851
33853
33855
33856
33858
33859
33860
33862
33863
33866
33868
33869
33872
33874
33876
33877
33878
33879
33880
33882
33888
33890
33891
33892
33897
33898
33899
33901
33903
33904
33905
33906
33908
33910
33911
33912
33914
33916
33919
33922
33923
33926
33929
33930
33933
33936
33941
33944
33945
33946
33947
33949
33950
33951
33954
33956
33957
33960
33963
33964
33965
33967
33969
33970
33972
33973
33974
33975
33979
33981
33982
33983
33984
33985
33986
33987
33989
33990
33993
33994
33996
33997
33999
34000
34001
34002
34003
34006
34007
34009
34011
34014
34017
34018
34020
34023
34024
34029
34030
34032
34033
34034
34035
34036
34037
34038
34039
34041
34042
34044
34045
34046
34047
34048
34049
34050
34051
34052
34053
34057
34058
34059
34061
34063
34064
34066
34067
34069
34070
34071
34073
34075
34077
34079
34083
34085
34089
34092
34093
34095
34097
34099
34100
34101
34102
34103
34104
34105
34106
34108
34109
34111
34113
34115
34118
34124
34125
34126
34127
34128
34130
34133
34136
34137
34138
34140
34142
34143
34144
34146
34147
34149
34151
34153
34155
34156
34158
34162
34165
34167
34168
34169
34170
34173
34177
34180
34181
34182
34183
34184
34186
34187
34191
34194
34195
34196
34197
34199
34201
34202
34203
34205
34206
34207
34208
34210
34212
34214
34215
34216
34217
34220
34221
34222
34223
34225
34227
34230
34235
34236
34237
34240
34241
34242
34244
34246
34247
34249
34250
34251
34254
34256
34257
34259
34260
34261
34262
34264
34265
34266
34268
34269
34270
34271
34273
34276
34279
34281
34282
34283
34284
34285
34289
34290
34293
34296
34297
34298
34299
34300
34301
34304
34305
34308
34310
34311
34312
34314
34315
34316
34318
34320
34322
34324
34325
34326
34327
34329
34330
34331
34332
34333
34336
34337
34339
34340
34341
34342
34344
34345
34346
34347
34349
34350
34351
34354
34355
34356
34357
34358
34359
34360
34361
34362
34364
34365
34366
34367
34368
34369
34371
34372
34374
34375
34376
34377
34378
34379
34381
34382
34383
34384
34386
34387
34388
34389
34391
34394
34395
34396
34397
34398
34401
34403
34404
34406
34408
34409
34412
34413
34415
34416
34417
34418
34421
34423
34424
34425
34427
34429
34430
34433
34434
34438
34439
34440
34441
34447
34448
34449
34450
34453
34456
34457
34458
34459
34460
34461
34462
34465
34467
34470
34473
34476
34479
34482
34485
34486
34488
34491
34493
34495
34497
34498
34499
34501
34502
34504
34505
34507
34508
34510
34511
34513
34514
34515
34517
34521
34523
34526
34529
34530
34531
34532
34534
34536
34537
34539
34543
34546
34547
34548
34549
34550
34551
34554
34555
34556
34560
34561
34562
34565
34568
34569
34570
34571
34572
34573
34574
34575
34576
34579
34580
34581
34585
34586
34587
34589
34590
34593
34594
34596
34597
34599
34601
34603
34606
34607
34609
34610
34612
34613
34614
34615
34617
34618
34619
34620
34622
34623
34624
34625
34627
34629
34631
34632
34633
34634
34635
34639
34641
34644
34646
34650
34652
34654
34655
34656
34659
34660
34661
34662
34664
34666
34667
34671
34672
34675
34676
34677
34678
34680
34682
34685
34686
34688
34689
34690
34691
34693
34695
34697
34698
34700
34702
34704
34705
34706
34707
34711
34714
34716
34720
34721
34722
34723
34725
34728
34730
34732
34733
34735
34736
34738
34740
34742
34744
34745
34746
34747
34748
34749
34750
34751
34753
34755
34757
34758
34760
34761
34765
34766
34767
34768
34769
34770
34771
34772
34774
34775
34776
34778
34779
34782
34783
34784
34785
34786
34787
34788
34789
34790
34792
34794
34795
34796
34797
34800
34802
34804
34807
34809
34810
34811
34814
34815
34816
34817
34820
34822
34824
34826
34829
34830
34832
34834
34835
34836
34838
34839
34840
34841
34842
34843
34844
34845
34847
34851
34853
34854
34856
34857
34858
34859
34863
34866
34867
34869
34870
34871
34873
34874
34875
34876
34878
34882
34884
34885
34888
34890
34893
34895
34897
34898
34900
34901
34902
34904
34906
34907
34909
34911
34912
34913
34918
34919
34920
34921
34923
34924
34925
34926
34927
34929
34931
34933
34936
34937
34939
34940
34941
34942
34943
34944
34946
34948
34949
34951
34954
34957
34958
34961
34962
34963
34966
34967
34968
34969
34970
34971
34972
34973
34974
34977
34978
34981
34982
34983
34984
34985
34988
34990
34991
34992
34993
34995
34996
34998
34999
35000
35001
35002
35003
35004
35005
35008
35010
35011
35012
35013
35014
35016
35018
35021
35022
35024
35025
35026
35028
35029
35033
35034
35037
35038
35040
35041
35042
35044
35046
35047
35049
35051
35054
35058
35059
35060
35061
35062
35066
35069
35070
35071
35075
35076
35077
35079
35080
35081
35082
35083
35085
35087
35089
35091
35095
35098
35100
35101
35102
35103
35104
35108
35110
35112
35114
35116
35118
35120
35123
35128
35129
35130
35131
35132
35135
35137
35138
35140
35141
35142
35144
35145
35146
35148
35150
35151
35152
35153
35155
35156
35157
35159
35160
35161
35162
35164
35165
35166
35167
35168
35169
35171
35173
35174
35178
35181
35183
35184
35185
35186
35187
35189
35190
35192
35194
35196
35197
35198
35199
35202
35206
35208
35209
35210
35211
35212
35213
35214
35217
35219
35221
35223
35224
35226
35228
35230
35232
35233
35235
35237
35239
35240
35241
35242
35244
35246
35247
35248
35249
35250
35256
35260
35262
35264
35265
35266
35267
35268
35269
35270
35271
35272
35273
35276
35279
35280
35282
35284
35285
35286
35287
35288
35289
35290
35293
35294
35295
35297
35298
35299
35300
35302
35304
35305
35306
35307
35308
35310
35311
35312
35313
35314
35315
35317
35318
35319
35320
35324
35325
35326
35328
35329
35330
35332
35333
35335
35337
35338
35340
35341
35343
35345
35347
35350
35353
35354
35355
35356
35357
35358
35359
35360
35361
35363
35364
35365
35366
35367
35369
35370
35371
35372
35373
35375
35376
35377
35379
35380
35381
35383
35384
35385
35389
35391
35392
35393
35394
35396
35397
35399
35400
35405
35406
35408
35410
35412
35413
35416
35418
35419
35423
35424
35425
35426
35428
35430
35431
35432
35433
35434
35435
35436
35437
35438
35439
35441
35442
35444
35446
35448
35449
35450
35453
35455
35458
35459
35462
35464
35465
35468
35471
35472
35473
35474
35475
35476
35478
35479
35480
35481
35482
35483
35484
35485
35486
35487
35490
35491
35492
35493
35496
35497
35499
35502
35503
35505
35506
35507
35508
35509
35511
35513
35516
35518
35519
35521
35523
35525
35529
35530
35531
35532
35534
35536
35538
35539
35540
35541
35542
35543
35544
35547
35548
35549
35551
35554
35559
35561
35564
35565
35566
35567
35568
35570
35571
35572
35574
35575
35576
35578
35579
35580
35581
35582
35584
35585
35587
35588
35590
35592
35594
35595
35596
35597
35598
35599
35600
35603
35604
35605
35606
35607
35608
35610
35611
35612
35613
35614
35616
35617
35618
35620
35623
35624
35625
35627
35629
35632
35634
35635
35637
35638
35640
35642
35643
35645
35646
35647
35648
35649
35652
35653
35654
35655
35656
35657
35659
35661
35662
35663
35664
35665
35669
35673
35676
35677
35679
35681
35683
35684
35687
35688
35689
35691
35692
35693
35695
35696
35700
35702
35704
35706
35707
35708
35709
35710
35711
35712
35714
35716
35717
35719
35721
35722
35723
35726
35728
35729
35730
35731
35733
35734
35737
35738
35739
35742
35744
35746
35749
35750
35753
35754
35755
35756
35757
35758
35761
35762
35764
35765
35766
35767
35769
35771
35772
35774
35776
35778
35781
35782
35783
35784
35785
35786
35790
35792
35793
35794
35795
35797
35798
35802
35804
35807
35809
35810
35811
35813
35814
35818
35820
35821
35822
35823
35824
35825
35828
35829
35833
35834
35838
35840
35842
35843
35845
35846
35849
35851
35853
35856
35857
35859
35864
35866
35868
35871
35874
35875
35876
35877
35879
35881
35882
35886
35887
35888
35890
35892
35893
35895
35896
35897
35900
35901
35902
35903
35904
35905
35906
35907
35908
35910
35911
35912
35915
35916
35918
35919
35921
35922
35925
35926
35927
35932
35937
35938
35939
35941
35943
35945
35946
35947
35948
35949
35952
35953
35954
35955
35958
35960
35961
35964
35967
35968
35970
35971
35972
35973
35974
35976
35977
35978
35980
35981
35982
35983
35984
35986
35988
35990
35991
35993
35994
35995
35997
35998
36004
36006
36007
36010
36012
36016
36018
36020
36022
36023
36024
36027
36028
36030
36032
36033
36034
36035
36036
36037
36040
36041
36042
36044
36048
36049
36051
36052
36055
36057
36058
36059
36060
36061
36065
36066
36067
36068
36069
36072
36074
36075
36077
36079
36080
36084
36085
36086
36087
36090
36091
36092
36093
36096
36097
36099
36100
36101
36102
36103
36104
36105
36108
36109
36111
36112
36116
36118
36120
36122
36123
36124
36126
36129
36130
36133
36134
36135
36136
36137
36138
36141
36145
36146
36147
36148
36149
36152
36154
36156
36157
36158
36159
36160
36161
36162
36163
36164
36165
36168
36170
36171
36172
36173
36176
36177
36178
36179
36181
36183
36186
36188
36189
36192
36193
36194
36196
36198
36199
36200
36203
36204
36205
36206
36209
36212
36213
36214
36215
36217
36219
36221
36223
36224
36226
36227
36230
36232
36233
36236
36237
36239
36242
36245
36247
36249
36251
36252
36254
36255
36256
36257
36259
36260
36261
36262
36263
36264
36265
36266
36267
36268
36269
36271
36272
36273
36274
36276
36277
36279
36280
36281
36284
36285
36286
36287
36290
36292
36294
36296
36297
36298
36301
36303
36305
36306
36308
36309
36311
36312
36313
36314
36315
36316
36317
36318
36319
36320
36322
36324
36325
36326
36327
36328
36329
36330
36331
36333
36334
36335
36336
36338
36340
36341
36343
36344
36346
36348
36350
36352
36354
36356
36357
36358
36359
36360
36362
36363
36364
36365
36367
36370
36371
36372
36373
36374
36376
36377
36379
36381
36384
36386
36389
36390
36392
36393
36394
36396
36398
36399
36401
36405
36407
36409
36410
36412
36413
36414
36417
36420
36421
36424
36425
36426
36427
36429
36430
36431
36433
36434
36435
36436
36437
36439
36440
36441
36442
36443
36444
36445
36448
36450
36451
36453
36454
36456
36458
36459
36460
36462
36463
36465
36466
36470
36471
36472
36475
36476
36478
36479
36480
36481
36483
36487
36488
36491
36492
36494
36496
36498
36499
36500
36501
36505
36510
36512
36513
36515
36517
36518
36520
36521
36522
36523
36524
36525
36527
36530
36531
36532
36534
36536
36539
36541
36542
36543
36545
36547
36548
36550
36552
36553
36554
36555
36559
36561
36563
36564
36566
36568
36569
36570
36571
36573
36574
36576
36577
36579
36582
36584
36585
36586
36587
36589
36590
36591
36592
36596
36597
36600
36606
36607
36609
36610
36611
36614
36615
36616
36617
36620
36621
36622
36623
36624
36625
36626
36628
36629
36632
36634
36636
36637
36638
36639
36641
36643
36645
36646
36648
36650
36652
36653
36655
36657
36658
36659
36660
36661
36662
36663
36664
36667
36669
36670
36672
36674
36675
36676
36677
36678
36679
36680
36681
36682
36685
36686
36688
36689
36690
36691
36692
36693
36695
36697
36698
36701
36702
36703
36706
36709
36711
36712
36713
36714
36716
36717
36719
36720
36723
36724
36725
36726
36727
36729
36730
36733
36734
36735
36737
36738
36740
36743
36745
36747
36748
36749
36750
36751
36752
36753
36754
36755
36756
36757
36758
36759
36760
36762
36763
36764
36765
36766
36768
36769
36770
36772
36774
36778
36780
36782
36784
36785
36786
36788
36789
36792
36793
36794
36797
36799
36803
36806
36808
36810
36811
36812
36813
36814
36816
36817
36818
36820
36822
36827
36829
36831
36832
36833
36836
36837
36838
36839
36840
36841
36842
36844
36845
36848
36850
36852
36853
36854
36856
36857
36858
36860
36861
36862
36864
36865
36868
36869
36870
36873
36874
36876
36877
36878
36879
36881
36883
36886
36887
36888
36889
36891
36892
36895
36897
36898
36899
36900
36901
36903
36905
36907
36909
36911
36913
36915
36917
36919
36920
36921
36923
36924
36926
36928
36930
36933
36934
36935
36936
36937
36938
36939
36940
36942
36943
36946
36947
36948
36949
36950
36951
36952
36953
36954
36955
36956
36957
36960
36963
36964
36966
36970
36971
36972
36973
36976
36977
36978
36981
36982
36983
36985
36986
36988
36989
36992
36994
36995
36996
36997
37000
37002
37003
37004
37006
37007
37008
37010
37011
37012
37013
37014
37015
37016
37017
37018
37021
37022
37023
37024
37025
37026
37028
37030
37032
37033
37034
37036
37037
37038
37039
37040
37041
37042
37043
37046
37047
37050
37052
37053
37054
37055
37056
37057
37058
37062
37063
37064
37065
37067
37068
37069
37071
37073
37074
37075
37077
37078
37082
37084
37085
37086
37087
37088
37089
37090
37092
37094
37095
37096
37097
37098
37099
37101
37103
37105
37106
37107
37108
37110
37111
37112
37113
37114
37115
37116
37117
37118
37119
37120
37122
37124
37125
37126
37127
37128
37129
37133
37137
37140
37141
37144
37147
37149
37154
37155
37156
37157
37158
37159
37160
37161
37165
37168
37169
37171
37172
37173
37174
37175
37176
37178
37180
37183
37185
37186
37187
37189
37190
37192
37193
37195
37196
37197
37199
37200
37201
37204
37205
37207
37208
37209
37210
37211
37212
37213
37214
37215
37218
37220
37222
37223
37225
37226
37228
37229
37230
37235
37236
37237
37238
37241
37242
37245
37247
37249
37251
37252
37254
37255
37258
37260
37261
37262
37263
37265
37266
37267
37271
37273
37274
37276
37279
37281
37282
37283
37284
37285
37287
37289
37291
37292
37293
37294
37295
37296
37298
37299
37300
37301
37303
37304
37308
37309
37312
37313
37314
37316
37317
37318
37319
37320
37322
37324
37325
37327
37329
37330
37332
37338
37339
37341
37342
37344
37345
37346
37347
37348
37353
37357
37358
37361
37362
37363
37365
37366
37367
37369
37370
37372
37373
37375
37379
37382
37384
37385
37386
37388
37390
37392
37393
37394
37398
37400
37402
37405
37407
37408
37410
37412
37413
37417
37418
37419
37421
37422
37425
37426
37427
37429
37433
37435
37437
37439
37441
37442
37443
37445
37447
37450
37451
37454
37455
37456
37458
37459
37462
37463
37464
37466
37467
37469
37471
37472
37473
37474
37475
37477
37479
37481
37483
37485
37487
37488
37489
37490
37492
37493
37495
37496
37497
37499
37501
37503
37504
37505
37507
37509
37510
37511
37514
37517
37520
37521
37522
37523
37524
37525
37526
37527
37528
37529
37531
37532
37533
37535
37538
37539
37540
37541
37544
37545
37547
37548
37550
37552
37554
37556
37557
37560
37561
37563
37566
37567
37569
37570
37571
37572
37575
37578
37579
37580
37581
37582
37583
37584
37586
37589
37591
37594
37595
37596
37598
37600
37601
37602
37605
37606
37608
37611
37612
37613
37615
37616
37617
37619
37620
37623
37627
37628
37630
37631
37633
37635
37636
37637
37638
37640
37642
37644
37645
37646
37648
37650
37653
37654
37657
37660
37662
37664
37665
37666
37668
37673
37677
37678
37679
37680
37682
37683
37684
37685
37686
37688
37690
37691
37693
37695
37696
37697
37698
37700
37704
37705
37706
37708
37709
37711
37713
37714
37716
37717
37719
37720
37721
37723
37725
37726
37727
37728
37729
37730
37731
37732
37733
37734
37735
37736
37738
37739
37742
37743
37744
37745
37747
37749
37750
37751
37753
37754
37757
37759
37760
37763
37765
37767
37769
37773
37774
37775
37778
37779
37780
37781
37782
37784
37785
37786
37787
37788
37789
37794
37795
37797
37800
37801
37802
37803
37804
37806
37807
37809
37810
37811
37812
37815
37816
37819
37823
37824
37825
37826
37827
37828
37829
37832
37834
37836
37837
37838
37840
37841
37842
37843
37846
37847
37851
37853
37854
37855
37856
37857
37859
37860
37863
37866
37868
37869
37871
37872
37873
37875
37877
37880
37881
37882
37883
37886
37888
37889
37890
37891
37892
37894
37895
37896
37899
37900
37901
37903
37907
37908
37909
37912
37916
37917
37918
37919
37920
37924
37925
37928
37929
37930
37931
37933
37934
37935
37938
37941
37944
37945
37948
37949
37951
37952
37953
37955
37956
37957
37958
37959
37960
37961
37964
37966
37967
37969
37970
37972
37974
37977
37978
37979
37980
37981
37982
37983
37984
37985
37986
37988
37990
37991
37992
37994
37997
38000
38002
38004
38007
38008
38009
38011
38012
38014
38016
38019
38021
38022
38026
38027
38028
38029
38030
38032
38034
38036
38037
38040
38043
38044
38045
38047
38050
38051
38052
38053
38055
38057
38058
38059
38060
38061
38063
38065
38066
38067
38069
38070
38071
38072
38073
38077
38081
38083
38084
38086
38088
38091
38093
38096
38098
38100
38101
38102
38103
38105
38108
38110
38111
38112
38113
38117
38118
38122
38123
38124
38125
38129
38130
38131
38132
38133
38134
38135
38136
38137
38139
38141
38144
38145
38146
38148
38150
38151
38152
38155
38156
38157
38158
38160
38164
38166
38168
38172
38173
38175
38176
38178
38181
38183
38184
38185
38186
38187
38188
38189
38191
38192
38193
38194
38196
38197
38198
38199
38200
38201
38202
38205
38206
38208
38210
38211
38213
38214
38215
38216
38217
38222
38223
38224
38225
38226
38227
38230
38231
38232
38233
38235
38239
38240
38241
38243
38244
38246
38247
38248
38251
38254
38255
38257
38259
38261
38265
38268
38269
38271
38274
38275
38279
38280
38283
38285
38286
38287
38288
38291
38292
38295
38298
38301
38302
38304
38305
38307
38309
38310
38311
38313
38315
38316
38317
38319
38321
38323
38326
38328
38329
38331
38332
38334
38336
38337
38339
38340
38342
38343
38344
38346
38348
38349
38353
38355
38356
38357
38358
38359
38361
38363
38364
38368
38369
38372
38373
38374
38375
38376
38377
38379
38380
38381
38382
38383
38384
38387
38388
38389
38390
38391
38392
38393
38394
38395
38398
38401
38402
38404
38406
38407
38408
38409
38410
38412
38413
38415
38416
38417
38418
38419
38420
38422
38423
38424
38425
38427
38430
38431
38432
38433
38438
38439
38441
38443
38444
38446
38448
38450
38451
38452
38454
38457
38458
38459
38461
38462
38464
38465
38466
38468
38470
38471
38473
38474
38475
38477
38479
38481
38482
38483
38485
38486
38487
38489
38491
38493
38494
38495
38496
38497
38499
38500
38501
38502
38503
38504
38505
38506
38507
38508
38510
38511
38512
38514
38516
38518
38521
38524
38526
38528
38530
38531
38532
38533
38535
38537
38538
38539
38540
38541
38542
38544
38546
38548
38550
38551
38552
38553
38554
38555
38556
38557
38560
38562
38563
38564
38565
38566
38567
38568
38569
38570
38571
38572
38573
38575
38576
38579
38581
38582
38583
38585
38586
38587
38591
38594
38596
38598
38601
38603
38605
38606
38609
38611
38612
38613
38615
38616
38617
38618
38622
38623
38626
38629
38631
38633
38634
38636
38638
38640
38642
38643
38645
38648
38649
38650
38651
38653
38656
38659
38661
38662
38663
38664
38665
38666
38667
38668
38669
38670
38671
38673
38674
38676
38677
38679
38680
38682
38683
38686
38687
38688
38689
38691
38692
38693
38694
38697
38699
38700
38702
38703
38704
38707
38710
38711
38712
38713
38716
38718
38722
38724
38725
38726
38727
38730
38733
38734
38736
38737
38738
38740
38741
38742
38743
38745
38746
38747
38749
38750
38751
38754
38755
38756
38757
38758
38759
38760
38762
38763
38765
38767
38769
38770
38773
38774
38775
38776
38778
38780
38783
38784
38785
38786
38787
38790
38792
38795
38797
38798
38800
38803
38804
38805
38806
38808
38810
38811
38812
38814
38815
38816
38817
38819
38821
38822
38823
38824
38825
38828
38829
38830
38832
38834
38836
38837
38839
38840
38841
38844
38847
38849
38850
38851
38854
38855
38857
38862
38865
38866
38868
38872
38874
38875
38878
38879
38881
38882
38883
38884
38886
38887
38888
38889
38890
38891
38893
38895
38896
38897
38901
38902
38903
38904
38905
38908
38909
38911
38912
38913
38915
38916
38917
38919
38921
38923
38925
38926
38928
38929
38930
38932
38934
38935
38936
38937
38938
38940
38942
38944
38946
38948
38951
38953
38954
38960
38961
38962
38964
38966
38967
38968
38969
38970
38971
38975
38978
38979
38982
38985
38988
38989
38990
38991
38992
38993
38994
38995
38996
38997
38998
38999
39001
39004
39007
39008
39009
39010
39012
39013
39015
39017
39018
39019
39020
39021
39024
39025
39026
39027
39028
39030
39033
39034
39035
39036
39039
39040
39042
39043
39044
39045
39046
39048
39049
39050
39051
39052
39054
39058
39059
39060
39061
39062
39065
39066
39067
39068
39069
39070
39071
39072
39074
39076
39077
39078
39079
39082
39083
39084
39085
39087
39089
39090
39091
39092
39094
39098
39100
39101
39103
39104
39106
39107
39108
39109
39111
39114
39115
39116
39118
39119
39120
39122
39125
39127
39128
39130
39132
39136
39138
39139
39140
39142
39144
39145
39146
39147
39148
39150
39152
39154
39157
39158
39159
39160
39162
39163
39165
39166
39167
39168
39169
39171
39173
39174
39176
39177
39179
39182
39184
39185
39186
39187
39188
39190
39191
39194
39197
39198
39199
39201
39203
39207
39208
39210
39212
39213
39214
39216
39218
39219
39222
39223
39224
39226
39229
39230
39232
39233
39234
39235
39236
39238
39239
39240
39241
39242
39244
39246
39247
39248
39249
39250
39251
39252
39254
39256
39257
39259
39261
39262
39263
39266
39269
39271
39272
39273
39278
39279
39280
39283
39284
39285
39287
39289
39290
39291
39292
39293
39294
39296
39297
39298
39300
39303
39305
39306
39307
39308
39309
39312
39314
39315
39316
39317
39318
39320
39322
39323
39325
39326
39328
39330
39331
39332
39333
39334
39335
39336
39337
39338
39339
39341
39342
39343
39347
39349
39351
39356
39357
39358
39359
39360
39362
39363
39364
39365
39366
39367
39369
39370
39372
39374
39375
39379
39380
39381
39382
39383
39384
39386
39387
39389
39390
39391
39396
39398
39400
39401
39406
39407
39408
39411
39414
39416
39418
39421
39422
39423
39424
39426
39427
39428
39429
39431
39432
39434
39435
39436
39438
39439
39441
39444
39445
39447
39450
39451
39454
39455
39458
39460
39461
39464
39466
39468
39470
39473
39475
39476
39477
39478
39482
39483
39484
39486
39488
39489
39491
39492
39493
39497
39499
39500
39501
39502
39503
39504
39505
39508
39509
39512
39513
39514
39515
39520
39522
39523
39525
39526
39530
39533
39534
39535
39538
39539
39540
39541
39542
39543
39544
39545
39546
39547
39549
39552
39553
39555
39557
39558
39559
39560
39561
39563
39565
39566
39567
39569
39573
39575
39578
39579
39581
39582
39583
39584
39586
39587
39590
39591
39593
39594
39595
39596
39597
39598
39599
39602
39603
39606
39607
39608
39609
39612
39614
39616
39618
39621
39624
39626
39627
39630
39631
39632
39634
39635
39636
39637
39638
39639
39641
39642
39643
39644
39646
39649
39650
39651
39652
39654
39658
39661
39662
39664
39665
39667
39670
39672
39673
39674
39675
39676
39681
39682
39683
39684
39685
39686
39688
39689
39691
39692
39693
39694
39695
39696
39698
39703
39704
39706
39710
39711
39712
39713
39714
39715
39716
39717
39718
39719
39720
39722
39723
39726
39727
39728
39729
39730
39732
39734
39736
39739
39740
39741
39743
39744
39745
39750
39753
39754
39756
39758
39759
39761
39763
39764
39765
39766
39767
39769
39773
39774
39776
39777
39779
39782
39783
39784
39786
39788
39789
39790
39791
39792
39794
39796
39797
39798
39799
39800
39803
39804
39806
39808
39809
39810
39812
39814
39816
39818
39819
39821
39822
39823
39827
39831
39834
39835
39836
39839
39840
39841
39842
39843
39844
39845
39846
39847
39848
39850
39851
39852
39853
39856
39859
39862
39863
39864
39865
39866
39869
39870
39873
39874
39875
39877
39878
39880
39881
39882
39883
39884
39891
39894
39895
39896
39898
39899
39901
39904
39906
39909
39911
39913
39914
39915
39916
39918
39919
39920
39922
39925
39926
39927
39929
39930
39931
39933
39935
39936
39937
39940
39943
39945
39947
39949
39950
39953
39957
39958
39959
39961
39962
39964
39965
39966
39967
39968
39969
39970
39971
39974
39976
39977
39978
39979
39981
39982
39984
39986
39987
39988
39989
39991
39993
39996
39998
39999
40000
40001
40002
40003
40004
40007
40008
40009
40010
40011
40012
40013
40015
40017
40019
40021
40022
40023
40025
40026
40028
40029
40030
40032
40033
40035
40037
40039
40040
40041
40042
40044
40046
40048
40050
40051
40052
40056
40059
40060
40061
40062
40063
40064
40065
40066
40068
40069
40070
40073
40077
40079
40080
40082
40087
40089
40090
40095
40099
40101
40102
40104
40105
40106
40107
40108
40110
40111
40112
40114
40115
40118
40119
40120
40121
40122
40123
40124
40125
40127
40128
40129
40130
40134
40135
40136
40138
40139
40140
40141
40142
40145
40148
40149
40150
40154
40157
40158
40160
40161
40162
40164
40165
40167
40169
40170
40172
40173
40174
40176
40178
40181
40187
40188
40189
40192
40194
40195
40196
40197
40198
40199
40200
40201
40202
40203
40204
40206
40208
40210
40212
40213
40215
40216
40217
40218
40219
40220
40221
40222
40223
40225
40226
40227
40228
40230
40232
40234
40235
40236
40242
40243
40244
40245
40246
40247
40250
40251
40253
40254
40256
40258
40260
40262
40263
40264
40267
40268
40271
40274
40275
40276
40277
40278
40279
40280
40281
40282
40285
40287
40290
40291
40293
40295
40298
40299
40300
40302
40304
40307
40309
40312
40313
40316
40317
40319
40320
40321
40323
40325
40326
40327
40328
40329
40331
40332
40333
40334
40335
40337
40338
40339
40340
40341
40342
40343
40344
40346
40348
40349
40350
40351
40353
40354
40356
40357
40358
40360
40361
40363
40366
40367
40368
40369
40370
40372
40373
40380
40382
40383
40384
40386
40388
40391
40392
40393
40394
40396
40397
40398
40400
40401
40402
40403
40405
40406
40409
40411
40415
40416
40418
40420
40421
40423
40424
40425
40426
40428
40430
40431
40433
40435
40436
40438
40440
40441
40442
40443
40444
40445
40448
40450
40453
40454
40455
40458
40459
40460
40462
40463
40464
40466
40467
40469
40472
40475
40478
40479
40480
40482
40483
40484
40485
40486
40487
40488
40489
40490
40491
40492
40493
40495
40497
40498
40501
40505
40510
40512
40514
40515
40516
40518
40519
40520
40522
40525
40527
40528
40530
40533
40534
40535
40537
40538
40540
40542
40543
40544
40546
40548
40549
40551
40552
40554
40557
40558
40559
40560
40561
40563
40565
40568
40569
40571
40573
40576
40578
40579
40580
40583
40585
40586
40587
40588
40589
40590
40592
40593
40595
40596
40597
40598
40599
40600
40601
40602
40603
40607
40608
40609
40610
40611
40612
40615
40616
40617
40619
40620
40621
40623
40624
40627
40628
40629
40630
40631
40632
40633
40635
40636
40638
40639
40640
40641
40642
40644
40647
40648
40649
40650
40652
40655
40659
40661
40662
40664
40666
40667
40670
40672
40673
40676
40680
40683
40684
40685
40686
40687
40688
40690
40691
40694
40696
40697
40698
40699
40700
40701
40702
40704
40705
40706
40707
40708
40710
40711
40712
40713
40718
40719
40721
40722
40724
40726
40727
40728
40729
40731
40732
40733
40735
40737
40739
40741
40742
40747
40750
40751
40752
40753
40755
40756
40757
40758
40762
40764
40767
40769
40770
40771
40772
40774
40775
40778
40782
40785
40786
40788
40790
40791
40792
40793
40794
40797
40798
40799
40800
40802
40803
40804
40806
40807
40808
40809
40810
40812
40813
40814
40816
40817
40821
40822
40824
40826
40828
40831
40832
40834
40836
40837
40838
40840
40842
40843
40845
40847
40848
40849
40851
40853
40854
40856
40857
40858
40859
40860
40862
40863
40865
40867
40868
40869
40870
40872
40873
40874
40876
40877
40879
40880
40881
40883
40885
40888
40890
40891
40892
40893
40894
40895
40897
40898
40899
40901
40903
40905
40907
40911
40913
40916
40917
40918
40920
40921
40922
40924
40928
40929
40931
40932
40934
40939
40940
40941
40942
40943
40944
40945
40946
40947
40948
40952
40953
40954
40955
40956
40957
40958
40959
40961
40962
40966
40967
40968
40969
40970
40973
40974
40975
40976
40977
40978
40979
40983
40984
40987
40988
40990
40993
40995
40996
40997
40999
41000
41001
41002
41003
41004
41006
41007
41009
41011
41012
41013
41014
41016
41017
41018
41019
41021
41025
41026
41028
41031
41033
41035
41037
41038
41039
41040
41041
41042
41044
41046
41047
41049
41052
41054
41056
41057
41058
41059
41060
41062
41063
41064
41065
41066
41067
41068
41071
41072
41073
41074
41076
41077
41078
41079
41081
41083
41086
41087
41088
41089
41090
41091
41093
41094
41095
41096
41098
41099
41100
41102
41105
41106
41110
41111
41112
41113
41115
41116
41117
41119
41120
41121
41122
41125
41127
41128
41129
41131
41132
41133
41135
41136
41137
41138
41139
41140
41141
41142
41143
41144
41145
41146
41147
41148
41149
41150
41152
41154
41156
41158
41159
41160
41162
41164
41165
41168
41171
41172
41173
41175
41176
41177
41178
41179
41182
41183
41184
41185
41186
41188
41189
41191
41192
41193
41195
41196
41197
41199
41202
41204
41205
41206
41207
41210
41211
41212
41213
41216
41217
41218
41220
41222
41223
41224
41225
41226
41227
41228
41231
41235
41236
41238
41239
41241
41242
41243
41244
41245
41247
41251
41252
41254
41255
41258
41260
41261
41262
41263
41264
41268
41269
41272
41273
41274
41275
41276
41277
41278
41280
41281
41282
41283
41284
41285
41286
41288
41290
41291
41292
41293
41294
41295
41296
41298
41299
41300
41302
41304
41305
41306
41310
41312
41314
41315
41316
41319
41320
41323
41324
41327
41328
41329
41330
41331
41334
41336
41337
41340
41341
41342
41343
41344
41346
41349
41351
41352
41353
41354
41355
41356
41359
41360
41362
41363
41364
41367
41369
41370
41371
41373
41374
41376
41377
41378
41379
41381
41383
41384
41386
41388
41390
41391
41393
41395
41399
41400
41401
41402
41405
41406
41409
41411
41413
41415
41416
41417
41418
41419
41420
41424
41425
41426
41427
41429
41431
41432
41433
41436
41438
41439
41441
41442
41444
41445
41446
41449
41450
41451
41453
41454
41455
41457
41458
41460
41461
41462
41465
41466
41468
41470
41471
41472
41473
41474
41475
41476
41477
41478
41481
41483
41484
41485
41486
41488
41491
41492
41494
41495
41498
41499
41500
41502
41504
41506
41507
41509
41511
41512
41513
41514
41516
41517
41518
41519
41521
41522
41523
41526
41529
41530
41531
41532
41533
41536
41539
41540
41541
41543
41544
41547
41549
41550
41552
41553
41556
41559
41560
41562
41564
41565
41566
41568
41569
41572
41575
41577
41578
41579
41581
41583
41586
41587
41591
41592
41595
41597
41598
41599
41601
41602
41603
41605
41606
41607
41608
41609
41612
41613
41614
41615
41620
41621
41623
41624
41626
41627
41628
41629
41630
41632
41635
41636
41637
41638
41639
41640
41641
41642
41643
41644
41645
41648
41649
41650
41653
41655
41656
41659
41660
41661
41663
41664
41668
41669
41670
41672
41673
41675
41677
41679
41681
41682
41683
41685
41686
41687
41689
41690
41691
41692
41693
41695
41697
41699
41702
41703
41704
41705
41706
41707
41708
41709
41710
41711
41712
41713
41714
41715
41716
41717
41720
41721
41722
41723
41726
41728
41730
41731
41732
41734
41735
41736
41738
41739
41740
41743
41746
41748
41749
41751
41753
41755
41756
41757
41759
41760
41762
41765
41766
41767
41768
41770
41772
41773
41774
41776
41778
41780
41782
41783
41786
41787
41788
41790
41795
41797
41798
41799
41800
41801
41802
41803
41805
41806
41807
41808
41811
41812
41814
41816
41817
41819
41820
41821
41822
41823
41824
41825
41827
41828
41829
41831
41832
41833
41836
41837
41841
41842
41843
41844
41845
41846
41848
41849
41850
41851
41852
41854
41855
41857
41858
41859
41861
41863
41864
41867
41868
41870
41872
41874
41875
41877
41879
41880
41881
41883
41886
41887
41888
41890
41891
41892
41893
41898
41899
41901
41902
41903
41904
41907
41909
41910
41911
41912
41913
41915
41917
41918
41919
41922
41923
41924
41925
41926
41927
41928
41930
41931
41932
41933
41934
41935
41937
41938
41939
41941
41942
41943
41944
41945
41947
41948
41949
41950
41954
41956
41957
41959
41961
41962
41964
41965
41966
41967
41968
41969
41971
41972
41973
41975
41976
41978
41980
41981
41982
41985
41987
41989
41990
41991
41993
41994
41995
41997
41998
41999
42000
42001
42005
42006
42007
42008
42009
42010
42012
42013
42014
42015
42017
42019
42022
42023
42025
42026
42027
42029
42033
42034
42036
42038
42039
42041
42043
42044
42045
42048
42049
42050
42052
42053
42054
42058
42061
42062
42063
42064
42065
42066
42067
42068
42071
42074
42077
42078
42081
42083
42084
42085
42087
42089
42091
42092
42093
42094
42096
42097
42098
42100
42101
42102
42105
42109
42111
42113
42114
42115
42116
42119
42122
42124
42125
42127
42128
42130
42131
42133
42134
42137
42140
42142
42144
42145
42146
42147
42148
42149
42151
42153
42155
42156
42157
42158
42159
42160
42162
42164
42166
42168
42172
42174
42175
42176
42178
42179
42180
42181
42182
42183
42184
42186
42190
42191
42193
42194
42195
42197
42201
42204
42206
42207
42208
42210
42212
42216
42218
42223
42225
42228
42229
42230
42233
42234
42235
42238
42239
42243
42245
42246
42248
42249
42250
42251
42252
42254
42256
42260
42261
42262
42263
42264
42265
42267
42268
42269
42271
42274
42277
42280
42282
42283
42284
42288
42289
42291
42292
42293
42295
42297
42298
42299
42300
42303
42304
42305
42306
42307
42308
42310
42312
42313
42314
42315
42317
42319
42321
42323
42325
42327
42328
42329
42332
42334
42335
42336
42338
42340
42345
42348
42349
42350
42351
42352
42353
42355
42356
42358
42359
42360
42362
42365
42366
42367
42370
42375
42376
42378
42379
42380
42381
42382
42383
42384
42385
42387
42388
42391
42392
42393
42394
42395
42397
42399
42400
42401
42403
42404
42405
42406
42407
42409
42410
42411
42413
42414
42416
42417
42420
42421
42422
42423
42424
42425
42426
42428
42429
42430
42431
42436
42437
42438
42439
42440
42443
42444
42445
42447
42448
42449
42450
42451
42452
42455
42458
42459
42460
42461
42462
42463
42467
42468
42469
42470
42472
42474
42475
42476
42477
42478
42479
42480
42481
42483
42484
42485
42486
42487
42488
42490
42494
42495
42496
42497
42499
42500
42501
42502
42503
42504
42505
42506
42507
42508
42509
42510
42512
42518
42519
42521
42525
42526
42527
42528
42529
42530
42532
42533
42534
42535
42536
42537
42539
42540
42541
42542
42543
42544
42545
42548
42549
42550
42551
42552
42553
42554
42555
42558
42560
42561
42564
42566
42567
42568
42569
42570
42573
42574
42575
42576
42577
42580
42581
42582
42583
42584
42587
42588
42589
42591
42592
42594
42595
42596
42597
42598
42600
42601
42605
42610
42611
42613
42614
42615
42619
42621
42622
42623
42624
42625
42627
42628
42629
42633
42634
42637
42640
42641
42642
42643
42644
42648
42650
42651
42653
42656
42658
42662
42663
42666
42667
42668
42669
42670
42672
42677
42678
42679
42681
42682
42684
42686
42687
42689
42690
42691
42692
42693
42694
42695
42697
42698
42700
42701
42703
42705
42706
42707
42708
42710
42712
42713
42715
42717
42718
42719
42721
42723
42724
42727
42728
42729
42730
42731
42732
42734
42735
42736
42738
42740
42742
42743
42746
42748
42749
42751
42754
42755
42756
42760
42762
42764
42765
42768
42769
42770
42771
42773
42774
42776
42778
42779
42781
42783
42784
42786
42788
42790
42791
42792
42793
42794
42796
42798
42799
42801
42803
42805
42809
42811
42813
42815
42818
42819
42821
42822
42826
42828
42830
42831
42832
42833
42834
42835
42836
42837
42838
42839
42841
42842
42845
42846
42847
42848
42852
42854
42857
42858
42861
42864
42866
42869
42870
42871
42872
42874
42877
42878
42879
42881
42883
42885
42886
42887
42890
42891
42892
42896
42897
42898
42900
42901
42902
42904
42907
42908
42909
42912
42914
42915
42916
42920
42921
42923
42924
42926
42927
42928
42930
42931
42933
42934
42936
42938
42940
42941
42942
42946
42948
42949
42950
42951
42952
42953
42954
42955
42958
42962
42964
42966
42967
42970
42971
42972
42974
42975
42976
42979
42980
42981
42982
42984
42987
42988
42989
42991
42993
42994
42996
42998
42999
43001
43002
43003
43005
43007
43009
43010
43011
43012
43014
43016
43018
43019
43020
43022
43023
43024
43025
43027
43028
43029
43030
43031
43033
43035
43036
43037
43038
43039
43041
43042
43043
43045
43047
43048
43049
43053
43054
43055
43056
43058
43059
43060
43061
43063
43065
43066
43068
43072
43073
43076
43077
43080
43081
43083
43084
43085
43086
43088
43089
43091
43092
43094
43095
43096
43098
43100
43101
43103
43104
43105
43106
43108
43109
43111
43112
43114
43116
43118
43119
43120
43121
43124
43125
43126
43129
43130
43131
43132
43134
43135
43136
43137
43138
43139
43140
43141
43142
43144
43145
43146
43148
43149
43150
43151
43152
43153
43155
43157
43158
43160
43161
43162
43163
43164
43165
43167
43168
43169
43170
43172
43173
43174
43176
43177
43179
43180
43181
43182
43183
43185
43186
43188
43189
43191
43193
43194
43195
43196
43197
43199
43200
43201
43202
43204
43205
43206
43208
43212
43213
43215
43216
43217
43218
43219
43220
43221
43222
43223
43226
43227
43228
43230
43232
43233
43234
43237
43239
43241
43242
43244
43247
43248
43249
43251
43252
43256
43258
43261
43262
43266
43267
43268
43269
43271
43272
43273
43274
43275
43276
43277
43279
43281
43282
43283
43285
43286
43288
43289
43290
43292
43294
43296
43298
43300
43303
43304
43305
43306
43307
43308
43310
43311
43312
43313
43314
43316
43317
43318
43320
43321
43323
43325
43327
43328
43331
43332
43333
43335
43336
43337
43340
43341
43342
43343
43344
43345
43346
43347
43348
43349
43350
43352
43353
43354
43357
43360
43361
43362
43363
43365
43366
43370
43371
43372
43374
43375
43377
43380
43381
43382
43383
43385
43387
43388
43389
43391
43392
43393
43394
43397
43398
43399
43400
43401
43404
43405
43406
43408
43409
43410
43413
43415
43418
43419
43420
43421
43422
43423
43426
43428
43430
43431
43434
43437
43439
43440
43441
43443
43445
43446
43450
43453
43455
43456
43457
43458
43459
43460
43461
43463
43464
43466
43467
43468
43469
43472
43473
43474
43475
43476
43480
43482
43483
43485
43486
43487
43488
43489
43490
43491
43492
43495
43499
43500
43502
43503
43505
43506
43507
43509
43510
43512
43516
43518
43519
43520
43522
43523
43524
43526
43531
43532
43533
43534
43538
43541
43542
43543
43544
43546
43550
43553
43554
43555
43556
43559
43561
43565
43569
43572
43573
43576
43577
43579
43580
43581
43582
43584
43585
43586
43587
43588
43589
43591
43593
43595
43596
43598
43600
43601
43602
43603
43607
43610
43611
43614
43616
43617
43618
43619
43623
43624
43625
43626
43629
43630
43631
43632
43633
43634
43636
43637
43638
43641
43643
43645
43646
43647
43650
43653
43654
43658
43660
43661
43663
43664
43665
43666
43667
43668
43670
43671
43673
43674
43676
43677
43678
43679
43681
43683
43685
43686
43688
43689
43690
43692
43693
43695
43696
43697
43699
43701
43702
43703
43704
43705
43706
43707
43708
43709
43710
43711
43712
43713
43714
43715
43716
43718
43720
43721
43722
43723
43725
43727
43730
43732
43733
43734
43737
43738
43739
43741
43743
43744
43745
43748
43750
43752
43755
43756
43757
43758
43759
43760
43761
43762
43763
43764
43765
43766
43767
43768
43769
43771
43772
43773
43775
43776
43779
43780
43782
43784
43786
43788
43790
43791
43793
43794
43795
43796
43797
43798
43799
43801
43803
43805
43806
43807
43808
43810
43812
43814
43815
43816
43818
43819
43820
43822
43825
43826
43829
43831
43833
43834
43835
43836
43837
43838
43840
43842
43843
43847
43848
43849
43850
43851
43853
43854
43856
43858
43859
43861
43862
43864
43866
43867
43868
43869
43871
43872
43873
43874
43877
43879
43882
43885
43887
43888
43889
43890
43891
43892
43893
43896
43898
43899
43900
43901
43902
43903
43904
43905
43907
43912
43916
43918
43920
43921
43924
43926
43928
43929
43931
43932
43935
43938
43939
43940
43942
43945
43947
43951
43952
43955
43956
43957
43958
43959
43960
43961
43962
43964
43965
43968
43970
43971
43972
43977
43978
43979
43981
43982
43983
43984
43987
43988
43989
43991
43993
43994
43996
43997
43998
43999
44000
44002
44004
44009
44010
44011
44013
44014
44015
44017
44019
44020
44021
44024
44026
44029
44030
44031
44032
44035
44037
44038
44040
44041
44043
44044
44045
44048
44049
44050
44052
44054
44055
44057
44058
44061
44063
44065
44066
44069
44070
44071
44072
44073
44076
44077
44078
44080
44081
44082
44083
44084
44086
44087
44088
44089
44090
44091
44092
44096
44100
44101
44102
44103
44104
44105
44106
44107
44109
44111
44112
44113
44115
44117
44118
44120
44123
44124
44126
44128
44129
44130
44131
44132
44135
44137
44139
44140
44143
44144
44145
44146
44147
44148
44151
44152
44153
44154
44156
44157
44159
44160
44161
44162
44164
44167
44168
44169
44170
44171
44172
44173
44174
44175
44176
44177
44179
44180
44181
44184
44186
44188
44190
44192
44193
44194
44195
44196
44197
44198
44200
44203
44204
44205
44206
44207
44208
44209
44210
44211
44212
44213
44214
44215
44216
44217
44220
44221
44222
44223
44224
44225
44228
44229
44230
44231
44232
44234
44235
44236
44237
44238
44239
44241
44242
44244
44245
44246
44247
44249
44250
44251
44252
44253
44254
44257
44259
44261
44262
44264
44265
44266
44268
44269
44270
44272
44273
44274
44275
44277
44280
44281
44283
44285
44287
44288
44289
44290
44291
44293
44294
44295
44298
44299
44300
44301
44302
44304
44307
44308
44311
44313
44314
44315
44316
44318
44319
44320
44323
44324
44325
44326
44327
44330
44331
44332
44337
44338
44339
44340
44341
44342
44343
44345
44346
44349
44351
44353
44354
44356
44357
44358
44359
44360
44361
44362
44363
44366
44367
44368
44370
44371
44372
44373
44374
44376
44377
44378
44379
44381
44382
44383
44385
44386
44388
44391
44393
44394
44395
44396
44398
44400
44401
44403
44404
44405
44406
44407
44408
44410
44412
44413
44414
44415
44417
44418
44420
44421
44422
44424
44425
44426
44430
44431
44432
44433
44434
44436
44437
44438
44440
44441
44442
44444
44445
44446
44447
44448
44449
44450
44451
44454
44457
44459
44460
44461
44465
44467
44469
44470
44471
44472
44473
44474
44475
44476
44478
44479
44483
44485
44486
44487
44488
44489
44490
44492
44493
44494
44495
44496
44497
44500
44501
44503
44506
44508
44509
44511
44513
44514
44518
44519
44521
44522
44524
44526
44527
44528
44532
44534
44536
44537
44539
44540
44541
44542
44544
44545
44546
44547
44548
44549
44550
44551
44552
44554
44557
44559
44560
44562
44564
44566
44567
44569
44570
44572
44574
44575
44576
44577
44578
44579
44580
44581
44583
44584
44585
44587
44589
44590
44591
44592
44593
44594
44595
44596
44597
44598
44602
44606
44607
44608
44609
44610
44611
44612
44613
44615
44616
44617
44618
44620
44623
44625
44628
44629
44633
44635
44636
44637
44638
44639
44641
44642
44644
44645
44646
44647
44648
44651
44652
44653
44655
44656
44657
44658
44660
44661
44662
44664
44665
44666
44667
44669
44671
44672
44674
44675
44676
44677
44678
44680
44681
44682
44684
44685
44686
44687
44688
44691
44692
44693
44694
44696
44697
44699
44701
44702
44703
44704
44705
44707
44708
44709
44710
44711
44713
44717
44718
44720
44721
44724
44727
44728
44729
44730
44731
44733
44735
44736
44737
44739
44740
44741
44742
44743
44744
44745
44746
44747
44751
44752
44753
44754
44757
44758
44760
44764
44765
44766
44767
44768
44770
44772
44773
44774
44777
44780
44782
44783
44784
44787
44788
44790
44791
44794
44796
44799
44800
44801
44803
44804
44805
44806
44807
44808
44809
44810
44811
44813
44814
44816
44818
44819
44820
44823
44826
44828
44830
44831
44833
44836
44838
44839
44840
44842
44843
44844
44845
44846
44847
44849
44850
44852
44854
44856
44857
44858
44860
44861
44865
44867
44868
44869
44871
44872
44873
44875
44876
44878
44880
44885
44887
44888
44891
44893
44894
44895
44896
44897
44898
44900
44901
44902
44905
44906
44908
44909
44911
44913
44915
44918
44919
44920
44921
44922
44924
44925
44926
44927
44928
44930
44934
44935
44936
44937
44938
44939
44941
44944
44946
44947
44948
44949
44950
44951
44952
44953
44955
44956
44958
44960
44961
44964
44965
44966
44969
44971
44973
44974
44975
44978
44982
44985
44986
44987
44988
44989
44991
44992
44993
44995
44996
45000
45002
45006
45007
45008
45010
45011
45014
45016
45018
45019
45023
45024
45028
45031
45032
45033
45034
45035
45037
45038
45042
45044
45045
45046
45047
45048
45050
45051
45052
45054
45055
45056
45057
45059
45060
45061
45062
45063
45066
45071
45072
45073
45074
45075
45077
45078
45081
45082
45085
45086
45088
45090
45092
45094
45095
45096
45097
45098
45099
45100
45102
45104
45105
45107
45110
45112
45113
45114
45115
45117
45118
45119
45120
45121
45123
45125
45129
45131
45132
45133
45134
45136
45137
45140
45141
45142
45143
45144
45145
45147
45149
45150
45153
45154
45157
45158
45159
45160
45162
45163
45164
45168
45169
45170
45171
45173
45174
45175
45176
45177
45179
45182
45183
45185
45186
45187
45188
45191
45193
45194
45196
45201
45202
45203
45204
45206
45207
45208
45210
45211
45213
45215
45216
45217
45218
45220
45221
45222
45225
45226
45227
45229
45231
45233
45237
45238
45239
45240
45243
45245
45247
45249
45250
45251
45252
45255
45256
45258
45260
45262
45263
45265
45267
45268
45269
45270
45271
45272
45273
45276
45277
45278
45279
45282
45283
45284
45285
45286
45287
45288
45289
45290
45292
45294
45295
45297
45298
45300
45302
45304
45305
45307
45309
45310
45313
45317
45320
45321
45323
45326
45327
45329
45332
45334
45335
45336
45337
45338
45342
45343
45344
45346
45347
45349
45350
45351
45352
45353
45354
45356
45358
45359
45360
45362
45363
45366
45367
45368
45369
45370
45371
45372
45374
45375
45376
45378
45379
45381
45383
45387
45390
45391
45392
45394
45395
45397
45400
45402
45403
45404
45405
45407
45408
45409
45411
45412
45413
45415
45417
45419
45422
45423
45424
45426
45428
45429
45430
45434
45435
45437
45440
45443
45444
45446
45448
45449
45452
45455
45456
45457
45459
45462
45463
45466
45467
45468
45470
45471
45473
45474
45476
45478
45481
45483
45484
45485
45486
45489
45492
45493
45494
45496
45497
45499
45500
45501
45503
45505
45506
45510
45513
45514
45515
45516
45519
45523
45524
45526
45527
45528
45530
45531
45533
45534
45535
45536
45537
45543
45544
45545
45547
45548
45549
45551
45554
45558
45559
45561
45563
45565
45566
45567
45569
45571
45572
45573
45574
45575
45576
45578
45579
45581
45583
45585
45586
45587
45589
45591
45592
45593
45594
45597
45600
45602
45604
45606
45607
45608
45609
45610
45613
45615
45616
45618
45621
45623
45624
45625
45626
45627
45628
45630
45631
45632
45634
45637
45641
45642
45643
45644
45647
45649
45653
45654
45655
45656
45657
45659
45661
45662
45663
45665
45666
45668
45669
45671
45674
45676
45678
45679
45680
45683
45685
45689
45690
45691
45694
45695
45696
45698
45700
45701
45702
45703
45704
45705
45706
45707
45708
45710
45711
45712
45713
45717
45720
45721
45722
45723
45725
45726
45727
45728
45729
45732
45733
45735
45736
45737
45738
45740
45743
45744
45745
45746
45749
45750
45752
45754
45756
45758
45760
45762
45763
45766
45767
45771
45773
45774
45775
45776
45778
45779
45780
45782
45783
45784
45785
45787
45789
45790
45791
45792
45793
45794
45795
45798
45799
45800
45801
45802
45804
45805
45806
45808
45812
45814
45817
45818
45821
45822
45826
45827
45829
45830
45831
45834
45835
45837
45838
45840
45841
45842
45843
45846
45847
45849
45850
45851
45853
45854
45857
45859
45860
45861
45862
45863
45864
45865
45869
45870
45871
45872
45873
45874
45876
45877
45879
45880
45882
45883
45887
45888
45892
45894
45896
45899
45901
45902
45903
45904
45905
45906
45908
45909
45910
45912
45913
45914
45915
45917
45918
45920
45921
45923
45924
45925
45927
45928
45929
45931
45933
45935
45937
45941
45942
45943
45945
45946
45947
45948
45949
45950
45951
45953
45954
45955
45956
45959
45961
45963
45964
45965
45966
45967
45968
45970
45971
45972
45974
45975
45977
45978
45981
45983
45984
45985
45988
45991
45992
45993
45994
45995
45998
45999
46000
46002
46004
46006
46007
46008
46010
46011
46012
46014
46017
46018
46019
46020
46022
46023
46024
46025
46027
46028
46031
46032
46033
46034
46037
46039
46040
46041
46043
46044
46045
46046
46047
46048
46050
46052
46053
46056
46057
46059
46060
46061
46062
46063
46064
46067
46070
46071
46074
46075
46076
46080
46081
46082
46083
46084
46085
46086
46087
46089
46090
46091
46092
46093
46094
46095
46098
46101
46102
46103
46106
46108
46109
46110
46112
46113
46114
46115
46119
46120
46122
46123
46124
46126
46128
46131
46132
46134
46135
46137
46139
46140
46142
46143
46144
46146
46147
46148
46149
46150
46151
46153
46156
46157
46158
46161
46163
46167
46169
46170
46173
46174
46175
46176
46177
46178
46179
46180
46184
46188
46190
46191
46192
46193
46194
46196
46197
46198
46199
46201
46204
46207
46211
46213
46215
46216
46217
46218
46219
46221
46222
46223
46224
46226
46228
46229
46232
46233
46235
46236
46237
46240
46242
46243
46244
46245
46246
46247
46249
46250
46251
46253
46255
46257
46259
46260
46261
46262
46263
46264
46265
46266
46272
46275
46276
46277
46280
46281
46282
46284
46285
46288
46290
46292
46293
46294
46297
46300
46301
46302
46304
46305
46306
46307
46308
46311
46312
46314
46318
46319
46320
46322
46323
46324
46327
46329
46331
46332
46333
46336
46338
46341
46344
46345
46346
46347
46349
46350
46351
46353
46356
46358
46362
46364
46365
46367
46368
46371
46372
46373
46375
46376
46377
46378
46380
46384
46385
46386
46387
46389
46390
46393
46394
46398
46401
46404
46405
46406
46408
46409
46410
46411
46412
46413
46415
46418
46420
46424
46425
46429
46431
46432
46434
46435
46438
46439
46441
46443
46444
46446
46447
46448
46449
46452
46455
46456
46458
46460
46461
46463
46465
46468
46469
46471
46472
46473
46475
46477
46478
46480
46481
46482
46483
46487
46488
46491
46492
46496
46497
46499
46500
46501
46502
46503
46504
46505
46508
46510
46512
46513
46518
46520
46522
46524
46525
46526
46527
46529
46531
46533
46534
46536
46539
46541
46542
46543
46545
46547
46548
46549
46552
46553
46555
46558
46560
46562
46563
46564
46566
46569
46570
46571
46572
46573
46574
46575
46578
46580
46581
46582
46583
46584
46587
46588
46589
46591
46592
46594
46595
46596
46597
46598
46599
46601
46602
46604
46605
46606
46607
46610
46611
46614
46617
46618
46619
46620
46623
46624
46625
46627
46629
46630
46631
46632
46634
46635
46637
46638
46639
46640
46643
46644
46645
46647
46648
46650
46651
46652
46653
46655
46656
46657
46659
46660
46661
46664
46665
46667
46671
46674
46676
46677
46679
46680
46682
46683
46684
46685
46686
46687
46688
46689
46691
46692
46693
46694
46695
46696
46697
46698
46702
46703
46705
46706
46707
46709
46713
46716
46717
46719
46720
46721
46723
46724
46726
46729
46730
46733
46734
46737
46738
46739
46743
46745
46747
46749
46752
46755
46756
46757
46758
46759
46760
46762
46764
46768
46769
46772
46774
46776
46778
46780
46782
46785
46786
46787
46788
46789
46790
46791
46793
46794
46795
46797
46798
46800
46801
46802
46803
46804
46808
46809
46810
46811
46812
46813
46814
46815
46816
46819
46823
46824
46825
46826
46827
46828
46829
46831
46834
46836
46837
46840
46841
46842
46843
46844
46845
46846
46849
46850
46851
46853
46854
46855
46856
46858
46859
46860
46864
46867
46872
46874
46875
46877
46879
46881
46882
46883
46885
46886
46887
46888
46889
46890
46891
46892
46896
46897
46899
46900
46901
46902
46903
46905
46908
46909
46910
46911
46913
46914
46916
46917
46918
46919
46920
46924
46925
46928
46930
46931
46932
46935
46936
46938
46939
46943
46944
46947
46948
46949
46950
46951
46952
46953
46954
46956
46957
46959
46960
46961
46962
46964
46966
46967
46968
46969
46970
46971
46976
46977
46978
46979
46981
46983
46984
46985
46986
46987
46990
46993
46995
46997
46998
46999
47000
47002
47003
47004
47005
47010
47011
47012
47014
47016
47018
47020
47021
47025
47027
47029
47030
47031
47032
47033
47037
47039
47041
47043
47045
47047
47049
47051
47053
47056
47058
47059
47060
47061
47063
47065
47067
47069
47070
47071
47072
47073
47075
47076
47078
47082
47083
47086
47087
47088
47089
47090
47091
47092
47093
47094
47096
47097
47099
47100
47103
47104
47106
47107
47108
47109
47112
47114
47116
47117
47118
47119
47121
47122
47123
47124
47125
47128
47129
47130
47132
47134
47135
47136
47137
47138
47139
47141
47142
47143
47145
47146
47149
47150
47151
47154
47155
47156
47157
47159
47162
47163
47164
47165
47166
47167
47168
47169
47170
47171
47172
47174
47176
47177
47178
47179
47181
47184
47186
47189
47190
47191
47193
47194
47195
47196
47197
47199
47200
47201
47202
47205
47206
47207
47208
47209
47210
47211
47212
47213
47214
47215
47217
47218
47220
47221
47222
47224
47226
47227
47229
47230
47232
47234
47236
47238
47240
47241
47242
47243
47244
47245
47247
47248
47250
47251
47252
47253
47255
47257
47260
47261
47262
47263
47265
47266
47267
47268
47269
47270
47273
47274
47275
47277
47280
47282
47283
47285
47286
47288
47292
47295
47296
47297
47298
47301
47303
47305
47307
47308
47309
47310
47311
47313
47314
47317
47319
47321
47324
47326
47327
47328
47329
47331
47332
47335
47337
47339
47340
47342
47343
47344
47345
47346
47348
47349
47350
47351
47352
47353
47354
47356
47358
47359
47361
47362
47363
47365
47366
47367
47369
47372
47375
47379
47380
47381
47386
47387
47389
47391
47392
47396
47397
47401
47402
47403
47405
47406
47407
47409
47410
47411
47413
47415
47416
47418
47420
47427
47429
47431
47433
47435
47438
47440
47442
47443
47445
47446
47447
47451
47458
47460
47461
47466
47468
47470
47471
47472
47473
47475
47476
47478
47479
47480
47481
47482
47483
47486
47488
47490
47492
47493
47494
47496
47498
47500
47501
47503
47504
47506
47507
47508
47510
47511
47512
47514
47515
47517
47520
47521
47522
47524
47525
47526
47527
47529
47530
47531
47533
47536
47537
47539
47542
47543
47544
47546
47547
47548
47549
47550
47551
47552
47554
47556
47557
47560
47562
47564
47565
47566
47567
47569
47570
47572
47577
47578
47581
47583
47585
47587
47590
47591
47592
47593
47594
47597
47598
47599
47602
47603
47604
47608
47609
47610
47611
47612
47614
47616
47617
47621
47623
47624
47626
47627
47629
47630
47633
47634
47635
47637
47638
47639
47640
47642
47645
47647
47648
47649
47650
47651
47652
47653
47655
47659
47660
47661
47662
47665
47666
47667
47668
47669
47670
47671
47674
47676
47677
47678
47680
47682
47685
47686
47689
47692
47695
47696
47698
47700
47701
47702
47704
47705
47708
47710
47712
47713
47715
47716
47719
47721
47722
47723
47724
47725
47727
47728
47729
47730
47732
47733
47734
47736
47737
47739
47740
47741
47743
47744
47745
47747
47748
47749
47751
47752
47754
47755
47756
47759
47760
47762
47763
47764
47765
47766
47767
47769
47770
47771
47772
47773
47774
47776
47778
47779
47780
47781
47782
47783
47784
47785
47787
47789
47792
47793
47794
47798
47801
47803
47804
47806
47809
47811
47812
47814
47818
47820
47823
47824
47830
47832
47833
47834
47836
47841
47843
47845
47846
47847
47848
47849
47850
47851
47852
47853
47854
47857
47858
47860
47861
47864
47865
47866
47868
47869
47870
47871
47873
47874
47876
47877
47878
47879
47881
47882
47883
47884
47886
47887
47889
47891
47893
47894
47896
47899
47901
47904
47905
47906
47907
47909
47911
47912
47913
47914
47916
47917
47919
47920
47922
47923
47924
47925
47927
47929
47930
47933
47934
47936
47938
47940
47941
47946
47948
47949
47952
47954
47957
47959
47961
47963
47965
47966
47967
47968
47969
47970
47972
47973
47974
47976
47977
47978
47979
47981
47982
47983
47984
47985
47986
47989
47991
47992
47993
47994
47995
47996
47998
47999
48000
48001
48003
48004
48006
48007
48010
48011
48014
48015
48016
48018
48020
48021
48022
48025
48026
48027
48028
48031
48033
48035
48038
48041
48043
48045
48047
48048
48051
48053
48055
48057
48058
48060
48061
48062
48063
48065
48069
48071
48072
48073
48075
48076
48078
48080
48082
48084
48086
48087
48088
48090
48091
48092
48093
48094
48098
48099
48101
48102
48104
48105
48107
48110
48112
48114
48115
48116
48119
48121
48123
48126
48127
48129
48133
48135
48136
48138
48140
48145
48147
48148
48150
48151
48152
48154
48157
48158
48159
48161
48162
48164
48165
48166
48167
48171
48172
48175
48177
48178
48179
48180
48181
48183
48184
48186
48188
48189
48190
48191
48193
48194
48195
48196
48197
48198
48199
48201
48202
48204
48205
48206
48208
48209
48210
48211
48212
48213
48215
48217
48218
48219
48220
48222
48223
48225
48226
48228
48229
48231
48232
48233
48236
48238
48239
48241
48242
48243
48244
48245
48247
48248
48251
48254
48255
48257
48258
48259
48260
48261
48263
48264
48265
48266
48267
48269
48270
48273
48274
48276
48278
48280
48281
48282
48283
48284
48285
48286
48288
48291
48293
48294
48297
48298
48300
48301
48302
48305
48308
48309
48310
48313
48314
48315
48316
48317
48318
48319
48320
48322
48323
48324
48325
48326
48328
48330
48331
48333
48336
48337
48338
48340
48341
48342
48345
48346
48348
48349
48352
48354
48355
48356
48357
48359
48360
48363
48364
48367
48369
48371
48374
48375
48376
48377
48378
48379
48380
48381
48382
48383
48384
48386
48387
48388
48389
48391
48392
48393
48394
48395
48396
48397
48398
48399
48402
48406
48407
48408
48409
48410
48411
48412
48413
48415
48417
48419
48422
48423
48424
48425
48426
48427
48428
48429
48430
48433
48436
48438
48439
48442
48443
48444
48447
48449
48452
48453
48457
48459
48461
48462
48465
48466
48468
48469
48470
48472
48473
48475
48476
48478
48479
48481
48482
48484
48486
48487
48488
48489
48492
48493
48494
48497
48500
48503
48504
48505
48509
48510
48512
48513
48514
48515
48516
48519
48520
48521
48522
48523
48524
48525
48526
48527
48528
48529
48532
48533
48534
48536
48538
48539
48541
48543
48544
48545
48547
48548
48550
48553
48554
48556
48557
48558
48559
48560
48562
48563
48566
48567
48569
48570
48572
48574
48575
48576
48578
48579
48580
48581
48584
48585
48586
48587
48588
48591
48593
48594
48595
48596
48597
48598
48599
48600
48601
48604
48605
48607
48608
48609
48610
48612
48613
48614
48615
48616
48617
48620
48623
48625
48626
48627
48631
48632
48633
48634
48635
48636
48637
48638
48639
48640
48641
48643
48644
48645
48646
48649
48650
48653
48654
48657
48658
48659
48660
48662
48663
48665
48667
48669
48671
48672
48674
48676
48679
48680
48683
48684
48685
48687
48688
48689
48691
48693
48694
48696
48697
48698
48699
48700
48702
48703
48706
48709
48710
48711
48715
48717
48718
48720
48721
48722
48723
48726
48727
48728
48731
48735
48736
48737
48738
48740
48741
48742
48744
48745
48746
48748
48749
48752
48754
48755
48756
48757
48759
48761
48763
48764
48765
48766
48768
48770
48772
48774
48776
48777
48779
48780
48781
48782
48783
48784
48787
48790
48791
48793
48794
48796
48799
48802
48805
48806
48807
48808
48809
48810
48814
48816
48817
48818
48819
48821
48823
48825
48828
48829
48831
48834
48835
48837
48838
48839
48840
48842
48843
48844
48845
48846
48849
48850
48852
48853
48854
48855
48856
48858
48859
48860
48861
48862
48863
48864
48866
48867
48869
48871
48872
48873
48874
48875
48876
48877
48879
48880
48881
48882
48884
48887
48888
48889
48890
48891
48892
48895
48896
48897
48898
48900
48901
48902
48905
48908
48909
48910
48912
48913
48914
48916
48918
48919
48920
48922
48924
48926
48928
48930
48932
48934
48937
48938
48939
48941
48942
48944
48946
48947
48949
48950
48952
48953
48955
48956
48959
48960
48961
48962
48963
48967
48969
48970
48971
48973
48975
48976
48977
48979
48982
48983
48984
48985
48986
48988
48989
48990
48995
48997
48998
48999
49000
49002
49004
49005
49006
49008
49009
49010
49011
49013
49014
49015
49016
49018
49019
49021
49023
49024
49026
49029
49030
49031
49033
49034
49036
49038
49039
49040
49041
49042
49043
49044
49047
49050
49052
49055
49056
49057
49058
49060
49061
49062
49063
49064
49067
49068
49070
49071
49073
49075
49077
49078
49079
49084
49085
49086
49089
49090
49091
49092
49093
49094
49095
49096
49098
49099
49102
49103
49104
49106
49107
49108
49109
49110
49112
49113
49114
49116
49117
49118
49120
49121
49123
49124
49126
49128
49131
49132
49133
49135
49136
49137
49139
49140
49141
49144
49145
49146
49148
49149
49150
49151
49152
49154
49155
49156
49157
49159
49161
49162
49164
49165
49166
49168
49169
49171
49172
49173
49175
49176
49177
49179
49180
49181
49182
49183
49184
49188
49189
49191
49192
49193
49194
49196
49197
49199
49200
49202
49204
49205
49207
49209
49211
49214
49217
49218
49221
49222
49223
49224
49225
49226
49227
49228
49230
49231
49232
49234
49235
49236
49237
49238
49239
49240
49243
49246
49247
49249
49250
49252
49253
49254
49256
49257
49258
49259
49260
49261
49262
49264
49265
49267
49270
49271
49273
49277
49279
49281
49282
49283
49285
49288
49292
49294
49295
49297
49298
49299
49300
49302
49303
49305
49306
49308
49309
49310
49311
49312
49313
49314
49315
49316
49317
49318
49320
49323
49325
49327
49328
49329
49330
49332
49333
49334
49338
49340
49342
49344
49347
49348
49351
49353
49354
49355
49356
49358
49359
49360
49361
49362
49363
49365
49366
49369
49370
49372
49373
49374
49375
49376
49377
49378
49379
49381
49383
49384
49386
49387
49389
49390
49392
49394
49395
49397
49399
49400
49401
49403
49405
49411
49412
49414
49416
49418
49420
49423
49425
49427
49428
49431
49432
49433
49434
49435
49437
49438
49439
49443
49444
49445
49447
49450
49451
49452
49453
49455
49456
49458
49460
49461
49462
49463
49466
49468
49469
49470
49471
49473
49475
49477
49478
49479
49480
49482
49483
49486
49487
49489
49490
49491
49493
49494
49496
49497
49498
49501
49503
49504
49505
49506
49509
49511
49512
49515
49516
49518
49522
49523
49524
49525
49528
49529
49530
49531
49535
49536
49538
49541
49542
49543
49544
49546
49547
49548
49550
49551
49553
49556
49560
49561
49562
49563
49564
49565
49566
49567
49568
49569
49570
49571
49573
49575
49577
49578
49579
49581
49583
49584
49585
49586
49587
49588
49589
49592
49595
49596
49597
49598
49601
49603
49606
49609
49610
49612
49613
49614
49615
49616
49617
49618
49619
49621
49622
49624
49626
49627
49630
49631
49632
49633
49635
49637
49638
49642
49643
49644
49646
49647
49649
49650
49652
49654
49655
49656
49658
49659
49662
49664
49666
49668
49671
49673
49674
49675
49676
49677
49678
49680
49683
49685
49688
49690
49691
49692
49694
49695
49696
49697
49698
49699
49700
49701
49703
49704
49705
49707
49710
49711
49713
49715
49716
49718
49719
49720
49722
49723
49724
49725
49726
49728
49729
49730
49731
49732
49735
49736
49739
49742
49744
49746
49747
49748
49750
49751
49754
49755
49756
49757
49758
49759
49762
49763
49764
49765
49766
49767
49769
49770
49772
49775
49776
49777
49779
49780
49782
49783
49784
49785
49787
49791
49792
49796
49798
49802
49803
49804
49805
49807
49809
49810
49811
49813
49814
49815
49816
49817
49819
49821
49822
49824
49826
49827
49828
49829
49830
49832
49834
49835
49839
49842
49843
49845
49846
49847
49849
49850
49852
49853
49855
49856
49858
49860
49861
49862
49863
49864
49866
49868
49869
49870
49871
49875
49876
49877
49878
49879
49880
49881
49884
49885
49888
49889
49892
49893
49894
49896
49897
49898
49901
49902
49903
49905
49906
49907
49908
49909
49912
49913
49914
49916
49918
49919
49921
49923
49924
49925
49926
49928
49930
49932
49934
49935
49936
49939
49941
49942
49943
49946
49947
49949
49950
49953
49957
49958
49960
49961
49962
49965
49967
49968
49970
49972
49974
49976
49978
49979
49980
49982
49983
49984
49985
49986
49987
49989
49991
49992
49993
49994
49996
49997
50001
50002
50003
50005
50007
50008
50009
50011
50013
50015
50016
50017
50020
50021
50022
50023
50024
50026
50027
50028
50029
50030
50031
50035
50036
50038
50039
50040
50041
50042
50044
50045
50047
50048
50050
50051
50053
50054
50056
50057
50058
50062
50064
50065
50066
50067
50068
50070
50073
50075
50076
50077
50078
50080
50082
50083
50084
50086
50087
50089
50090
50091
50093
50094
50096
50098
50099
50101
50103
50104
50105
50106
50107
50108
50110
50112
50113
50115
50117
50119
50120
50121
50122
50124
50126
50127
50129
50130
50133
50134
50136
50139
50142
50145
50146
50148
50149
50150
50152
50153
50154
50155
50156
50157
50158
50160
50161
50164
50165
50167
50168
50169
50172
50174
50175
50176
50177
50179
50180
50183
50184
50185
50186
50187
50190
50191
50192
50193
50194
50196
50200
50201
50202
50204
50206
50207
50211
50214
50215
50216
50218
50220
50224
50225
50227
50228
50229
50231
50232
50234
50235
50236
50237
50239
50242
50243
50244
50245
50247
50248
50249
50250
50253
50255
50256
50258
50259
50260
50262
50263
50264
50266
50268
50270
50272
50273
50274
50275
50277
50278
50279
50283
50285
50286
50288
50289
50291
50292
50293
50296
50297
50299
50300
50301
50303
50305
50306
50307
50308
50315
50316
50317
50318
50319
50320
50321
50322
50323
50324
50326
50327
50330
50331
50332
50334
50335
50336
50337
50338
50339
50341
50342
50344
50347
50348
50349
50350
50351
50352
50354
50356
50358
50359
50360
50361
50362
50363
50364
50365
50367
50369
50370
50371
50373
50374
50376
50377
50379
50380
50382
50383
50384
50385
50387
50388
50390
50391
50392
50393
50395
50396
50397
50400
50401
50402
50403
50404
50405
50407
50408
50411
50413
50415
50416
50419
50420
50421
50425
50426
50427
50428
50429
50431
50432
50433
50435
50436
50439
50440
50441
50442
50443
50444
50447
50448
50449
50450
50451
50452
50453
50454
50455
50456
50457
50458
50459
50460
50462
50464
50466
50467
50468
50471
50472
50473
50474
50475
50479
50480
50481
50482
50483
50484
50486
50487
50489
50490
50491
50492
50494
50496
50497
50498
50500
50501
50502
50503
50504
50508
50510
50511
50512
50514
50517
50518
50519
50521
50522
50524
50525
50526
50527
50528
50530
50532
50534
50535
50536
50537
50538
50540
50541
50543
50544
50545
50547
50549
50551
50553
50555
50556
50557
50558
50559
50560
50561
50562
50565
50568
50569
50572
50573
50574
50575
50576
50578
50579
50581
50583
50584
50587
50588
50590
50591
50593
50596
50597
50598
50599
50601
50602
50603
50604
50605
50608
50611
50613
50614
50616
50618
50620
50621
50623
50624
50625
50626
50627
50628
50629
50632
50636
50638
50640
50641
50643
50646
50648
50650
50651
50652
50653
50656
50658
50659
50660
50661
50662
50663
50664
50667
50670
50671
50672
50673
50674
50675
50676
50677
50679
50680
50683
50684
50685
50687
50688
50689
50690
50691
50692
50694
50696
50698
50700
50701
50702
50704
50705
50706
50707
50708
50709
50710
50712
50715
50716
50719
50720
50721
50722
50723
50724
50726
50727
50728
50732
50733
50738
50739
50740
50741
50742
50745
50747
50748
50750
50751
50752
50754
50755
50756
50758
50760
50762
50764
50765
50768
50770
50771
50772
50774
50777
50779
50780
50781
50782
50783
50784
50785
50788
50791
50792
50794
50798
50799
50800
50802
50804
50805
50808
50811
50813
50814
50815
50818
50820
50821
50822
50823
50824
50825
50826
50828
50830
50831
50836
50837
50838
50839
50840
50842
50843
50844
50845
50846
50847
50849
50852
50854
50856
50857
50859
50861
50862
50864
50867
50868
50871
50872
50873
50876
50877
50878
50879
50881
50884
50886
50889
50891
50894
50895
50896
50901
50902
50903
50905
50907
50909
50910
50911
50913
50914
50916
50917
50918
50919
50921
50923
50924
50925
50926
50928
50929
50931
50934
50935
50936
50939
50943
50944
50946
50947
50950
50953
50954
50955
50957
50958
50960
50961
50965
50966
50967
50969
50970
50975
50978
50981
50983
50984
50986
50987
50989
50991
50993
50995
50996
50997
50999
51000
51002
51003
51004
51005
51006
51009
51011
51012
51013
51014
51015
51017
51019
51021
51022
51024
51025
51028
51030
51031
51033
51034
51038
51039
51040
51041
51042
51045
51046
51047
51048
51049
51050
51051
51052
51053
51054
51056
51057
51058
51059
51060
51061
51064
51065
51066
51067
51068
51069
51070
51071
51072
51073
51075
51078
51079
51080
51081
51082
51084
51085
51086
51087
51088
51089
51090
51091
51092
51093
51094
51095
51097
51100
51101
51104
51105
51106
51108
51109
51110
51111
51112
51114
51116
51117
51118
51119
51122
51124
51125
51126
51128
51130
51132
51134
51135
51137
51138
51141
51142
51143
51145
51146
51147
51148
51149
51151
51156
51157
51158
51160
51162
51163
51164
51165
51167
51170
51171
51172
51173
51174
51176
51178
51179
51181
51182
51186
51188
51189
51190
51191
51194
51195
51196
51197
51198
51199
51200
51203
51205
51206
51207
51208
51211
51212
51213
51214
51215
51216
51217
51218
51220
51221
51222
51223
51224
51225
51228
51230
51231
51232
51233
51234
51235
51236
51237
51238
51242
51243
51244
51245
51246
51247
51248
51249
51250
51254
51255
51256
51258
51259
51261
51264
51265
51266
51268
51269
51272
51274
51275
51277
51279
51281
51283
51285
51287
51288
51291
51293
51295
51296
51297
51298
51300
51301
51303
51305
51306
51307
51309
51310
51312
51314
51315
51318
51319
51320
51321
51322
51323
51324
51326
51327
51329
51331
51332
51333
51334
51335
51337
51339
51340
51341
51342
51343
51344
51346
51347
51349
51352
51354
51356
51357
51360
51361
51363
51364
51365
51366
51368
51369
51372
51373
51374
51375
51376
51377
51380
51381
51384
51388
51389
51391
51392
51393
51394
51395
51396
51398
51402
51404
51407
51410
51412
51413
51415
51416
51417
51418
51420
51422
51424
51426
51428
51432
51434
51435
51438
51439
51441
51442
51444
51445
51446
51447
51449
51452
51454
51455
51456
51458
51461
51462
51464
51466
51467
51468
51469
51470
51471
51472
51474
51475
51477
51479
51481
51483
51485
51486
51487
51489
51491
51492
51494
51496
51497
51498
51499
51501
51503
51506
51507
51509
51511
51513
51514
51516
51520
51521
51522
51523
51526
51528
51529
51531
51534
51536
51538
51540
51541
51544
51548
51551
51552
51553
51554
51555
51556
51557
51558
51559
51561
51563
51564
51565
51566
51568
51570
51572
51573
51575
51576
51577
51578
51581
51582
51584
51585
51587
51589
51590
51591
51595
51597
51599
51601
51603
51605
51608
51609
51610
51611
51612
51617
51619
51620
51622
51623
51624
51625
51626
51627
51628
51632
51634
51635
51636
51637
51639
51642
51644
51645
51646
51647
51648
51650
51652
51653
51656
51657
51659
51661
51662
51664
51667
51669
51670
51671
51672
51673
51675
51677
51678
51681
51684
51685
51687
51688
51689
51690
51692
51693
51694
51695
51696
51697
51700
51702
51703
51704
51705
51706
51707
51708
51709
51711
51713
51715
51716
51717
51719
51722
51723
51724
51725
51726
51727
51729
51730
51732
51733
51734
51735
51736
51738
51739
51740
51741
51743
51744
51745
51746
51747
51748
51750
51751
51754
51755
51757
51758
51759
51761
51762
51764
51765
51766
51768
51771
51774
51775
51776
51778
51779
51780
51783
51784
51785
51787
51788
51789
51790
51791
51792
51794
51795
51796
51798
51799
51800
51802
51803
51806
51807
51808
51810
51811
51812
51813
51815
51816
51817
51818
51819
51820
51821
51822
51823
51824
51826
51827
51830
51831
51832
51834
51836
51838
51839
51842
51843
51844
51848
51852
51853
51856
51857
51858
51860
51861
51863
51865
51866
51868
51869
51870
51873
51875
51876
51885
51886
51888
51891
51892
51894
51896
51898
51899
51901
51902
51905
51907
51909
51912
51913
51914
51915
51916
51917
51918
51920
51925
51926
51927
51928
51929
51930
51931
51935
51936
51937
51941
51943
51944
51945
51947
51949
51950
51952
51953
51959
51960
51963
51964
51965
51968
51970
51971
51972
51974
51977
51978
51979
51981
51982
51983
51984
51987
51988
51989
51993
51996
51997
51999
52000
52001
52002
52005
52008
52011
52013
52014
52015
52017
52018
52019
52020
52022
52023
52025
52027
52028
52031
52033
52034
52035
52036
52037
52040
52041
52043
52044
52045
52046
52048
52049
52050
52051
52052
52053
52055
52056
52058
52061
52064
52066
52067
52070
52071
52073
52074
52076
52077
52078
52081
52082
52084
52085
52087
52088
52089
52090
52093
52094
52098
52099
52101
52103
52104
52107
52108
52109
52110
52113
52114
52115
52117
52118
52120
52122
52126
52128
52131
52133
52134
52135
52137
52138
52139
52141
52142
52144
52145
52148
52149
52151
52152
52153
52154
52157
52159
52161
52162
52164
52165
52168
52169
52170
52173
52174
52175
52176
52178
52179
52180
52181
52182
52183
52184
52187
52189
52190
52191
52192
52193
52195
52196
52198
52199
52204
52206
52207
52208
52210
52212
52214
52216
52218
52219
52220
52221
52225
52226
52227
52229
52231
52233
52235
52238
52240
52241
52243
52248
52249
52250
52251
52253
52254
52256
52259
52260
52261
52263
52264
52265
52266
52269
52271
52272
52273
52274
52275
52277
52278
52279
52286
52287
52289
52291
52295
52296
52297
52299
52300
52302
52303
52304
52305
52306
52307
52309
52310
52311
52312
52313
52314
52315
52316
52320
52321
52322
52324
52326
52328
52329
52330
52332
52334
52338
52341
52343
52345
52347
52348
52349
52351
52352
52353
52355
52356
52357
52360
52361
52362
52363
52364
52366
52367
52368
52369
52370
52371
52374
52375
52377
52380
52381
52384
52386
52390
52391
52392
52393
52395
52396
52399
52400
52401
52403
52404
52405
52406
52407
52408
52410
52411
52414
52416
52419
52422
52423
52425
52428
52429
52431
52432
52434
52436
52438
52439
52442
52447
52449
52451
52452
52453
52454
52455
52456
52457
52458
52459
52463
52464
52466
52467
52468
52469
52470
52473
52475
52476
52477
52478
52481
52482
52485
52488
52489
52490
52491
52497
52498
52499
52501
52502
52504
52506
52507
52509
52511
52512
52514
52515
52516
52518
52519
52521
52524
52525
52526
52527
52529
52532
52533
52535
52537
52539
52540
52541
52543
52544
52546
52548
52550
52554
52555
52556
52558
52559
52561
52562
52563
52564
52565
52566
52568
52570
52573
52574
52575
52577
52578
52579
52580
52582
52584
52585
52586
52588
52589
52591
52592
52593
52594
52597
52601
52604
52607
52609
52610
52612
52613
52614
52615
52617
52620
52621
52622
52623
52624
52626
52627
52628
52630
52632
52633
52638
52643
52645
52646
52647
52649
52650
52651
52652
52653
52654
52655
52656
52658
52659
52660
52661
52662
52663
52664
52668
52670
52672
52674
52675
52677
52678
52680
52682
52683
52684
52686
52687
52688
52691
52694
52697
52698
52700
52702
52703
52704
52705
52707
52708
52710
52712
52714
52715
52716
52717
52718
52719
52721
52722
52723
52726
52728
52729
52731
52733
52736
52738
52740
52741
52744
52746
52749
52751
52752
52754
52755
52758
52759
52760
52762
52763
52765
52766
52767
52770
52772
52773
52774
52776
52777
52778
52779
52780
52781
52782
52783
52784
52785
52786
52789
52792
52793
52794
52795
52796
52797
52799
52800
52801
52802
52803
52804
52805
52806
52807
52809
52810
52812
52813
52814
52816
52819
52821
52822
52826
52828
52829
52831
52832
52833
52835
52837
52838
52839
52840
52841
52842
52843
52844
52845
52846
52847
52849
52850
52852
52853
52856
52859
52860
52861
52863
52864
52865
52867
52869
52870
52872
52873
52875
52876
52880
52881
52883
52884
52885
52888
52890
52893
52895
52897
52900
52905
52906
52907
52911
52913
52915
52916
52917
52918
52921
52923
52926
52927
52930
52931
52933
52934
52935
52937
52940
52943
52944
52945
52946
52948
52950
52951
52954
52955
52956
52957
52959
52961
52962
52963
52964
52965
52968
52969
52970
52971
52973
52974
52975
52976
52979
52980
52983
52987
52990
52993
52995
52996
52997
53001
53002
53004
53005
53007
53008
53009
53013
53014
53015
53018
53019
53024
53025
53027
53029
53030
53031
53035
53036
53038
53039
53042
53043
53044
53046
53048
53049
53052
53053
53054
53057
53060
53061
53064
53066
53068
53074
53077
53078
53080
53082
53083
53085
53088
53090
53091
53093
53094
53095
53096
53099
53101
53102
53103
53104
53106
53108
53109
53110
53111
53114
53116
53117
53119
53121
53122
53123
53124
53127
53128
53130
53134
53136
53137
53139
53141
53142
53143
53144
53145
53146
53147
53148
53150
53151
53152
53154
53156
53158
53160
53161
53162
53163
53164
53165
53168
53170
53172
53173
53174
53175
53177
53179
53180
53181
53182
53183
53184
53185
53186
53188
53189
53190
53193
53196
53198
53199
53201
53202
53203
53206
53207
53210
53211
53212
53216
53219
53223
53224
53226
53228
53230
53231
53232
53233
53236
53237
53239
53240
53241
53243
53245
53246
53247
53248
53249
53252
53253
53254
53255
53258
53259
53260
53262
53263
53265
53267
53268
53269
53270
53271
53272
53274
53275
53276
53279
53281
53283
53284
53286
53287
53289
53291
53292
53293
53294
53296
53297
53298
53299
53301
53303
53304
53305
53306
53308
53309
53311
53312
53313
53314
53316
53317
53318
53319
53321
53326
53328
53329
53331
53332
53333
53335
53337
53339
53341
53342
53344
53346
53347
53348
53349
53350
53352
53357
53358
53360
53361
53363
53364
53366
53368
53369
53373
53374
53376
53377
53378
53381
53382
53385
53386
53388
53390
53391
53393
53395
53397
53401
53402
53403
53404
53405
53406
53408
53411
53414
53415
53416
53419
53420
53421
53423
53424
53425
53426
53427
53429
53432
53434
53436
53437
53439
53440
53442
53443
53444
53445
53448
53449
53452
53455
53457
53458
53459
53460
53461
53462
53466
53467
53468
53469
53470
53472
53473
53475
53476
53477
53478
53479
53480
53481
53482
53484
53485
53486
53487
53489
53491
53493
53495
53498
53500
53502
53504
53505
53506
53507
53509
53511
53512
53516
53517
53518
53519
53520
53521
53522
53524
53525
53527
53529
53530
53531
53533
53534
53536
53538
53539
53540
53543
53544
53545
53547
53550
53551
53552
53554
53555
53556
53557
53559
53560
53562
53563
53564
53565
53566
53567
53568
53570
53571
53572
53574
53578
53580
53582
53583
53585
53588
53592
53596
53597
53599
53602
53603
53604
53608
53609
53612
53613
53614
53615
53616
53617
53623
53625
53626
53627
53628
53629
53630
53631
53633
53635
53637
53638
53641
53643
53645
53649
53650
53651
53652
53654
53656
53657
53658
53659
53660
53663
53664
53665
53666
53667
53668
53670
53672
53673
53677
53678
53680
53682
53683
53684
53685
53686
53687
53690
53691
53694
53697
53699
53700
53702
53703
53705
53707
53709
53710
53711
53712
53714
53715
53717
53718
53719
53721
53722
53723
53724
53725
53728
53729
53730
53733
53734
53735
53736
53737
53738
53739
53742
53743
53744
53745
53746
53748
53749
53750
53751
53752
53753
53754
53756
53758
53759
53761
53762
53763
53764
53767
53768
53769
53772
53777
53778
53779
53780
53783
53786
53788
53790
53792
53793
53794
53795
53796
53797
53798
53801
53802
53803
53806
53808
53811
53813
53815
53816
53817
53819
53820
53822
53825
53828
53829
53830
53831
53832
53834
53836
53839
53841
53842
53845
53847
53848
53849
53851
53852
53855
53856
53857
53858
53860
53861
53862
53864
53866
53868
53869
53870
53872
53873
53875
53877
53880
53883
53884
53885
53886
53888
53890
53892
53893
53894
53896
53897
53898
53900
53901
53902
53903
53904
53905
53906
53908
53909
53910
53911
53913
53914
53916
53918
53919
53920
53921
53922
53923
53924
53925
53927
53928
53930
53931
53932
53933
53935
53938
53940
53941
53942
53944
53945
53946
53948
53952
53953
53956
53957
53958
53959
53960
53961
53963
53964
53965
53966
53970
53972
53973
53976
53977
53979
53980
53983
53984
53986
53987
53991
53992
53994
53996
53997
53998
54003
54004
54005
54007
54010
54011
54013
54015
54016
54017
54018
54019
54020
54022
54023
54024
54026
54027
54031
54032
54037
54039
54040
54042
54045
54047
54048
54049
54050
54051
54054
54056
54058
54059
54060
54062
54063
54064
54065
54066
54067
54068
54069
54073
54074
54075
54076
54077
54078
54080
54081
54082
54083
54085
54086
54088
54090
54091
54093
54094
54095
54097
54099
54101
54102
54103
54105
54109
54111
54113
54115
54116
54120
54122
54123
54124
54125
54126
54129
54132
54134
54136
54138
54139
54140
54141
54142
54143
54145
54147
54149
54150
54151
54152
54155
54156
54157
54158
54159
54161
54162
54163
54164
54165
54166
54167
54168
54171
54172
54173
54174
54175
54176
54178
54179
54180
54183
54184
54185
54186
54188
54191
54192
54193
54197
54198
54199
54201
54203
54205
54206
54207
54208
54209
54210
54213
54214
54215
54216
54219
54220
54221
54222
54223
54227
54229
54230
54232
54234
54237
54239
54240
54241
54245
54247
54248
54249
54251
54252
54253
54254
54258
54264
54267
54269
54271
54273
54275
54276
54277
54279
54280
54281
54286
54287
54290
54291
54293
54296
54297
54298
54299
54301
54303
54304
54305
54306
54307
54309
54310
54311
54312
54313
54317
54318
54319
54320
54323
54324
54327
54328
54329
54330
54331
54332
54333
54334
54335
54339
54341
54342
54343
54344
54345
54350
54353
54354
54355
54356
54360
54361
54364
54365
54366
54367
54368
54371
54372
54373
54375
54376
54381
54382
54384
54385
54386
54389
54390
54391
54392
54393
54396
54397
54399
54400
54401
54403
54404
54405
54407
54410
54411
54412
54414
54417
54418
54421
54422
54424
54426
54427
54428
54430
54435
54437
54439
54442
54443
54445
54447
54448
54450
54452
54453
54454
54456
54458
54459
54460
54462
54463
54464
54466
54467
54468
54470
54471
54472
54474
54477
54481
54482
54484
54485
54486
54489
54490
54492
54495
54496
54497
54498
54499
54504
54507
54508
54509
54510
54512
54513
54514
54517
54518
54519
54522
54523
54524
54526
54528
54529
54530
54533
54535
54536
54537
54538
54539
54540
54541
54543
54544
54545
54546
54547
54549
54550
54552
54553
54554
54557
54558
54559
54561
54562
54563
54564
54567
54568
54570
54572
54574
54575
54576
54578
54579
54580
54582
54583
54584
54585
54586
54588
54590
54591
54592
54593
54594
54595
54598
54599
54600
54601
54604
54606
54611
54613
54614
54615
54616
54617
54618
54619
54620
54625
54626
54627
54630
54633
54635
54636
54637
54639
54641
54643
54644
54645
54646
54647
54648
54649
54651
54652
54654
54657
54659
54660
54662
54664
54665
54667
54668
54669
54670
54671
54672
54673
54675
54676
54677
54679
54681
54682
54684
54686
54687
54688
54690
54691
54692
54695
54696
54697
54698
54700
54701
54702
54703
54705
54706
54707
54710
54711
54712
54714
54716
54717
54718
54719
54721
54723
54726
54727
54728
54730
54732
54733
54736
54737
54738
54739
54741
54742
54743
54744
54746
54747
54748
54749
54751
54752
54755
54757
54758
54760
54761
54762
54764
54766
54767
54768
54769
54770
54771
54772
54775
54776
54778
54780
54781
54782
54783
54785
54787
54789
54793
54798
54800
54803
54805
54806
54808
54809
54811
54812
54814
54816
54818
54822
54824
54825
54828
54829
54830
54831
54832
54833
54835
54836
54839
54841
54843
54844
54845
54846
54847
54848
54849
54850
54851
54852
54853
54855
54857
54858
54859
54860
54861
54862
54863
54864
54865
54867
54869
54871
54873
54874
54877
54878
54879
54880
54881
54882
54888
54891
54893
54895
54896
54897
54898
54899
54900
54901
54902
54904
54905
54906
54907
54908
54910
54911
54912
54913
54916
54917
54918
54919
54922
54924
54925
54927
54929
54930
54932
54933
54934
54936
54938
54939
54940
54941
54943
54945
54946
54948
54949
54950
54951
54952
54953
54955
54956
54957
54958
54959
54962
54963
54964
54966
54968
54969
54970
54971
54972
54974
54976
54980
54982
54986
54988
54989
54990
54992
54993
54994
54995
54997
54998
54999
55000
55001
55003
55004
55005
55006
55007
55008
55010
55012
55014
55017
55019
55020
55021
55022
55023
55024
55025
55026
55028
55030
55031
55033
55034
55036
55039
55040
55041
55042
55043
55044
55046
55048
55049
55051
55052
55054
55055
55057
55059
55061
55062
55063
55064
55065
55066
55067
55068
55069
55070
55073
55075
55076
55078
55079
55082
55083
55084
55085
55086
55087
55088
55089
55090
55091
55093
55094
55097
55099
55100
55101
55103
55104
55105
55106
55108
55109
55112
55113
55115
55118
55119
55124
55125
55126
55127
55128
55129
55131
55132
55133
55135
55136
55138
55139
55140
55142
55144
55146
55148
55150
55153
55155
55156
55157
55159
55160
55161
55162
55163
55164
55166
55167
55169
55170
55172
55173
55174
55175
55176
55179
55180
55181
55182
55183
55185
55187
55189
55190
55191
55192
55193
55194
55195
55197
55198
55200
55202
55204
55205
55206
55208
55209
55210
55211
55212
55214
55215
55217
55218
55219
55224
55225
55226
55227
55229
55232
55233
55235
55237
55240
55242
55243
55246
55247
55249
55250
55251
55254
55257
55258
55259
55261
55262
55264
55267
55268
55269
55272
55273
55274
55275
55277
55278
55279
55284
55285
55287
55289
55290
55291
55292
55293
55294
55296
55298
55299
55300
55302
55304
55305
55309
55310
55312
55313
55317
55318
55321
55322
55323
55325
55326
55327
55328
55329
55330
55331
55332
55334
55335
55336
55337
55338
55340
55343
55344
55345
55346
55347
55349
55350
55352
55355
55356
55359
55363
55364
55365
55366
55367
55368
55369
55370
55371
55374
55375
55376
55377
55379
55380
55381
55382
55383
55385
55387
55389
55390
55392
55394
55397
55398
55400
55401
55402
55403
55404
55405
55406
55407
55408
55409
55410
55411
55412
55415
55416
55417
55418
55419
55421
55423
55424
55425
55428
55430
55432
55433
55434
55437
55438
55439
55440
55442
55444
55445
55446
55447
55449
55450
55451
55452
55458
55459
55462
55463
55464
55465
55466
55467
55469
55471
55472
55476
55477
55479
55480
55481
55482
55484
55485
55487
55488
55489
55491
55492
55493
55494
55495
55497
55498
55499
55500
55501
55503
55504
55505
55507
55510
55513
55514
55518
55521
55523
55524
55525
55526
55527
55528
55530
55531
55532
55533
55535
55537
55538
55539
55540
55541
55543
55544
55545
55547
55548
55549
55551
55553
55555
55556
55557
55558
55559
55560
55561
55562
55563
55564
55565
55567
55570
55571
55572
55574
55575
55576
55577
55578
55579
55580
55581
55583
55586
55587
55588
55589
55590
55592
55593
55594
55595
55596
55597
55598
55600
55601
55603
55604
55605
55608
55609
55610
55611
55614
55615
55618
55619
55620
55622
55623
55625
55626
55627
55628
55630
55632
55633
55634
55635
55637
55638
55639
55640
55641
55643
55644
55645
55646
55647
55651
55653
55654
55655
55656
55658
55660
55661
55664
55666
55667
55668
55669
55670
55671
55672
55673
55674
55675
55678
55679
55681
55682
55683
55684
55685
55686
55687
55688
55689
55691
55693
55696
55697
55699
55700
55701
55705
55706
55707
55708
55709
55710
55711
55713
55714
55715
55717
55718
55719
55721
55723
55724
55725
55726
55729
55730
55731
55733
55734
55735
55736
55742
55743
55744
55745
55748
55750
55752
55753
55756
55757
55758
55760
55761
55762
55763
55764
55765
55766
55768
55769
55770
55772
55774
55775
55777
55778
55779
55780
55782
55783
55784
55786
55787
55788
55789
55790
55791
55793
55795
55796
55798
55799
55801
55804
55806
55808
55809
55812
55814
55815
55817
55818
55819
55820
55821
55822
55825
55826
55828
55829
55830
55831
55832
55837
55838
55839
55840
55841
55843
55846
55847
55849
55850
55852
55853
55855
55857
55858
55859
55860
55861
55864
55865
55868
55869
55871
55872
55873
55875
55877
55878
55879
55881
55883
55885
55889
55890
55891
55892
55893
55894
55895
55898
55899
55900
55901
55903
55905
55906
55907
55908
55909
55911
55912
55913
55914
55915
55918
55920
55922
55923
55924
55926
55927
55930
55931
55932
55933
55934
55935
55936
55937
55939
55943
55944
55945
55946
55947
55949
55950
55951
55952
55953
55954
55955
55956
55957
55958
55959
55961
55963
55964
55965
55966
55967
55968
55969
55970
55971
55972
55973
55975
55978
55979
55980
55981
55982
55983
55985
55987
55988
55989
55990
55991
55992
55993
55994
55996
55998
56000
56001
56002
56003
56004
56007
56008
56010
56011
56012
56014
56016
56017
56018
56020
56021
56022
56023
56025
56027
56028
56029
56030
56031
56032
56033
56034
56035
56037
56039
56041
56042
56044
56046
56047
56050
56052
56053
56055
56057
56059
56060
56061
56064
56065
56066
56068
56069
56070
56071
56073
56074
56075
56077
56078
56079
56080
56081
56082
56083
56084
56086
56088
56090
56091
56092
56094
56095
56096
56098
56099
56100
56101
56103
56104
56106
56108
56110
56112
56113
56114
56117
56118
56121
56122
56123
56124
56125
56126
56127
56128
56129
56132
56137
56139
56140
56142
56143
56147
56148
56149
56152
56154
56156
56157
56158
56161
56165
56166
56168
56171
56172
56176
56178
56179
56180
56182
56183
56184
56185
56186
56187
56188
56190
56191
56192
56193
56199
56201
56203
56207
56208
56209
56211
56212
56214
56215
56216
56219
56220
56221
56222
56224
56226
56227
56229
56230
56231
56232
56233
56237
56238
56239
56240
56241
56242
56243
56244
56245
56246
56248
56249
56250
56252
56254
56257
56258
56259
56260
56262
56263
56264
56266
56267
56268
56269
56270
56271
56273
56276
56279
56282
56283
56286
56290
56291
56292
56293
56296
56297
56298
56300
56301
56302
56304
56307
56310
56311
56312
56313
56314
56315
56317
56318
56319
56320
56323
56324
56325
56326
56327
56328
56329
56330
56331
56333
56334
56335
56336
56337
56340
56342
56343
56344
56345
56346
56347
56350
56351
56352
56355
56356
56358
56360
56361
56362
56363
56364
56365
56366
56368
56369
56372
56374
56375
56377
56379
56380
56381
56382
56384
56385
56386
56387
56388
56391
56394
56395
56396
56397
56398
56399
56400
56403
56404
56405
56409
56410
56411
56417
56418
56421
56422
56423
56424
56425
56427
56428
56429
56430
56432
56433
56435
56436
56438
56441
56444
56446
56447
56449
56452
56454
56455
56456
56457
56458
56460
56462
56463
56464
56465
56466
56467
56469
56470
56471
56474
56475
56478
56479
56481
56482
56484
56485
56486
56487
56490
56491
56493
56495
56496
56497
56498
56499
56500
56501
56503
56505
56507
56510
56511
56512
56513
56516
56518
56519
56520
56521
56523
56524
56527
56528
56530
56531
56534
56535
56537
56539
56540
56541
56543
56545
56546
56547
56548
56552
56554
56555
56556
56558
56560
56563
56565
56567
56569
56571
56572
56574
56576
56577
56578
56579
56581
56583
56585
56588
56590
56592
56593
56595
56599
56601
56602
56604
56605
56606
56607
56608
56610
56613
56616
56617
56618
56619
56620
56622
56624
56625
56627
56628
56630
56632
56634
56636
56637
56638
56640
56641
56642
56643
56645
56646
56648
56649
56651
56652
56654
56655
56659
56660
56661
56662
56664
56665
56666
56668
56670
56672
56674
56678
56679
56681
56683
56684
56685
56686
56689
56690
56691
56692
56695
56697
56699
56700
56701
56703
56704
56706
56708
56710
56712
56714
56715
56717
56718
56720
56723
56724
56726
56727
56728
56729
56730
56732
56735
56736
56737
56738
56739
56740
56743
56744
56745
56748
56749
56751
56753
56754
56755
56756
56758
56760
56761
56762
56764
56765
56766
56767
56768
56769
56770
56771
56773
56774
56776
56778
56779
56782
56786
56787
56789
56792
56793
56795
56798
56799
56800
56801
56804
56806
56808
56809
56810
56812
56813
56815
56817
56818
56821
56822
56825
56826
56827
56829
56832
56833
56835
56836
56837
56838
56839
56840
56841
56842
56844
56845
56847
56849
56851
56852
56854
56855
56856
56857
56859
56860
56861
56865
56867
56868
56869
56870
56874
56876
56877
56878
56881
56883
56884
56885
56888
56890
56895
56896
56898
56899
56900
56901
56903
56904
56905
56907
56908
56909
56911
56914
56915
56917
56919
56920
56921
56922
56924
56926
56927
56928
56929
56931
56932
56933
56935
56937
56938
56939
56941
56942
56943
56945
56946
56947
56948
56949
56950
56952
56953
56954
56955
56957
56959
56960
56963
56964
56966
56967
56969
56971
56972
56976
56978
56979
56980
56981
56983
56984
56985
56986
56987
56988
56992
56993
56994
56995
56996
56997
57000
57001
57004
57006
57007
57008
57011
57012
57013
57016
57019
57021
57022
57023
57026
57027
57028
57030
57034
57035
57036
57037
57039
57041
57042
57043
57044
57045
57046
57047
57048
57049
57050
57051
57052
57054
57057
57059
57060
57061
57063
57064
57066
57068
57069
57071
57072
57074
57075
57076
57077
57078
57079
57080
57084
57085
57086
57087
57089
57093
57095
57096
57097
57100
57101
57103
57105
57106
57107
57109
57111
57113
57114
57116
57117
57120
57121
57123
57124
57126
57128
57129
57130
57131
57132
57134
57136
57138
57140
57142
57143
57144
57145
57146
57147
57148
57149
57150
57152
57153
57154
57155
57156
57158
57159
57160
57161
57162
57163
57164
57166
57167
57169
57171
57172
57175
57177
57178
57180
57181
57183
57186
57187
57188
57193
57194
57195
57197
57198
57199
57201
57202
57204
57206
57207
57208
57209
57211
57212
57213
57215
57216
57217
57218
57221
57225
57227
57228
57229
57230
57231
57232
57233
57235
57236
57238
57241
57243
57245
57246
57248
57249
57251
57253
57254
57258
57260
57262
57263
57264
57265
57266
57267
57268
57270
57273
57274
57275
57277
57279
57281
57282
57284
57285
57287
57288
57289
57291
57293
57294
57295
57296
57297
57298
57300
57302
57303
57305
57306
57307
57308
57310
57311
57312
57313
57315
57316
57319
57321
57322
57324
57326
57328
57330
57331
57334
57335
57338
57339
57340
57342
57344
57345
57346
57348
57349
57351
57352
57353
57354
57355
57356
57357
57358
57359
57360
57361
57362
57364
57366
57367
57369
57371
57372
57374
57375
57377
57379
57383
57386
57387
57388
57391
57392
57393
57394
57395
57399
57400
57401
57402
57403
57405
57409
57410
57412
57413
57414
57416
57417
57419
57421
57422
57423
57425
57426
57429
57430
57431
57433
57435
57436
57437
57438
57439
57440
57441
57442
57444
57448
57449
57450
57453
57454
57455
57456
57458
57462
57463
57464
57465
57467
57468
57470
57472
57474
57477
57478
57480
57484
57486
57488
57489
57491
57493
57494
57495
57497
57498
57499
57500
57501
57503
57505
57506
57508
57509
57510
57511
57512
57513
57514
57515
57520
57522
57523
57525
57526
57528
57531
57532
57534
57535
57537
57539
57544
57546
57548
57549
57551
57553
57554
57557
57558
57559
57562
57563
57564
57566
57569
57570
57571
57572
57575
57577
57578
57580
57581
57583
57584
57585
57586
57587
57588
57591
57593
57594
57595
57596
57598
57599
57600
57603
57604
57605
57606
57607
57608
57609
57610
57611
57613
57616
57618
57619
57621
57622
57623
57625
57628
57629
57630
57633
57635
57637
57638
57639
57641
57642
57644
57647
57648
57649
57650
57652
57653
57654
57655
57657
57659
57660
57661
57663
57664
57665
57666
57667
57670
57671
57672
57673
57675
57676
57677
57678
57679
57681
57682
57684
57685
57687
57688
57691
57693
57696
57697
57698
57699
57705
57706
57710
57712
57714
57718
57719
57720
57721
57723
57724
57725
57726
57727
57728
57730
57732
57734
57736
57738
57739
57740
57741
57742
57743
57744
57745
57746
57748
57749
57750
57751
57752
57754
57756
57757
57758
57760
57761
57762
57764
57766
57767
57769
57770
57772
57773
57774
57775
57777
57778
57779
57781
57782
57783
57785
57787
57788
57789
57790
57791
57793
57795
57797
57798
57799
57800
57802
57803
57804
57805
57806
57807
57808
57809
57810
57811
57812
57813
57814
57815
57816
57817
57819
57820
57821
57823
57825
57826
57827
57828
57829
57830
57831
57832
57833
57836
57837
57839
57843
57844
57845
57848
57850
57852
57855
57857
57859
57860
57861
57865
57866
57867
57868
57869
57870
57871
57873
57874
57877
57879
57883
57884
57885
57886
57888
57890
57891
57892
57893
57894
57895
57896
57898
57899
57900
57901
57902
57903
57904
57906
57908
57909
57910
57912
57914
57915
57916
57918
57919
57920
57922
57924
57925
57926
57928
57929
57930
57931
57932
57933
57935
57936
57940
57942
57945
57949
57950
57952
57953
57954
57955
57957
57958
57960
57961
57963
57965
57966
57969
57973
57974
57975
57977
57979
57981
57982
57984
57985
57986
57987
57988
57989
57991
57994
57995
57996
57998
57999
58001
58003
58006
58007
58008
58009
58011
58012
58014
58015
58017
58020
58024
58025
58028
58029
58030
58031
58032
58034
58035
58037
58038
58040
58041
58042
58045
58046
58047
58048
58051
58052
58054
58055
58056
58057
58058
58060
58061
58062
58063
58066
58067
58069
58070
58072
58075
58077
58078
58084
58085
58086
58087
58088
58089
58090
58093
58094
58096
58098
58099
58101
58103
58104
58105
58108
58110
58111
58113
58116
58117
58120
58122
58123
58124
58125
58126
58129
58134
58138
58139
58140
58142
58144
58146
58147
58149
58151
58152
58153
58154
58156
58158
58159
58160
58161
58164
58166
58167
58169
58170
58172
58174
58177
58183
58184
58185
58186
58187
58189
58191
58192
58193
58195
58196
58198
58199
58200
58201
58204
58209
58211
58213
58214
58215
58218
58219
58221
58222
58224
58226
58227
58228
58229
58230
58232
58233
58234
58236
58237
58238
58239
58240
58241
58242
58243
58244
58245
58247
58250
58251
58252
58253
58254
58255
58256
58258
58259
58261
58262
58265
58266
58268
58273
58276
58277
58278
58280
58282
58284
58285
58286
58287
58290
58292
58293
58295
58297
58300
58302
58305
58306
58307
58308
58310
58312
58314
58315
58316
58317
58323
58325
58327
58331
58332
58335
58336
58337
58338
58340
58343
58344
58346
58348
58349
58351
58352
58353
58354
58355
58356
58357
58358
58359
58361
58362
58363
58366
58368
58371
58374
58375
58377
58380
58382
58384
58386
58388
58389
58390
58391
58392
58393
58394
58395
58396
58397
58398
58399
58401
58402
58403
58404
58405
58407
58410
58412
58413
58415
58417
58419
58421
58424
58425
58426
58429
58430
58431
58433
58434
58436
58437
58438
58439
58441
58442
58443
58445
58447
58450
58451
58452
58454
58458
58459
58460
58461
58462
58463
58466
58468
58469
58472
58473
58477
58479
58480
58481
58483
58484
58486
58487
58489
58490
58491
58494
58499
58501
58502
58506
58507
58508
58509
58511
58512
58515
58519
58520
58521
58522
58523
58524
58525
58527
58528
58529
58530
58531
58533
58534
58535
58536
58537
58540
58541
58542
58544
58545
58546
58548
58551
58552
58553
58554
58555
58557
58558
58559
58561
58563
58564
58565
58567
58568
58570
58572
58573
58574
58575
58577
58578
58579
58582
58583
58586
58587
58588
58591
58592
58593
58595
58598
58599
58602
58603
58605
58607
58610
58611
58612
58615
58617
58620
58621
58622
58624
58626
58629
58632
58633
58638
58641
58643
58645
58647
58648
58649
58650
58651
58652
58655
58656
58660
58661
58662
58664
58665
58668
58669
58673
58675
58677
58679
58681
58683
58685
58686
58687
58689
58692
58693
58694
58695
58696
58697
58698
58699
58702
58706
58707
58708
58710
58711
58712
58714
58715
58716
58717
58718
58719
58720
58721
58722
58723
58725
58727
58729
58733
58735
58736
58737
58738
58740
58741
58743
58745
58746
58747
58748
58749
58750
58752
58754
58755
58756
58757
58758
58760
58761
58763
58764
58766
58767
58768
58770
58771
58772
58775
58778
58779
58781
58782
58785
58786
58787
58790
58791
58792
58793
58794
58795
58796
58798
58799
58800
58801
58802
58803
58805
58806
58808
58810
58811
58815
58816
58818
58820
58822
58823
58824
58826
58828
58829
58831
58832
58836
58838
58842
58843
58848
58849
58850
58852
58855
58858
58860
58861
58862
58863
58864
58865
58867
58869
58871
58872
58873
58875
58876
58879
58881
58882
58883
58885
58887
58888
58889
58890
58892
58894
58897
58901
58902
58903
58904
58906
58907
58908
58909
58910
58912
58913
58914
58915
58916
58917
58919
58920
58921
58923
58924
58925
58927
58932
58933
58934
58935
58936
58937
58938
58939
58941
58942
58945
58946
58948
58951
58955
58956
58957
58958
58960
58962
58963
58965
58967
58970
58971
58976
58979
58981
58982
58983
58985
58986
58987
58988
58989
58991
58992
58993
58994
58995
58996
58998
59000
59001
59003
59004
59005
59006
59007
59010
59012
59013
59014
59015
59016
59017
59020
59021
59023
59025
59028
59032
59034
59035
59037
59039
59040
59041
59043
59045
59046
59047
59048
59049
59050
59053
59054
59055
59057
59058
59061
59063
59065
59066
59068
59073
59076
59077
59078
59080
59082
59083
59085
59086
59087
59088
59090
59091
59093
59095
59097
59098
59102
59103
59104
59105
59106
59107
59108
59110
59112
59116
59118
59121
59122
59124
59125
59127
59129
59130
59133
59136
59139
59141
59142
59144
59146
59148
59149
59150
59153
59154
59155
59156
59157
59159
59160
59161
59162
59166
59169
59170
59171
59173
59175
59176
59177
59178
59179
59181
59183
59184
59185
59186
59187
59190
59191
59192
59194
59195
59197
59199
59201
59202
59204
59206
59207
59210
59213
59214
59216
59217
59218
59220
59221
59222
59224
59225
59226
59228
59232
59235
59238
59239
59240
59241
59242
59243
59244
59245
59246
59248
59249
59250
59252
59253
59254
59255
59258
59259
59260
59261
59263
59266
59270
59271
59272
59274
59276
59278
59279
59281
59282
59283
59284
59285
59286
59288
59289
59290
59291
59294
59295
59296
59297
59299
59300
59302
59304
59305
59307
59309
59310
59311
59313
59314
59315
59316
59317
59319
59321
59325
59326
59327
59332
59334
59338
59340
59341
59344
59345
59347
59351
59353
59354
59355
59359
59360
59364
59365
59366
59367
59368
59369
59370
59372
59373
59374
59375
59378
59380
59384
59385
59386
59389
59392
59394
59395
59396
59397
59398
59399
59401
59402
59403
59406
59407
59409
59411
59412
59413
59414
59415
59416
59417
59418
59420
59421
59422
59423
59424
59426
59428
59430
59431
59434
59435
59437
59438
59439
59442
59444
59446
59447
59448
59449
59454
59456
59458
59459
59461
59462
59463
59464
59465
59466
59467
59468
59469
59471
59473
59475
59476
59477
59478
59480
59481
59483
59484
59485
59487
59488
59490
59491
59494
59495
59496
59497
59498
59499
59501
59502
59503
59505
59506
59508
59510
59513
59515
59516
59517
59518
59519
59521
59522
59523
59526
59527
59528
59529
59531
59532
59533
59535
59536
59537
59539
59541
59544
59545
59547
59548
59549
59553
59558
59559
59561
59563
59565
59567
59569
59570
59571
59572
59573
59576
59579
59580
59581
59583
59584
59585
59587
59588
59590
59592
59597
59598
59599
59600
59602
59604
59605
59607
59610
59613
59616
59617
59618
59621
59624
59627
59628
59629
59631
59633
59634
59635
59636
59638
59639
59641
59642
59643
59647
59648
59649
59650
59651
59652
59654
59656
59657
59660
59662
59663
59664
59665
59666
59667
59668
59669
59671
59672
59673
59674
59675
59676
59677
59678
59680
59681
59683
59684
59685
59687
59689
59691
59692
59693
59694
59695
59697
59698
59699
59700
59702
59704
59706
59707
59709
59710
59713
59716
59717
59718
59719
59720
59721
59722
59723
59724
59726
59728
59730
59732
59733
59737
59740
59741
59743
59744
59746
59748
59749
59752
59753
59754
59755
59756
59757
59760
59762
59763
59764
59765
59767
59768
59770
59772
59774
59775
59776
59778
59780
59782
59783
59784
59785
59787
59788
59789
59790
59791
59792
59794
59795
59796
59797
59799
59802
59804
59805
59807
59808
59809
59810
59811
59812
59813
59814
59815
59818
59819
59821
59823
59824
59825
59827
59828
59830
59831
59834
59836
59837
59838
59839
59840
59841
59842
59843
59844
59847
59848
59849
59850
59852
59853
59857
59859
59860
59861
59862
59863
59867
59869
59871
59872
59873
59875
59876
59877
59881
59883
59884
59885
59887
59889
59891
59892
59893
59894
59896
59897
59898
59900
59902
59903
59904
59905
59907
59910
59911
59912
59914
59915
59916
59917
59919
59920
59922
59923
59925
59926
59927
59928
59930
59931
59932
59933
59934
59936
59937
59938
59939
59942
59943
59944
59945
59946
59949
59951
59952
59954
59957
59958
59959
59962
59963
59964
59966
59967
59968
59969
59972
59973
59974
59975
59976
59977
59981
59983
59985
59988
59990
59991
59992
59994
59995
59997
59998
59999
60000
60001
60002
60004
60005
60007
60009
60012
60013
60015
60020
60022
60024
60025
60026
60027
60028
60029
60030
60032
60033
60036
60038
60042
60043
60044
60046
60047
60048
60051
60052
60053
60057
60059
60060
60061
60062
60063
60066
60069
60070
60071
60072
60077
60080
60081
60083
60084
60085
60087
60089
60091
60092
60093
60094
60095
60096
60098
60099
60101
60103
60104
60105
60107
60110
60111
60113
60116
60119
60121
60123
60125
60127
60129
60130
60131
60134
60136
60138
60140
60141
60144
60146
60151
60152
60154
60155
60157
60159
60160
60163
60164
60168
60170
60171
60174
60175
60176
60178
60180
60181
60183
60185
60187
60189
60191
60192
60195
60198
60199
60200
60202
60204
60205
60207
60211
60212
60214
60217
60218
60219
60220
60221
60223
60224
60225
60227
60228
60229
60230
60231
60232
60233
60236
60237
60239
60240
60241
60242
60243
60244
60245
60249
60251
60252
60253
60254
60256
60257
60258
60259
60261
60262
60264
60265
60269
60271
60272
60273
60274
60275
60276
60280
60282
60283
60284
60285
60287
60288
60291
60294
60295
60296
60297
60299
60302
60305
60308
60309
60310
60311
60315
60316
60317
60319
60322
60323
60324
60327
60328
60333
60334
60335
60336
60337
60339
60342
60344
60347
60349
60351
60352
60354
60356
60358
60359
60360
60361
60362
60363
60364
60365
60367
60368
60369
60371
60373
60374
60375
60376
60377
60378
60379
60380
60381
60382
60383
60386
60387
60388
60391
60392
60394
60396
60397
60398
60399
60400
60404
60406
60407
60408
60411
60412
60414
60416
60418
60421
60422
60423
60424
60426
60427
60428
60429
60430
60431
60433
60435
60437
60438
60439
60440
60441
60443
60444
60446
60449
60450
60451
60453
60454
60456
60457
60459
60460
60461
60462
60463
60464
60465
60466
60467
60469
60470
60472
60473
60474
60475
60477
60479
60480
60481
60483
60484
60487
60490
60491
60492
60493
60494
60495
60496
60497
60500
60501
60503
60504
60506
60507
60508
60509
60510
60511
60512
60513
60514
60515
60516
60517
60518
60520
60521
60522
60523
60525
60526
60527
60530
60532
60533
60535
60536
60537
60539
60540
60541
60542
60543
60546
60547
60549
60550
60552
60554
60555
60557
60559
60560
60561
60562
60565
60566
60567
60568
60569
60570
60572
60575
60576
60579
60581
60582
60584
60585
60586
60588
60590
60592
60595
60597
60598
60600
60601
60602
60604
60605
60609
60612
60613
60614
60615
60617
60618
60621
60622
60623
60626
60627
60629
60630
60633
60634
60635
60637
60638
60639
60640
60641
60642
60645
60646
60648
60649
60650
60651
60653
60654
60656
60658
60660
60661
60662
60663
60665
60667
60668
60670
60674
60675
60677
60678
60680
60682
60683
60684
60686
60688
60689
60690
60692
60693
60695
60697
60698
60699
60702
60703
60704
60705
60706
60707
60708
60710
60712
60713
60715
60716
60720
60722
60724
60725
60727
60728
60729
60730
60732
60733
60735
60737
60739
60740
60741
60742
60743
60744
60745
60746
60750
60752
60753
60754
60755
60756
60759
60760
60764
60766
60767
60770
60771
60773
60777
60779
60784
60785
60786
60787
60789
60790
60791
60793
60794
60795
60798
60802
60803
60806
60807
60809
60810
60811
60812
60813
60816
60817
60818
60819
60821
60826
60827
60828
60829
60830
60831
60832
60833
60835
60841
60842
60843
60846
60847
60848
60850
60851
60852
60853
60855
60856
60859
60861
60863
60865
60866
60867
60869
60870
60872
60874
60876
60877
60880
60881
60882
60883
60884
60887
60889
60890
60892
60893
60894
60897
60899
60904
60907
60908
60909
60910
60912
60913
60916
60917
60918
60920
60921
60924
60927
60930
60931
60932
60933
60935
60936
60937
60939
60940
60941
60944
60945
60946
60947
60948
60950
60954
60955
60956
60958
60959
60960
60961
60962
60965
60966
60967
60970
60971
60972
60975
60976
60977
60979
60980
60983
60984
60987
60988
60989
60990
60992
60994
60995
60996
60998
60999
61000
61001
61002
61003
61004
61006
61007
61008
61012
61013
61014
61015
61016
61017
61018
61019
61021
61022
61023
61025
61027
61030
61031
61034
61037
61038
61039
61040
61042
61047
61048
61052
61053
61054
61056
61058
61059
61061
61062
61063
61066
61067
61068
61070
61071
61072
61073
61075
61078
61079
61081
61082
61084
61086
61088
61089
61091
61092
61093
61100
61101
61102
61104
61107
61108
61109
61110
61112
61113
61114
61115
61117
61118
61119
61121
61124
61127
61129
61130
61131
61132
61133
61134
61136
61137
61140
61141
61142
61144
61148
61151
61152
61154
61155
61158
61160
61162
61164
61165
61167
61169
61171
61174
61175
61177
61182
61186
61188
61189
61192
61193
61194
61197
61201
61202
61205
61207
61208
61209
61211
61212
61215
61216
61218
61221
61224
61227
61230
61231
61232
61236
61238
61239
61240
61242
61246
61247
61248
61249
61250
61251
61252
61257
61258
61259
61260
61265
61266
61267
61269
61272
61275
61276
61280
61281
61282
61284
61285
61286
61287
61288
61289
61291
61292
61293
61295
61297
61298
61301
61302
61306
61308
61310
61312
61314
61315
61317
61318
61320
61322
61323
61325
61327
61328
61331
61334
61335
61337
61338
61341
61343
61344
61346
61347
61349
61351
61353
61355
61356
61357
61358
61360
61363
61364
61365
61366
61367
61368
61369
61370
61371
61372
61374
61375
61376
61377
61378
61379
61381
61382
61386
61390
61391
61392
61394
61395
61397
61398
61399
61401
61402
61404
61407
61408
61409
61410
61411
61412
61414
61415
61416
61419
61420
61421
61422
61423
61424
61426
61427
61429
61431
61432
61435
61436
61439
61442
61443
61444
61446
61448
61449
61450
61453
61454
61456
61458
61460
61461
61463
61464
61467
61468
61469
61470
61471
61473
61474
61475
61476
61477
61478
61479
61480
61481
61482
61484
61487
61488
61489
61490
61491
61493
61496
61498
61499
61501
61502
61503
61505
61506
61509
61510
61511
61512
61516
61517
61518
61521
61523
61526
61527
61528
61530
61532
61533
61534
61535
61537
61538
61542
61543
61544
61545
61546
61547
61549
61550
61551
61553
61554
61555
61556
61557
61558
61559
61561
61562
61564
61565
61566
61567
61568
61571
61572
61576
61577
61580
61581
61582
61583
61584
61585
61588
61589
61591
61592
61594
61596
61597
61598
61599
61601
61604
61605
61607
61608
61609
61611
61612
61614
61615
61618
61621
61623
61626
61627
61628
61629
61630
61634
61635
61636
61639
61640
61642
61644
61646
61647
61649
61650
61651
61652
61654
61656
61659
61661
61662
61664
61667
61668
61669
61670
61672
61673
61674
61676
61678
61679
61680
61681
61682
61683
61684
61685
61686
61687
61688
61689
61692
61694
61696
61698
61701
61702
61704
61705
61706
61709
61711
61712
61713
61714
61715
61717
61721
61722
61723
61725
61728
61730
61731
61733
61734
61736
61737
61739
61740
61742
61743
61744
61745
61748
61750
61753
61754
61756
61758
61760
61762
61763
61764
61766
61767
61769
61771
61773
61774
61775
61777
61781
61783
61784
61787
61791
61794
61795
61796
61797
61798
61800
61802
61803
61805
61807
61808
61810
61811
61812
61813
61814
61816
61818
61819
61820
61821
61822
61823
61824
61826
61829
61830
61831
61833
61834
61839
61841
61842
61844
61846
61848
61849
61850
61852
61854
61855
61857
61858
61861
61862
61863
61864
61866
61867
61868
61869
61870
61871
61872
61875
61877
61879
61880
61881
61882
61883
61885
61886
61887
61888
61890
61891
61892
61894
61895
61897
61898
61899
61900
61901
61904
61906
61908
61909
61910
61913
61914
61915
61919
61920
61922
61923
61924
61926
61927
61929
61930
61931
61933
61935
61936
61937
61938
61939
61940
61942
61943
61944
61946
61947
61948
61950
61951
61955
61956
61957
61958
61959
61961
61966
61968
61969
61974
61975
61977
61979
61981
61982
61984
61986
61988
61989
61991
61992
61993
61994
61995
61997
62000
62001
62002
62004
62006
62008
62010
62011
62015
62018
62019
62021
62022
62023
62024
62026
62028
62029
62032
62035
62038
62041
62043
62045
62046
62047
62048
62051
62052
62053
62056
62058
62059
62060
62062
62063
62064
62065
62067
62068
62070
62074
62075
62079
62080
62081
62082
62084
62085
62088
62089
62090
62092
62094
62095
62098
62099
62100
62101
62102
62105
62106
62107
62108
62112
62113
62114
62115
62116
62117
62119
62120
62121
62122
62123
62126
62127
62130
62131
62132
62133
62135
62136
62138
62140
62141
62142
62145
62146
62148
62152
62154
62155
62157
62158
62161
62162
62164
62165
62166
62167
62169
62171
62172
62174
62176
62178
62179
62181
62182
62183
62187
62188
62189
62192
62193
62195
62196
62198
62199
62203
62204
62209
62210
62211
62212
62213
62214
62216
62217
62218
62220
62222
62223
62224
62227
62229
62232
62234
62235
62236
62237
62240
62241
62243
62244
62245
62246
62247
62248
62251
62253
62254
62255
62256
62257
62258
62260
62261
62262
62263
62264
62266
62267
62268
62271
62273
62274
62275
62276
62278
62279
62282
62283
62284
62285
62288
62290
62291
62293
62294
62297
62298
62299
62300
62301
62302
62305
62307
62310
62313
62315
62317
62319
62321
62323
62324
62325
62327
62328
62329
62331
62332
62333
62335
62337
62339
62342
62344
62346
62347
62348
62349
62350
62351
62352
62353
62354
62355
62358
62360
62362
62365
62368
62369
62370
62371
62372
62374
62375
62376
62378
62382
62383
62384
62385
62386
62387
62388
62390
62393
62394
62395
62397
62398
62399
62400
62403
62408
62412
62414
62415
62416
62419
62421
62423
62425
62426
62429
62430
62431
62432
62434
62436
62440
62442
62443
62444
62445
62446
62448
62449
62450
62451
62454
62457
62458
62459
62461
62463
62464
62467
62468
62469
62471
62472
62474
62475
62476
62477
62478
62481
62484
62486
62488
62490
62491
62493
62497
62498
62499
62500
62502
62504
62506
62507
62509
62511
62515
62516
62517
62518
62519
62521
62522
62523
62524
62527
62529
62530
62531
62532
62534
62536
62539
62540
62541
62542
62543
62544
62545
62547
62548
62550
62552
62553
62554
62555
62557
62559
62560
62561
62563
62564
62565
62568
62571
62575
62576
62578
62580
62582
62584
62585
62587
62588
62589
62590
62591
62593
62594
62595
62597
62599
62600
62601
62602
62604
62605
62607
62608
62609
62610
62612
62613
62614
62615
62617
62619
62620
62622
62624
62626
62627
62628
62629
62631
62632
62634
62636
62639
62640
62642
62643
62644
62645
62648
62650
62651
62652
62654
62655
62657
62658
62660
62661
62663
62664
62665
62667
62668
62670
62671
62674
62676
62677
62679
62681
62683
62684
62685
62686
62688
62690
62691
62692
62693
62694
62695
62697
62698
62699
62701
62702
62704
62705
62706
62707
62708
62709
62710
62711
62713
62714
62715
62719
62721
62722
62725
62726
62728
62730
62731
62732
62733
62736
62737
62738
62741
62743
62744
62747
62750
62754
62755
62756
62758
62759
62762
62764
62765
62766
62767
62768
62770
62772
62775
62776
62778
62780
62781
62782
62783
62788
62789
62790
62791
62792
62793
62795
62797
62798
62800
62801
62804
62805
62806
62807
62808
62809
62811
62814
62817
62818
62819
62821
62822
62824
62825
62826
62827
62828
62829
62830
62833
62834
62835
62837
62839
62840
62844
62847
62848
62849
62851
62852
62853
62855
62857
62858
62859
62861
62863
62865
62867
62870
62873
62874
62875
62876
62877
62878
62879
62881
62882
62885
62886
62887
62889
62894
62896
62897
62898
62899
62901
62904
62905
62906
62909
62911
62913
62914
62915
62917
62918
62919
62920
62921
62927
62928
62929
62931
62932
62934
62935
62936
62937
62939
62940
62944
62945
62946
62949
62953
62956
62957
62958
62960
62961
62963
62964
62965
62966
62967
62970
62971
62972
62974
62975
62976
62977
62978
62979
62980
62981
62982
62983
62986
62988
62989
62990
62991
62993
62995
62997
62998
62999
63001
63002
63003
63005
63006
63008
63011
63013
63015
63017
63019
63020
63023
63025
63026
63028
63030
63032
63035
63037
63039
63041
63044
63047
63048
63049
63051
63052
63055
63056
63057
63058
63060
63062
63063
63065
63069
63071
63075
63076
63078
63079
63081
63082
63083
63084
63085
63088
63089
63091
63093
63097
63099
63100
63101
63103
63105
63107
63108
63109
63110
63111
63113
63116
63118
63121
63123
63124
63126
63128
63129
63130
63134
63136
63137
63138
63139
63140
63141
63142
63143
63145
63148
63150
63151
63152
63154
63157
63159
63160
63161
63162
63163
63164
63165
63169
63170
63171
63172
63174
63181
63184
63186
63187
63188
63189
63190
63191
63192
63193
63195
63197
63200
63201
63204
63205
63206
63207
63208
63210
63214
63215
63217
63221
63223
63224
63225
63226
63228
63230
63232
63233
63236
63237
63238
63239
63240
63241
63242
63244
63246
63247
63249
63250
63251
63252
63253
63254
63257
63258
63262
63264
63265
63266
63268
63269
63273
63274
63275
63276
63277
63280
63281
63283
63285
63287
63289
63291
63293
63296
63300
63301
63302
63303
63304
63306
63307
63308
63309
63312
63314
63315
63317
63320
63321
63323
63324
63325
63327
63330
63332
63333
63334
63335
63336
63337
63338
63339
63340
63341
63342
63343
63344
63348
63349
63351
63352
63353
63355
63356
63357
63358
63359
63361
63362
63364
63365
63367
63368
63369
63372
63373
63374
63375
63378
63379
63383
63384
63386
63387
63389
63390
63391
63394
63395
63398
63399
63400
63401
63405
63406
63408
63409
63411
63413
63414
63416
63417
63419
63422
63424
63425
63427
63428
63430
63432
63436
63437
63439
63440
63441
63442
63444
63447
63449
63450
63451
63454
63455
63457
63459
63461
63462
63463
63464
63465
63466
63468
63469
63471
63472
63475
63476
63478
63479
63480
63483
63485
63486
63487
63489
63491
63492
63493
63494
63496
63497
63498
63499
63502
63504
63505
63506
63508
63510
63511
63514
63516
63518
63521
63522
63523
63524
63526
63527
63530
63531
63532
63533
63536
63537
63538
63540
63541
63542
63544
63545
63546
63547
63549
63551
63552
63553
63555
63556
63557
63560
63563
63565
63566
63568
63569
63571
63573
63574
63575
63576
63577
63579
63583
63584
63587
63589
63591
63593
63596
63597
63598
63602
63604
63605
63606
63607
63609
63610
63611
63612
63614
63617
63618
63619
63620
63621
63622
63624
63626
63627
63628
63630
63633
63634
63637
63639
63640
63641
63643
63644
63645
63647
63648
63649
63650
63652
63654
63655
63657
63658
63659
63661
63662
63663
63664
63665
63666
63667
63669
63670
63672
63673
63674
63676
63679
63680
63682
63683
63684
63685
63686
63689
63690
63693
63694
63695
63696
63697
63698
63699
63700
63701
63703
63705
63708
63709
63710
63714
63716
63717
63718
63720
63722
63724
63726
63727
63728
63729
63730
63731
63733
63734
63735
63738
63740
63742
63743
63744
63745
63746
63747
63749
63751
63753
63754
63756
63758
63760
63761
63763
63765
63766
63768
63773
63776
63778
63779
63780
63781
63782
63783
63784
63786
63787
63789
63790
63795
63797
63798
63799
63800
63801
63803
63804
63805
63807
63810
63811
63812
63815
63817
63818
63819
63822
63823
63824
63825
63826
63827
63830
63832
63833
63834
63836
63839
63842
63844
63845
63848
63850
63851
63852
63853
63855
63857
63858
63863
63865
63866
63868
63870
63874
63875
63876
63877
63878
63879
63880
63882
63884
63886
63887
63890
63892
63893
63894
63895
63897
63898
63901
63904
63906
63907
63909
63911
63912
63913
63914
63915
63916
63917
63919
63920
63921
63922
63923
63924
63925
63929
63930
63931
63933
63935
63936
63938
63939
63940
63941
63942
63944
63945
63946
63947
63948
63949
63951
63953
63955
63956
63957
63958
63959
63960
63961
63962
63965
63967
63968
63970
63971
63972
63974
63975
63977
63980
63982
63985
63989
63990
63991
63995
63996
63998
63999
64001
64003
64004
64005
64007
64008
64009
64010
64012
64013
64014
64016
64017
64018
64020
64022
64023
64024
64025
64029
64031
64033
64034
64035
64036
64037
64039
64041
64043
64046
64048
64050
64052
64053
64056
64059
64060
64061
64062
64063
64065
64068
64070
64072
64073
64074
64075
64078
64079
64080
64082
64084
64085
64088
64092
64093
64094
64096
64098
64102
64103
64104
64107
64109
64110
64111
64114
64115
64116
64117
64118
64119
64120
64121
64122
64124
64125
64126
64127
64128
64129
64130
64134
64136
64137
64138
64139
64140
64141
64142
64145
64146
64148
64151
64153
64154
64155
64156
64157
64159
64162
64165
64166
64167
64168
64171
64172
64174
64176
64180
64181
64185
64186
64187
64189
64195
64196
64198
64201
64205
64207
64209
64211
64212
64213
64214
64215
64216
64217
64218
64219
64221
64222
64224
64225
64227
64229
64230
64231
64232
64233
64234
64236
64240
64242
64244
64245
64247
64250
64251
64252
64254
64256
64257
64258
64259
64260
64261
64265
64266
64267
64271
64273
64275
64276
64278
64280
64281
64286
64289
64291
64293
64294
64295
64296
64300
64301
64302
64303
64304
64306
64307
64308
64310
64311
64313
64314
64318
64319
64320
64321
64322
64323
64327
64328
64329
64330
64331
64333
64334
64335
64338
64339
64340
64341
64343
64344
64346
64347
64348
64349
64350
64351
64352
64354
64357
64358
64359
64360
64361
64362
64363
64364
64366
64367
64368
64369
64370
64374
64376
64377
64378
64379
64380
64384
64386
64389
64393
64395
64397
64399
64401
64403
64404
64406
64408
64411
64412
64413
64414
64416
64417
64419
64420
64421
64425
64430
64431
64435
64437
64439
64440
64441
64443
64444
64446
64448
64449
64451
64453
64454
64455
64458
64459
64462
64463
64464
64465
64467
64468
64470
64474
64476
64478
64480
64481
64482
64483
64484
64485
64486
64487
64489
64490
64492
64493
64495
64496
64497
64499
64500
64502
64506
64507
64508
64509
64511
64512
64515
64516
64517
64518
64519
64521
64522
64524
64527
64528
64529
64530
64532
64535
64536
64538
64542
64544
64546
64547
64549
64550
64552
64553
64555
64556
64557
64559
64560
64561
64562
64565
64567
64568
64570
64571
64573
64574
64578
64579
64580
64584
64586
64587
64588
64589
64590
64591
64592
64594
64595
64597
64598
64599
64602
64603
64604
64605
64606
64608
64611
64614
64617
64619
64620
64622
64624
64626
64627
64628
64632
64635
64637
64638
64639
64640
64641
64643
64645
64646
64647
64648
64649
64650
64652
64653
64655
64656
64658
64659
64660
64661
64662
64663
64665
64667
64668
64669
64672
64673
64675
64676
64678
64679
64680
64681
64682
64684
64685
64687
64689
64690
64692
64694
64696
64697
64698
64699
64700
64701
64703
64705
64708
64710
64712
64715
64716
64718
64719
64720
64723
64724
64725
64727
64728
64729
64731
64732
64733
64735
64737
64738
64740
64741
64745
64748
64750
64751
64753
64754
64755
64756
64757
64759
64760
64761
64762
64763
64764
64765
64766
64768
64770
64772
64773
64776
64777
64778
64779
64780
64782
64783
64784
64786
64789
64790
64791
64792
64793
64794
64795
64797
64799
64801
64802
64804
64806
64808
64809
64810
64811
64812
64813
64814
64815
64816
64819
64820
64821
64822
64823
64824
64825
64826
64827
64833
64835
64838
64839
64842
64845
64846
64847
64848
64850
64852
64853
64858
64861
64863
64864
64865
64867
64869
64870
64871
64872
64873
64874
64875
64876
64877
64878
64880
64882
64883
64885
64886
64887
64888
64889
64891
64892
64894
64895
64896
64897
64898
64900
64902
64904
64906
64907
64908
64911
64912
64913
64914
64915
64916
64917
64918
64921
64922
64923
64924
64927
64928
64929
64931
64932
64933
64935
64936
64939
64941
64942
64943
64944
64945
64946
64947
64948
64949
64950
64952
64953
64954
64957
64959
64960
64962
64964
64965
64966
64968
64969
64971
64972
64973
64975
64979
64980
64982
64983
64985
64986
64987
64988
64989
64991
64992
64994
64995
64997
64998
65000
65001
65002
65005
65008
65009
65010
65011
65012
65014
65015
65016
65017
65019
65020
65021
65022
65024
65025
65026
65028
65029
65030
65031
65033
65034
65035
65037
65038
65040
65043
65045
65046
65049
65051
65052
65054
65055
65058
65059
65060
65062
65063
65065
65066
65068
65070
65074
65075
65077
65079
65080
65081
65083
65084
65085
65086
65087
65088
65089
65090
65091
65094
65095
65096
65097
65099
65102
65104
65106
65107
65109
65111
65113
65114
65118
65119
65120
65121
65122
65123
65125
65126
65129
65130
65134
65135
65136
65138
65139
65141
65143
65145
65146
65148
65149
65150
65151
65154
65156
65157
65158
65159
65160
65161
65162
65164
65166
65169
65170
65171
65172
65173
65174
65175
65176
65178
65181
65184
65185
65186
65187
65188
65189
65190
65192
65194
65196
65198
65201
65203
65204
65205
65208
65209
65210
65211
65213
65214
65216
65217
65218
65219
65220
65224
65225
65227
65228
65229
65230
65231
65233
65234
65237
65238
65240
65241
65242
65246
65247
65248
65250
65251
65252
65253
65254
65255
65256
65257
65259
65261
65262
65263
65265
65266
65268
65271
65272
65274
65275
65276
65277
65278
65279
65283
65289
65290
65291
65292
65294
65295
65297
65300
65302
65303
65304
65306
65307
65310
65311
65312
65314
65315
65316
65317
65318
65319
65320
65321
65327
65329
65330
65334
65335
65336
65337
65341
65342
65345
65346
65349
65350
65351
65355
65357
65358
65359
65360
65361
65362
65363
65365
65366
65368
65370
65372
65374
65376
65377
65379
65380
65382
65383
65384
65387
65388
65389
65390
65391
65396
65397
65399
65400
65401
65402
65405
65407
65410
65413
65414
65415
65416
65418
65420
65423
65424
65425
65427
65428
65431
65432
65433
65435
65438
65440
65441
65444
65447
65448
65449
65452
65453
65454
65455
65456
65457
65458
65459
65460
65461
65462
65463
65464
65467
65469
65470
65473
65476
65477
65480
65482
65483
65484
65485
65487
65488
65489
65490
65492
65493
65495
65497
65499
65500
65502
65503
65504
65505
65506
65507
65510
65512
65513
65515
65516
65517
65518
65519
65521
65522
65524
65525
65527
65528
65529
65533
65534
65536
65538
65540
65543
65545
65547
65548
65549
65550
65552
65556
65558
65561
65563
65565
65566
65567
65568
65571
65572
65573
65575
65576
65577
65578
65579
65580
65581
65582
65583
65585
65587
65588
65589
65590
65591
65592
65593
65595
65596
65597
65599
65600
65601
65604
65606
65609
65610
65612
65613
65615
65617
65618
65619
65620
65622
65624
65625
65626
65627
65629
65630
65632
65633
65634
65637
65639
65641
65642
65643
65645
65647
65648
65651
65652
65654
65656
65657
65658
65659
65660
65661
65662
65664
65665
65667
65668
65670
65672
65673
65675
65676
65677
65681
65683
65686
65688
65689
65690
65691
65692
65695
65696
65697
65700
65701
65702
65705
65708
65709
65711
65712
65713
65716
65718
65719
65722
65723
65724
65726
65728
65729
65730
65731
65733
65736
65737
65738
65739
65740
65741
65745
65746
65747
65749
65750
65751
65753
65755
65757
65758
65760
65761
65763
65765
65767
65771
65772
65773
65776
65777
65780
65783
65784
65785
65787
65789
65791
65793
65794
65796
65797
65799
65800
65801
65802
65803
65808
65811
65812
65813
65814
65815
65817
65818
65819
65820
65821
65822
65823
65824
65825
65826
65827
65828
65829
65831
65832
65834
65835
65837
65838
65841
65842
65844
65845
65846
65847
65849
65851
65852
65854
65855
65858
65859
65860
65862
65864
65865
65866
65867
65868
65869
65871
65872
65874
65877
65879
65881
65885
65886
65888
65890
65893
65894
65895
65896
65897
65899
65902
65903
65906
65910
65911
65912
65913
65915
65918
65919
65920
65922
65924
65925
65927
65929
65931
65933
65935
65936
65937
65938
65939
65942
65945
65946
65949
65950
65954
65956
65959
65961
65962
65964
65965
65966
65967
65968
65970
65972
65973
65974
65975
65976
65977
65979
65980
65982
65983
65984
65986
65987
65988
65990
65992
65993
65994
65995
65997
66000
66002
66003
66004
66007
66008
66010
66012
66013
66015
66016
66018
66019
66021
66023
66025
66027
66029
66030
66031
66032
66035
66036
66037
66039
66040
66042
66043
66044
66046
66047
66049
66051
66052
66054
66057
66059
66060
66061
66065
66066
66068
66069
66072
66074
66075
66077
66078
66079
66080
66081
66082
66083
66084
66085
66086
66087
66090
66091
66093
66095
66099
66100
66102
66104
66105
66106
66107
66110
66114
66116
66117
66119
66120
66121
66124
66125
66127
66129
66130
66131
66133
66135
66137
66138
66139
66140
66141
66143
66146
66148
66150
66152
66153
66154
66155
66156
66158
66159
66161
66162
66163
66164
66167
66169
66170
66171
66172
66173
66174
66175
66176
66179
66182
66183
66185
66186
66187
66189
66191
66193
66196
66197
66198
66199
66200
66201
66202
66203
66204
66205
66206
66207
66208
66209
66210
66213
66216
66217
66219
66220
66221
66224
66225
66226
66227
66228
66230
66232
66233
66234
66236
66237
66238
66239
66240
66243
66245
66246
66247
66250
66251
66252
66253
66254
66256
66257
66260
66262
66263
66264
66265
66266
66267
66268
66269
66270
66272
66279
66282
66283
66284
66285
66287
66288
66290
66291
66295
66296
66299
66300
66302
66304
66306
66308
66309
66311
66313
66315
66316
66319
66322
66324
66326
66327
66328
66330
66331
66332
66334
66335
66337
66338
66339
66340
66343
66346
66347
66350
66351
66352
66353
66355
66359
66360
66362
66365
66366
66367
66369
66370
66374
66375
66377
66378
66380
66382
66383
66385
66388
66389
66390
66391
66392
66394
66396
66398
66399
66401
66404
66408
66409
66410
66411
66412
66414
66415
66417
66418
66419
66420
66421
66423
66427
66428
66429
66431
66432
66433
66434
66435
66437
66439
66440
66443
66444
66445
66446
66450
66452
66456
66458
66459
66460
66462
66464
66466
66467
66468
66469
66470
66471
66473
66474
66475
66476
66478
66479
66480
66481
66483
66485
66487
66489
66492
66493
66495
66497
66499
66501
66503
66504
66505
66508
66510
66512
66514
66517
66518
66519
66522
66523
66524
66526
66527
66528
66531
66532
66534
66536
66538
66539
66540
66542
66543
66545
66547
66548
66549
66550
66552
66554
66555
66558
66561
66563
66564
66565
66567
66568
66571
66572
66574
66576
66577
66578
66580
66582
66585
66586
66588
66589
66590
66592
66593
66595
66596
66597
66598
66599
66601
66602
66604
66605
66607
66609
66611
66614
66616
66617
66618
66619
66620
66621
66623
66624
66626
66627
66628
66630
66632
66633
66634
66635
66636
66637
66638
66640
66641
66642
66643
66644
66648
66650
66652
66653
66654
66660
66661
66662
66663
66664
66667
66669
66672
66673
66674
66675
66676
66677
66678
66679
66681
66682
66685
66687
66689
66691
66692
66693
66694
66695
66697
66698
66699
66700
66701
66702
66704
66705
66706
66707
66708
66709
66710
66714
66715
66716
66717
66718
66720
66722
66725
66726
66727
66728
66729
66731
66734
66736
66738
66739
66740
66741
66742
66743
66744
66745
66747
66749
66750
66751
66753
66754
66756
66757
66759
66760
66763
66764
66765
66766
66768
66769
66770
66772
66774
66775
66776
66777
66778
66780
66781
66783
66786
66789
66792
66794
66795
66797
66800
66802
66803
66804
66807
66809
66810
66811
66812
66814
66815
66816
66817
66819
66820
66821
66823
66824
66825
66827
66828
66829
66832
66834
66835
66838
66839
66840
66841
66842
66844
66846
66847
66848
66850
66852
66853
66854
66855
66856
66859
66862
66863
66865
66867
66868
66870
66872
66873
66876
66877
66878
66880
66881
66882
66885
66886
66887
66889
66890
66892
66893
66894
66895
66896
66897
66898
66899
66901
66904
66905
66906
66907
66909
66911
66915
66916
66917
66919
66921
66922
66926
66927
66928
66929
66931
66932
66933
66934
66935
66937
66938
66939
66941
66942
66944
66946
66947
66948
66949
66950
66951
66952
66953
66955
66956
66957
66959
66960
66961
66962
66964
66965
66968
66969
66972
66973
66978
66979
66980
66981
66982
66983
66984
66985
66987
66989
66990
66991
66994
66996
67002
67004
67005
67006
67007
67008
67009
67010
67012
67014
67015
67016
67017
67020
67022
67023
67024
67028
67029
67030
67031
67032
67033
67034
67036
67038
67039
67040
67041
67042
67043
67044
67046
67048
67049
67050
67051
67053
67054
67055
67059
67060
67061
67062
67063
67064
67065
67066
67068
67069
67072
67073
67077
67080
67082
67083
67085
67088
67089
67090
67092
67093
67094
67095
67096
67099
67100
67101
67102
67104
67106
67107
67108
67111
67113
67114
67115
67116
67117
67120
67122
67125
67126
67128
67129
67130
67131
67133
67136
67138
67140
67141
67142
67143
67144
67145
67147
67149
67154
67155
67156
67157
67159
67160
67162
67163
67165
67166
67169
67170
67171
67172
67173
67177
67180
67184
67186
67187
67190
67191
67192
67194
67195
67197
67199
67202
67206
67208
67210
67213
67214
67216
67217
67218
67219
67221
67223
67226
67228
67231
67232
67233
67235
67236
67239
67242
67243
67245
67246
67247
67249
67250
67251
67254
67256
67257
67260
67263
67264
67265
67268
67272
67273
67275
67277
67279
67281
67286
67287
67288
67292
67293
67294
67297
67299
67300
67302
67303
67305
67306
67307
67312
67313
67314
67317
67318
67320
67323
67324
67327
67329
67331
67332
67334
67335
67337
67338
67339
67340
67341
67342
67343
67345
67348
67349
67351
67352
67353
67354
67355
67356
67358
67361
67362
67363
67368
67371
67372
67373
67376
67377
67378
67379
67381
67382
67383
67385
67386
67388
67390
67392
67393
67395
67396
67397
67399
67401
67403
67405
67407
67408
67409
67410
67411
67413
67414
67416
67418
67419
67420
67422
67425
67426
67427
67429
67430
67432
67435
67438
67439
67440
67442
67443
67445
67447
67448
67449
67452
67454
67457
67458
67459
67460
67461
67462
67463
67464
67465
67467
67469
67472
67475
67476
67477
67478
67480
67481
67483
67488
67489
67491
67494
67496
67498
67499
67502
67503
67505
67507
67508
67509
67510
67511
67513
67515
67517
67520
67523
67524
67525
67526
67527
67528
67529
67530
67531
67533
67535
67536
67538
67539
67540
67541
67545
67546
67547
67549
67550
67551
67552
67555
67556
67557
67558
67559
67560
67562
67564
67567
67572
67573
67575
67576
67578
67579
67581
67584
67587
67588
67590
67592
67594
67598
67599
67600
67601
67603
67604
67605
67607
67608
67609
67610
67611
67612
67613
67615
67616
67617
67618
67619
67620
67622
67624
67627
67628
67630
67631
67632
67633
67634
67635
67636
67639
67640
67642
67645
67647
67648
67649
67651
67652
67653
67654
67656
67660
67663
67666
67669
67671
67672
67675
67676
67677
67680
67683
67684
67685
67687
67689
67691
67692
67693
67697
67698
67699
67701
67703
67704
67706
67707
67709
67710
67712
67713
67715
67720
67724
67725
67727
67728
67729
67730
67732
67735
67736
67738
67740
67742
67743
67745
67747
67748
67749
67752
67753
67754
67755
67757
67758
67759
67760
67761
67763
67766
67768
67771
67773
67774
67775
67776
67778
67779
67780
67781
67783
67784
67787
67789
67790
67792
67795
67797
67799
67802
67805
67807
67808
67809
67810
67812
67813
67816
67817
67818
67820
67822
67824
67825
67826
67827
67828
67829
67831
67832
67835
67837
67839
67840
67841
67843
67844
67845
67846
67847
67849
67851
67853
67854
67857
67858
67860
67861
67864
67865
67866
67867
67870
67872
67873
67874
67875
67876
67878
67879
67880
67884
67885
67886
67888
67890
67892
67893
67894
67896
67898
67899
67900
67901
67902
67903
67905
67906
67907
67908
67910
67913
67914
67916
67920
67921
67922
67925
67926
67927
67929
67930
67932
67935
67937
67939
67940
67941
67943
67945
67946
67947
67948
67950
67951
67954
67955
67956
67958
67959
67960
67962
67965
67967
67968
67969
67970
67971
67972
67973
67975
67976
67977
67981
67983
67984
67987
67988
67990
67992
67995
67996
67997
67998
67999
68000
68001
68004
68005
68007
68008
68010
68013
68014
68015
68017
68019
68024
68026
68027
68028
68030
68031
68033
68034
68035
68036
68037
68038
68039
68040
68041
68044
68046
68047
68048
68049
68051
68052
68055
68056
68058
68060
68061
68062
68063
68064
68066
68069
68073
68074
68075
68079
68080
68081
68082
68083
68085
68086
68087
68089
68091
68092
68094
68095
68096
68099
68101
68103
68104
68105
68106
68107
68109
68111
68113
68114
68115
68116
68118
68120
68122
68126
68128
68129
68131
68132
68136
68138
68139
68141
68142
68144
68146
68147
68151
68152
68153
68155
68156
68158
68159
68164
68168
68170
68173
68176
68177
68179
68181
68182
68183
68184
68186
68187
68189
68192
68195
68197
68198
68199
68200
68201
68203
68204
68206
68207
68209
68210
68211
68212
68213
68214
68219
68223
68224
68226
68229
68230
68231
68232
68233
68234
68237
68239
68240
68242
68243
68244
68245
68247
68248
68249
68251
68252
68253
68254
68257
68261
68263
68265
68268
68270
68272
68273
68274
68276
68277
68279
68280
68281
68283
68284
68286
68287
68290
68291
68294
68295
68297
68298
68299
68300
68301
68303
68304
68306
68307
68309
68312
68313
68315
68318
68319
68323
68324
68325
68326
68327
68328
68329
68331
68333
68334
68336
68337
68338
68339
68342
68344
68346
68347
68348
68349
68354
68355
68361
68363
68365
68366
68367
68368
68369
68370
68371
68372
68373
68374
68375
68376
68377
68378
68379
68380
68381
68382
68383
68384
68385
68387
68388
68391
68392
68393
68394
68396
68397
68398
68400
68401
68402
68404
68405
68406
68407
68408
68409
68410
68411
68413
68414
68415
68416
68419
68422
68424
68425
68427
68429
68432
68434
68435
68436
68437
68439
68440
68441
68442
68444
68445
68446
68447
68448
68449
68450
68451
68452
68453
68454
68455
68456
68457
68458
68459
68461
68462
68463
68465
68466
68467
68469
68475
68477
68478
68479
68480
68482
68483
68485
68486
68488
68490
68491
68492
68493
68494
68495
68496
68498
68499
68501
68504
68505
68506
68507
68509
68511
68512
68514
68515
68518
68520
68521
68523
68524
68525
68527
68529
68532
68533
68535
68538
68539
68541
68542
68543
68545
68546
68547
68552
68554
68556
68557
68558
68559
68560
68562
68563
68564
68565
68566
68567
68569
68570
68571
68572
68574
68577
68578
68579
68580
68581
68583
68584
68585
68586
68587
68589
68590
68591
68592
68593
68596
68597
68598
68599
68600
68603
68605
68609
68612
68615
68617
68620
68622
68623
68624
68626
68627
68629
68630
68633
68635
68638
68639
68640
68641
68642
68644
68647
68650
68651
68652
68654
68655
68656
68659
68660
68662
68663
68665
68667
68668
68670
68672
68673
68674
68675
68677
68678
68679
68680
68681
68683
68686
68688
68689
68690
68691
68692
68694
68696
68697
68699
68701
68703
68705
68707
68709
68710
68711
68712
68714
68717
68720
68722
68723
68724
68725
68727
68728
68729
68730
68731
68733
68735
68736
68739
68741
68742
68744
68745
68747
68749
68751
68753
68757
68758
68760
68761
68763
68764
68765
68768
68771
68773
68777
68778
68779
68781
68782
68784
68785
68786
68787
68788
68790
68791
68793
68795
68796
68797
68800
68804
68805
68807
68808
68810
68811
68812
68813
68814
68815
68817
68818
68819
68820
68822
68826
68827
68828
68830
68831
68832
68834
68836
68837
68838
68840
68841
68842
68844
68845
68846
68848
68850
68851
68852
68853
68855
68856
68858
68860
68862
68865
68867
68868
68869
68871
68874
68875
68877
68878
68881
68883
68884
68886
68887
68888
68889
68891
68892
68893
68895
68896
68897
68899
68902
68903
68904
68905
68906
68907
68908
68911
68912
68913
68915
68918
68920
68921
68923
68924
68926
68927
68928
68929
68930
68931
68934
68935
68936
68937
68940
68941
68943
68944
68946
68947
68948
68949
68950
68951
68952
68953
68955
68956
68959
68960
68961
68964
68965
68966
68967
68968
68969
68973
68975
68977
68980
68981
68983
68986
68987
68990
68991
68992
68993
68995
68997
68999
69001
69002
69003
69004
69006
69007
69008
69009
69011
69013
69016
69017
69018
69019
69022
69023
69025
69026
69028
69029
69030
69031
69032
69034
69035
69036
69039
69041
69045
69046
69047
69048
69049
69050
69051
69052
69059
69061
69062
69065
69066
69067
69068
69069
69071
69073
69074
69076
69078
69079
69080
69082
69084
69085
69087
69088
69089
69093
69095
69096
69097
69098
69099
69100
69102
69103
69105
69108
69109
69110
69112
69114
69115
69116
69117
69118
69120
69122
69123
69124
69125
69128
69129
69130
69132
69134
69135
69136
69138
69141
69142
69143
69145
69146
69148
69150
69151
69152
69155
69156
69158
69160
69163
69165
69167
69168
69171
69172
69173
69174
69175
69176
69178
69179
69180
69182
69183
69184
69186
69188
69190
69191
69194
69196
69197
69198
69199
69201
69205
69206
69207
69208
69210
69211
69212
69213
69214
69215
69216
69217
69218
69219
69220
69221
69222
69224
69227
69228
69229
69230
69231
69232
69235
69237
69238
69239
69241
69245
69246
69247
69249
69250
69251
69254
69259
69261
69263
69264
69267
69268
69269
69271
69272
69273
69275
69276
69278
69280
69282
69284
69285
69286
69289
69291
69294
69295
69296
69297
69298
69299
69300
69302
69303
69304
69305
69307
69308
69309
69310
69311
69312
69313
69314
69315
69317
69318
69319
69320
69321
69322
69323
69324
69325
69326
69327
69328
69329
69330
69332
69334
69335
69336
69338
69339
69340
69343
69344
69345
69346
69347
69349
69350
69351
69352
69354
69355
69357
69358
69359
69360
69363
69364
69365
69368
69370
69374
69375
69376
69377
69378
69379
69380
69381
69382
69383
69384
69385
69388
69389
69390
69391
69392
69394
69395
69396
69400
69402
69405
69406
69407
69410
69412
69414
69415
69418
69420
69421
69422
69427
69428
69429
69430
69431
69434
69436
69437
69440
69441
69443
69444
69445
69446
69447
69449
69452
69453
69456
69457
69458
69459
69462
69465
69467
69468
69469
69471
69472
69474
69477
69478
69481
69483
69485
69486
69488
69489
69492
69493
69494
69497
69498
69502
69504
69506
69508
69509
69511
69513
69515
69517
69521
69522
69527
69530
69531
69532
69533
69535
69539
69540
69541
69542
69544
69545
69546
69550
69552
69553
69554
69555
69556
69557
69558
69561
69562
69563
69564
69565
69566
69567
69568
69569
69570
69571
69573
69574
69575
69576
69577
69582
69584
69585
69586
69587
69591
69594
69595
69596
69597
69599
69604
69606
69607
69609
69610
69611
69612
69613
69614
69615
69616
69618
69620
69621
69623
69624
69625
69626
69627
69628
69631
69632
69634
69635
69637
69639
69640
69643
69644
69647
69650
69655
69657
69660
69662
69663
69664
69665
69666
69668
69669
69671
69672
69674
69675
69677
69679
69680
69681
69682
69683
69686
69687
69688
69689
69690
69691
69692
69694
69695
69697
69698
69700
69701
69702
69705
69706
69707
69708
69710
69714
69715
69717
69718
69719
69722
69723
69724
69726
69728
69729
69730
69733
69734
69735
69737
69740
69743
69744
69746
69747
69748
69750
69753
69754
69756
69757
69759
69760
69761
69762
69764
69765
69767
69768
69769
69770
69771
69773
69774
69775
69776
69778
69780
69781
69784
69785
69786
69787
69788
69789
69791
69793
69794
69796
69798
69799
69800
69801
69802
69804
69807
69809
69810
69811
69812
69813
69814
69815
69817
69818
69819
69820
69823
69824
69825
69826
69828
69830
69832
69833
69834
69835
69836
69837
69839
69842
69843
69845
69846
69847
69850
69851
69852
69854
69856
69858
69859
69860
69861
69863
69865
69867
69870
69871
69872
69874
69875
69877
69878
69881
69884
69886
69888
69890
69893
69894
69895
69896
69897
69899
69901
69902
69903
69905
69906
69907
69910
69912
69913
69916
69917
69918
69919
69920
69923
69925
69927
69928
69929
69931
69934
69935
69936
69939
69940
69941
69943
69944
69945
69946
69948
69949
69950
69951
69952
69953
69956
69957
69959
69960
69961
69963
69966
69968
69969
69970
69971
69973
69974
69976
69977
69978
69979
69980
69981
69983
69984
69985
69986
69988
69989
69990
69991
69992
69993
69995
69996
69997
69998
69999
70000
70004
70005
70006
70009
70010
70011
70012
70013
70016
70017
70019
70022
70024
70026
70028
70029
70031
70032
70035
70036
70038
70041
70042
70043
70044
70045
70046
70049
70051
70053
70054
70055
70056
70057
70058
70060
70061
70062
70063
70064
70065
70066
70068
70070
70071
70073
70074
70075
70076
70077
70078
70079
70082
70083
70084
70085
70086
70088
70090
70091
70093
70094
70096
70098
70099
70100
70102
70103
70105
70106
70108
70109
70114
70115
70116
70119
70120
70121
70123
70127
70128
70129
70131
70133
70135
70137
70138
70140
70143
70144
70145
70146
70150
70151
70154
70155
70156
70157
70159
70161
70163
70165
70167
70168
70170
70171
70172
70173
70174
70177
70179
70181
70183
70185
70186
70191
70192
70193
70194
70195
70197
70198
70199
70200
70203
70204
70206
70210
70212
70214
70215
70216
70217
70218
70222
70223
70224
70228
70229
70230
70231
70232
70233
70235
70236
70239
70240
70243
70244
70245
70247
70248
70249
70250
70251
70252
70256
70257
70258
70259
70260
70261
70262
70263
70264
70265
70266
70267
70269
70272
70273
70274
70275
70276
70277
70280
70281
70282
70283
70284
70287
70288
70292
70293
70294
70297
70298
70300
70302
70304
70307
70308
70309
70310
70311
70313
70314
70318
70321
70323
70324
70326
70327
70330
70333
70334
70337
70339
70340
70341
70342
70343
70345
70346
70348
70349
70350
70352
70353
70354
70355
70357
70359
70361
70362
70364
70366
70367
70368
70369
70370
70372
70375
70376
70378
70380
70383
70384
70385
70386
70388
70389
70390
70392
70393
70394
70395
70397
70399
70400
70401
70402
70403
70404
70405
70407
70408
70410
70412
70414
70415
70416
70419
70423
70426
70428
70431
70432
70434
70435
70437
70439
70441
70442
70444
70445
70448
70449
70451
70452
70454
70455
70456
70457
70460
70464
70466
70468
70470
70472
70478
70480
70481
70483
70485
70487
70488
70490
70491
70492
70493
70494
70495
70496
70499
70501
70502
70503
70505
70506
70508
70509
70512
70513
70514
70516
70517
70518
70521
70522
70523
70525
70527
70528
70529
70530
70532
70534
70535
70536
70538
70539
70542
70544
70546
70548
70550
70551
70552
70555
70556
70557
70560
70563
70568
70569
70570
70571
70573
70575
70576
70577
70581
70582
70583
70585
70587
70589
70591
70592
70593
70594
70595
70596
70597
70598
70600
70601
70604
70605
70607
70611
70612
70613
70614
70615
70617
70619
70620
70623
70625
70626
70627
70628
70629
70630
70632
70636
70637
70639
70641
70644
70645
70646
70648
70649
70650
70652
70653
70655
70657
70658
70659
70661
70663
70664
70666
70668
70670
70673
70674
70675
70676
70677
70679
70680
70681
70684
70686
70687
70689
70691
70692
70693
70694
70695
70697
70699
70703
70705
70706
70707
70709
70710
70711
70712
70713
70714
70715
70716
70719
70720
70724
70725
70726
70730
70731
70732
70733
70734
70736
70737
70739
70741
70742
70744
70745
70746
70748
70749
70752
70755
70756
70757
70758
70760
70761
70762
70763
70766
70767
70769
70770
70773
70774
70775
70777
70778
70779
70780
70782
70785
70790
70791
70792
70793
70794
70796
70797
70800
70801
70803
70806
70808
70809
70810
70812
70813
70814
70816
70817
70818
70820
70821
70823
70826
70829
70830
70831
70833
70834
70836
70838
70839
70840
70841
70842
70846
70848
70849
70853
70854
70855
70856
70857
70858
70861
70863
70865
70866
70867
70869
70871
70872
70874
70875
70878
70879
70880
70883
70884
70887
70889
70890
70891
70893
70895
70897
70898
70899
70900
70901
70903
70906
70909
70910
70911
70912
70913
70915
70916
70917
70918
70919
70921
70922
70923
70925
70926
70930
70931
70932
70935
70937
70938
70939
70940
70941
70942
70943
70945
70949
70950
70952
70955
70958
70959
70961
70962
70964
70968
70969
70970
70972
70974
70975
70976
70977
70980
70981
70984
70985
70987
70988
70989
70990
70992
70993
70995
70996
70997
70999
71001
71003
71004
71006
71007
71008
71009
71010
71013
71015
71016
71017
71019
71020
71021
71022
71024
71025
71026
71028
71029
71030
71031
71032
71034
71035
71036
71038
71039
71042
71043
71044
71045
71047
71048
71049
71050
71051
71052
71053
71054
71055
71056
71057
71058
71059
71060
71062
71064
71067
71068
71069
71074
71075
71076
71077
71078
71079
71080
71082
71085
71086
71087
71088
71089
71090
71091
71092
71093
71094
71095
71096
71098
71099
71104
71106
71108
71110
71111
71112
71113
71114
71116
71117
71118
71122
71123
71126
71128
71129
71132
71133
71134
71136
71138
71139
71140
71143
71146
71147
71148
71150
71152
71154
71155
71157
71158
71162
71165
71166
71167
71168
71169
71172
71174
71176
71178
71180
71181
71182
71186
71189
71190
71192
71194
71196
71198
71199
71201
71202
71203
71205
71206
71207
71210
71211
71212
71213
71214
71215
71216
71217
71218
71219
71220
71221
71223
71224
71226
71227
71229
71231
71232
71234
71236
71237
71238
71239
71242
71243
71244
71246
71247
71251
71252
71253
71254
71256
71258
71260
71261
71263
71264
71267
71268
71269
71270
71271
71272
71273
71274
71275
71279
71283
71285
71286
71287
71289
71292
71293
71295
71296
71297
71299
71300
71302
71304
71305
71307
71308
71310
71311
71312
71314
71318
71321
71322
71323
71324
71325
71327
71330
71331
71332
71333
71334
71337
71338
71339
71341
71343
71345
71346
71350
71352
71354
71356
71358
71361
71364
71366
71369
71370
71371
71373
71374
71376
71378
71380
71381
71382
71384
71385
71386
71387
71388
71390
71392
71393
71395
71397
71398
71400
71401
71402
71403
71404
71405
71406
71408
71410
71411
71412
71414
71415
71417
71419
71421
71424
71425
71426
71428
71430
71431
71432
71436
71437
71439
71441
71442
71445
71446
71447
71448
71450
71453
71454
71455
71456
71458
71459
71461
71463
71464
71465
71466
71468
71470
71472
71475
71477
71478
71479
71480
71481
71483
71485
71486
71489
71490
71492
71494
71495
71496
71498
71499
71500
71503
71504
71507
71508
71511
71512
71515
71516
71517
71518
71520
71521
71524
71525
71526
71528
71530
71532
71533
71535
71537
71539
71541
71544
71546
71547
71550
71551
71553
71555
71556
71558
71559
71560
71561
71563
71568
71570
71571
71574
71575
71576
71578
71579
71582
71584
71586
71587
71589
71592
71594
71595
71598
71599
71602
71604
71605
71608
71610
71613
71614
71615
71616
71617
71618
71619
71620
71621
71623
71625
71627
71628
71629
71630
71631
71632
71634
71635
71636
71637
71640
71641
71643
71644
71645
71646
71650
71652
71653
71654
71657
71660
71661
71662
71663
71664
71665
71667
71670
71672
71673
71675
71678
71679
71680
71682
71684
71686
71687
71689
71690
71691
71692
71693
71694
71695
71697
71700
71702
71703
71705
71706
71708
71710
71711
71712
71716
71717
71719
71721
71722
71724
71725
71728
71729
71733
71734
71737
71740
71741
71743
71744
71745
71746
71747
71748
71751
71752
71753
71754
71755
71757
71758
71759
71761
71763
71764
71766
71767
71768
71770
71771
71774
71775
71777
71780
71781
71782
71783
71785
71786
71788
71790
71791
71792
71793
71795
71797
71798
71801
71804
71806
71807
71808
71809
71810
71812
71814
71816
71818
71819
71820
71822
71825
71827
71828
71829
71830
71831
71832
71833
71834
71835
71836
71837
71838
71840
71842
71843
71844
71845
71846
71847
71848
71849
71852
71853
71854
71856
71857
71858
71860
71862
71863
71864
71866
71868
71869
71872
71873
71876
71878
71879
71883
71885
71886
71887
71888
71889
71891
71892
71895
71900
71902
71903
71904
71906
71907
71909
71910
71911
71912
71913
71914
71915
71916
71920
71922
71923
71925
71929
71931
71932
71934
71935
71936
71937
71940
71941
71942
71945
71946
71949
71950
71951
71952
71954
71955
71956
71957
71958
71959
71960
71961
71963
71966
71967
71968
71969
71972
71974
71975
71976
71977
71979
71980
71981
71985
71987
71988
71989
71990
71992
71993
71994
71996
71997
71998
71999
72000
72001
72003
72005
72006
72008
72010
72011
72012
72013
72015
72016
72017
72018
72019
72020
72021
72022
72024
72025
72026
72028
72032
72034
72035
72036
72037
72038
72039
72042
72044
72047
72048
72050
72058
72062
72063
72064
72066
72067
72069
72070
72071
72073
72074
72075
72077
72078
72079
72080
72082
72083
72084
72085
72089
72092
72094
72095
72097
72098
72099
72101
72103
72104
72105
72107
72110
72111
72112
72113
72114
72115
72118
72119
72121
72122
72124
72126
72127
72128
72129
72133
72136
72137
72141
72142
72143
72144
72146
72147
72149
72150
72152
72153
72155
72156
72157
72158
72160
72164
72167
72169
72171
72172
72174
72178
72179
72181
72182
72184
72186
72187
72188
72191
72192
72193
72194
72195
72196
72197
72199
72202
72203
72204
72206
72207
72209
72210
72213
72216
72219
72222
72223
72227
72230
72232
72233
72234
72235
72237
72241
72243
72244
72246
72247
72248
72249
72250
72251
72252
72253
72255
72257
72258
72260
72264
72265
72266
72267
72271
72273
72275
72277
72279
72281
72283
72284
72288
72289
72291
72292
72293
72294
72295
72296
72297
72299
72301
72302
72304
72305
72308
72311
72313
72316
72317
72319
72322
72323
72324
72325
72326
72327
72329
72330
72331
72334
72335
72336
72338
72341
72342
72344
72345
72346
72347
72348
72349
72350
72351
72352
72353
72354
72356
72357
72360
72362
72367
72368
72369
72373
72374
72376
72377
72380
72382
72385
72386
72387
72391
72393
72394
72395
72397
72398
72400
72401
72403
72404
72405
72406
72407
72409
72411
72414
72415
72418
72419
72421
72422
72423
72424
72426
72428
72429
72431
72432
72434
72437
72439
72440
72441
72442
72444
72446
72447
72448
72450
72451
72453
72456
72457
72458
72459
72460
72461
72463
72464
72466
72468
72469
72471
72473
72476
72477
72480
72482
72483
72486
72488
72489
72490
72491
72493
72495
72499
72500
72502
72503
72505
72506
72508
72509
72510
72511
72512
72513
72516
72517
72520
72521
72522
72523
72524
72525
72527
72528
72531
72533
72534
72536
72538
72539
72540
72543
72546
72547
72548
72551
72552
72553
72554
72556
72557
72558
72559
72560
72562
72563
72564
72565
72567
72568
72570
72571
72572
72576
72578
72580
72581
72582
72583
72584
72585
72586
72587
72588
72590
72591
72592
72593
72594
72595
72596
72598
72599
72600
72601
72602
72603
72604
72605
72606
72607
72609
72611
72612
72614
72615
72616
72617
72620
72622
72625
72626
72629
72632
72633
72634
72635
72636
72637
72638
72639
72640
72641
72642
72643
72644
72645
72646
72649
72651
72652
72654
72656
72657
72658
72660
72661
72663
72664
72665
72666
72668
72670
72671
72672
72675
72677
72678
72679
72681
72684
72688
72690
72691
72693
72694
72695
72697
72698
72700
72702
72704
72708
72710
72711
72712
72713
72714
72716
72717
72719
72723
72725
72726
72727
72728
72729
72730
72731
72732
72733
72735
72738
72740
72741
72743
72744
72746
72748
72749
72750
72751
72752
72754
72755
72756
72760
72761
72763
72764
72765
72766
72768
72770
72772
72773
72776
72777
72779
72782
72784
72785
72786
72788
72789
72790
72791
72792
72793
72795
72796
72797
72798
72800
72801
72803
72804
72805
72808
72809
72810
72811
72812
72813
72816
72818
72819
72820
72823
72824
72825
72827
72828
72830
72831
72832
72833
72834
72835
72836
72837
72838
72840
72843
72844
72845
72847
72848
72850
72852
72854
72855
72859
72862
72864
72865
72867
72868
72869
72874
72877
72879
72880
72882
72883
72886
72888
72889
72890
72891
72895
72896
72899
72900
72902
72904
72905
72906
72908
72909
72911
72912
72913
72914
72917
72920
72921
72923
72928
72929
72930
72931
72932
72933
72936
72939
72940
72941
72942
72943
72944
72945
72948
72949
72950
72951
72952
72954
72957
72959
72960
72961
72963
72965
72968
72969
72970
72971
72973
72975
72977
72981
72986
72987
72988
72989
72990
72991
72992
72993
72995
72996
73000
73001
73002
73003
73007
73009
73011
73014
73015
73016
73017
73018
73019
73020
73021
73022
73025
73027
73029
73032
73033
73034
73035
73037
73038
73039
73041
73044
73046
73047
73048
73049
73051
73052
73056
73057
73059
73060
73062
73067
73069
73070
73071
73073
73074
73075
73077
73080
73081
73083
73084
73085
73086
73088
73089
73090
73091
73092
73093
73094
73096
73098
73099
73100
73101
73102
73106
73107
73108
73109
73111
73114
73115
73116
73117
73119
73120
73121
73122
73123
73125
73126
73127
73128
73130
73132
73133
73136
73138
73140
73142
73143
73144
73145
73147
73149
73150
73151
73152
73154
73156
73157
73159
73160
73161
73162
73163
73164
73165
73167
73168
73169
73170
73172
73173
73174
73175
73176
73177
73183
73186
73187
73188
73190
73191
73193
73194
73195
73196
73197
73198
73201
73202
73203
73204
73206
73208
73209
73210
73211
73212
73214
73218
73219
73220
73221
73223
73224
73225
73226
73228
73230
73232
73234
73236
73237
73238
73239
73240
73241
73244
73245
73246
73248
73250
73252
73256
73257
73259
73260
73261
73264
73265
73266
73267
73270
73271
73272
73274
73275
73276
73277
73279
73281
73283
73284
73287
73290
73292
73293
73294
73295
73299
73301
73302
73303
73305
73306
73308
73310
73311
73313
73314
73315
73316
73318
73319
73320
73321
73322
73325
73327
73330
73333
73334
73335
73336
73337
73338
73340
73341
73342
73344
73346
73348
73350
73351
73352
73354
73355
73356
73357
73359
73360
73361
73363
73364
73366
73369
73370
73371
73373
73374
73377
73379
73381
73382
73384
73386
73387
73388
73392
73393
73395
73396
73397
73399
73402
73404
73405
73406
73409
73410
73412
73413
73414
73417
73419
73420
73421
73424
73426
73427
73428
73429
73430
73431
73432
73433
73435
73436
73439
73440
73442
73443
73444
73445
73447
73452
73454
73456
73458
73459
73461
73462
73465
73466
73468
73471
73473
73474
73477
73478
73480
73482
73483
73486
73487
73488
73491
73493
73494
73495
73496
73498
73500
73502
73503
73504
73505
73506
73508
73509
73510
73511
73514
73515
73517
73518
73519
73520
73522
73525
73527
73528
73530
73532
73533
73534
73535
73538
73540
73542
73544
73547
73550
73552
73553
73554
73556
73557
73561
73563
73564
73565
73567
73569
73571
73573
73575
73576
73577
73578
73580
73581
73583
73585
73586
73587
73589
73591
73592
73594
73596
73597
73600
73601
73602
73604
73606
73609
73610
73612
73613
73615
73616
73617
73618
73619
73620
73621
73622
73623
73626
73627
73628
73629
73630
73631
73632
73634
73635
73638
73639
73641
73643
73644
73645
73646
73648
73652
73654
73657
73658
73659
73660
73663
73666
73669
73670
73671
73672
73673
73675
73676
73678
73680
73685
73687
73688
73690
73691
73694
73695
73696
73697
73698
73699
73700
73701
73702
73703
73706
73707
73708
73709
73710
73711
73714
73715
73717
73719
73720
73722
73723
73724
73725
73726
73727
73728
73729
73730
73731
73732
73734
73737
73738
73739
73740
73741
73742
73743
73744
73745
73746
73750
73752
73753
73755
73756
73758
73760
73761
73762
73763
73765
73766
73768
73770
73772
73774
73777
73778
73779
73780
73781
73782
73783
73784
73785
73786
73787
73790
73791
73792
73793
73794
73796
73797
73799
73801
73802
73804
73806
73807
73808
73815
73817
73818
73820
73821
73822
73823
73824
73825
73826
73828
73830
73831
73832
73833
73835
73837
73838
73839
73841
73842
73843
73846
73848
73850
73854
73855
73857
73859
73861
73864
73865
73866
73867
73869
73872
73873
73874
73875
73876
73877
73878
73879
73882
73883
73885
73887
73889
73892
73893
73894
73895
73897
73898
73901
73903
73905
73906
73907
73909
73911
73913
73916
73918
73920
73922
73924
73925
73926
73928
73929
73931
73932
73934
73938
73939
73940
73941
73942
73943
73944
73946
73947
73948
73950
73953
73955
73958
73961
73964
73970
73971
73972
73973
73974
73975
73976
73977
73978
73982
73985
73986
73987
73989
73990
73991
73994
73995
73996
73997
73998
74000
74001
74002
74004
74005
74006
74009
74012
74013
74015
74018
74020
74023
74024
74025
74026
74027
74028
74030
74031
74032
74034
74037
74039
74041
74043
74044
74045
74046
74047
74048
74049
74051
74053
74055
74056
74057
74059
74061
74064
74065
74066
74068
74069
74070
74072
74076
74078
74080
74082
74083
74084
74086
74087
74088
74089
74091
74093
74095
74096
74098
74099
74100
74101
74102
74104
74107
74108
74109
74111
74112
74113
74114
74115
74116
74118
74119
74121
74122
74123
74124
74125
74126
74127
74128
74129
74131
74133
74135
74137
74140
74141
74144
74146
74148
74150
74152
74155
74156
74157
74158
74159
74160
74161
74163
74165
74167
74168
74169
74170
74171
74174
74175
74177
74180
74182
74186
74187
74190
74193
74195
74196
74197
74199
74203
74204
74205
74207
74209
74212
74213
74216
74219
74223
74226
74228
74230
74232
74233
74234
74235
74237
74238
74239
74240
74241
74242
74244
74245
74249
74251
74252
74255
74259
74260
74261
74263
74264
74265
74266
74267
74268
74269
74270
74272
74274
74275
74277
74278
74282
74283
74284
74285
74286
74287
74288
74289
74290
74291
74292
74295
74297
74299
74300
74302
74304
74309
74310
74311
74315
74316
74318
74319
74320
74323
74324
74325
74326
74328
74331
74332
74333
74335
74336
74338
74340
74342
74347
74348
74349
74350
74352
74355
74356
74357
74358
74359
74360
74362
74363
74366
74367
74368
74369
74370
74371
74372
74375
74376
74377
74378
74381
74383
74384
74385
74386
74387
74388
74391
74393
74395
74400
74401
74403
74405
74406
74407
74409
74410
74411
74413
74415
74417
74418
74423
74424
74425
74426
74427
74428
74430
74432
74433
74436
74438
74440
74441
74442
74443
74444
74446
74447
74448
74449
74450
74451
74452
74453
74455
74456
74457
74458
74459
74460
74464
74465
74467
74468
74469
74470
74471
74472
74477
74478
74479
74482
74485
74486
74487
74488
74490
74492
74494
74495
74497
74500
74501
74504
74505
74506
74508
74510
74512
74513
74514
74516
74518
74520
74521
74523
74525
74527
74530
74531
74532
74533
74534
74535
74536
74540
74541
74542
74544
74545
74546
74548
74549
74551
74553
74554
74556
74561
74564
74565
74566
74567
74569
74571
74572
74574
74575
74576
74577
74578
74581
74582
74583
74585
74589
74590
74592
74593
74594
74595
74600
74601
74602
74604
74605
74606
74607
74608
74610
74614
74615
74618
74621
74622
74624
74627
74629
74630
74631
74633
74636
74637
74638
74639
74640
74642
74643
74644
74645
74646
74647
74648
74649
74650
74651
74652
74653
74655
74656
74658
74659
74660
74661
74662
74664
74667
74668
74670
74673
74674
74676
74678
74679
74683
74684
74685
74688
74690
74692
74693
74694
74696
74697
74698
74699
74701
74703
74704
74705
74707
74709
74712
74715
74716
74719
74720
74721
74722
74723
74724
74725
74728
74730
74731
74733
74734
74735
74738
74739
74740
74742
74744
74745
74747
74748
74750
74751
74752
74755
74757
74758
74760
74761
74762
74763
74765
74766
74767
74770
74771
74773
74779
74780
74782
74783
74784
74786
74787
74788
74790
74791
74793
74794
74796
74797
74798
74800
74803
74806
74807
74808
74809
74810
74812
74814
74816
74817
74818
74821
74824
74826
74828
74829
74830
74835
74836
74837
74839
74840
74841
74842
74844
74846
74848
74849
74850
74853
74854
74858
74859
74860
74861
74863
74864
74865
74867
74869
74870
74871
74873
74876
74878
74880
74881
74883
74885
74886
74887
74888
74890
74891
74892
74893
74895
74896
74897
74898
74900
74902
74905
74908
74909
74911
74912
74913
74914
74915
74916
74917
74918
74919
74922
74924
74926
74927
74928
74929
74930
74931
74932
74934
74936
74939
74940
74941
74942
74943
74944
74945
74947
74948
74949
74951
74952
74954
74955
74956
74957
74960
74961
74964
74967
74970
74972
74973
74974
74976
74978
74986
74988
74991
74995
74996
74997
75001
75002
75003
75006
75007
75008
75009
75010
75012
75013
75014
75015
75016
75017
75018
75019
75021
75023
75027
75028
75029
75031
75032
75036
75037
75039
75040
75041
75042
75043
75044
75046
75050
75052
75053
75054
75055
75056
75058
75061
75064
75065
75066
75067
75070
75072
75074
75076
75078
75081
75082
75086
75087
75089
75090
75091
75092
75093
75094
75095
75099
75101
75102
75103
75104
75105
75107
75108
75110
75111
75112
75114
75117
75118
75120
75122
75123
75124
75127
75128
75129
75130
75132
75134
75135
75136
75137
75138
75139
75141
75142
75143
75145
75146
75148
75149
75151
75152
75155
75157
75158
75160
75161
75162
75163
75164
75166
75168
75169
75171
75172
75173
75174
75177
75178
75181
75182
75183
75184
75189
75190
75191
75193
75194
75196
75198
75200
75202
75203
75204
75205
75207
75209
75213
75214
75216
75217
75218
75222
75223
75225
75226
75228
75229
75230
75232
75233
75234
75235
75237
75243
75244
75245
75248
75249
75251
75252
75253
75254
75257
75258
75259
75261
75262
75263
75265
75267
75268
75269
75270
75274
75278
75280
75281
75282
75283
75284
75285
75286
75287
75289
75290
75291
75292
75293
75294
75295
75296
75298
75299
75300
75301
75302
75303
75304
75306
75308
75311
75314
75316
75320
75321
75323
75328
75329
75330
75331
75332
75333
75334
75337
75338
75339
75341
75343
75345
75348
75350
75352
75353
75354
75355
75359
75360
75362
75365
75366
75367
75368
75370
75372
75373
75374
75375
75376
75377
75378
75379
75380
75381
75382
75385
75386
75387
75390
75391
75392
75394
75396
75399
75401
75402
75403
75404
75405
75406
75408
75410
75411
75413
75416
75417
75419
75422
75423
75426
75427
75428
75431
75435
75436
75438
75439
75443
75444
75446
75447
75450
75451
75453
75454
75456
75460
75461
75464
75465
75466
75467
75469
75470
75471
75472
75473
75474
75475
75476
75478
75480
75482
75484
75486
75488
75489
75490
75491
75492
75493
75494
75495
75496
75497
75498
75499
75500
75501
75502
75503
75504
75506
75507
75508
75511
75512
75513
75516
75517
75518
75519
75521
75522
75523
75524
75525
75526
75528
75529
75530
75531
75532
75533
75534
75536
75537
75538
75541
75543
75544
75545
75546
75547
75548
75551
75553
75554
75555
75558
75560
75561
75562
75563
75564
75566
75568
75569
75570
75571
75572
75573
75574
75575
75576
75578
75579
75580
75583
75584
75585
75587
75589
75590
75591
75592
75593
75595
75596
75598
75600
75602
75606
75607
75610
75613
75614
75615
75616
75618
75620
75621
75622
75623
75625
75626
75627
75629
75630
75631
75632
75633
75634
75636
75638
75639
75640
75641
75643
75645
75646
75647
75648
75650
75652
75654
75655
75656
75657
75658
75659
75660
75662
75664
75665
75667
75669
75671
75672
75673
75675
75676
75677
75678
75679
75680
75681
75682
75683
75684
75687
75688
75690
75692
75693
75695
75696
75699
75701
75702
75703
75706
75708
75710
75711
75713
75717
75718
75720
75721
75723
75724
75725
75726
75727
75728
75729
75731
75732
75733
75734
75735
75737
75738
75739
75742
75743
75745
75746
75747
75751
75753
75754
75756
75757
75758
75759
75760
75764
75765
75766
75768
75769
75770
75772
75773
75778
75779
75780
75781
75782
75783
75784
75785
75786
75788
75789
75790
75791
75792
75793
75794
75795
75796
75798
75800
75802
75803
75804
75808
75809
75810
75811
75814
75817
75819
75820
75822
75825
75827
75829
75830
75831
75832
75833
75834
75836
75840
75842
75843
75844
75846
75848
75850
75854
75856
75858
75859
75860
75862
75863
75865
75866
75868
75869
75871
75873
75874
75876
75880
75882
75885
75886
75887
75889
75890
75891
75892
75895
75896
75897
75898
75899
75901
75902
75904
75905
75909
75910
75911
75912
75914
75915
75917
75918
75920
75923
75924
75925
75926
75927
75928
75929
75930
75931
75932
75933
75934
75935
75936
75937
75938
75939
75940
75942
75943
75944
75945
75946
75947
75948
75950
75952
75953
75956
75957
75959
75961
75962
75963
75964
75965
75966
75967
75968
75970
75971
75973
75975
75976
75977
75978
75981
75982
75983
75985
75986
75988
75989
75991
75992
75993
75996
75997
75998
75999
76001
76002
76003
76004
76005
76007
76011
76013
76014
76017
76018
76020
76021
76022
76023
76024
76028
76030
76032
76033
76035
76036
76038
76039
76041
76043
76044
76045
76046
76047
76049
76052
76053
76055
76056
76057
76058
76059
76060
76062
76065
76067
76069
76070
76071
76073
76074
76075
76079
76080
76081
76083
76084
76085
76088
76089
76091
76092
76093
76096
76097
76098
76100
76101
76103
76104
76106
76108
76112
76113
76114
76115
76118
76119
76120
76121
76122
76123
76124
76126
76127
76128
76130
76134
76136
76137
76138
76140
76144
76146
76147
76148
76150
76152
76153
76156
76159
76161
76164
76165
76169
76173
76178
76179
76181
76184
76186
76187
76189
76192
76193
76194
76195
76196
76198
76199
76200
76201
76202
76203
76204
76207
76209
76210
76211
76212
76216
76218
76219
76220
76221
76225
76226
76227
76228
76229
76230
76231
76232
76233
76235
76237
76238
76239
76240
76241
76244
76246
76247
76248
76250
76252
76255
76256
76258
76260
76262
76264
76265
76266
76268
76271
76273
76277
76280
76282
76284
76285
76287
76291
76293
76294
76296
76298
76299
76300
76303
76305
76309
76310
76315
76319
76320
76321
76324
76327
76328
76330
76332
76333
76334
76335
76336
76337
76338
76339
76340
76342
76343
76348
76350
76352
76354
76356
76357
76361
76364
76365
76367
76368
76369
76370
76371
76372
76374
76376
76378
76379
76380
76381
76382
76383
76385
76386
76387
76389
76391
76392
76393
76394
76395
76396
76397
76399
76400
76401
76403
76404
76405
76406
76407
76409
76411
76412
76413
76416
76420
76421
76423
76424
76425
76428
76429
76431
76435
76436
76437
76438
76439
76441
76443
76444
76445
76446
76447
76448
76450
76452
76454
76456
76457
76458
76459
76462
76465
76467
76468
76469
76471
76472
76473
76474
76478
76480
76481
76482
76483
76484
76485
76491
76492
76494
76496
76497
76500
76502
76504
76505
76507
76509
76511
76512
76515
76516
76519
76520
76521
76522
76527
76528
76529
76531
76533
76534
76535
76536
76537
76539
76540
76543
76544
76545
76547
76549
76551
76554
76557
76558
76561
76562
76563
76564
76565
76567
76569
76570
76573
76575
76576
76578
76580
76581
76582
76585
76586
76588
76591
76594
76595
76597
76599
76600
76603
76604
76606
76607
76608
76610
76612
76615
76620
76621
76622
76623
76624
76627
76635
76636
76637
76641
76642
76643
76644
76646
76648
76649
76651
76653
76654
76656
76657
76658
76660
76661
76663
76665
76666
76668
76669
76670
76671
76672
76674
76675
76676
76677
76680
76681
76682
76683
76685
76690
76692
76693
76698
76700
76701
76702
76703
76704
76705
76706
76707
76709
76710
76712
76714
76715
76716
76717
76719
76721
76723
76725
76726
76727
76728
76729
76730
76731
76734
76736
76741
76742
76744
76745
76746
76747
76748
76750
76751
76752
76754
76756
76758
76760
76761
76762
76763
76764
76767
76768
76769
76770
76771
76775
76776
76777
76778
76779
76780
76782
76784
76785
76787
76788
76789
76790
76791
76792
76793
76794
76799
76801
76802
76803
76804
76806
76808
76809
76813
76815
76822
76823
76824
76825
76826
76828
76830
76833
76834
76835
76837
76839
76840
76844
76846
76847
76848
76849
76850
76851
76853
76854
76855
76856
76857
76862
76865
76866
76867
76868
76869
76871
76872
76874
76876
76877
76879
76880
76881
76882
76883
76884
76887
76888
76889
76894
76897
76898
76900
76901
76903
76905
76906
76907
76908
76910
76912
76914
76916
76918
76919
76920
76922
76924
76926
76927
76928
76930
76932
76933
76934
76935
76938
76939
76941
76943
76944
76947
76948
76950
76951
76956
76957
76958
76959
76960
76964
76967
76968
76969
76970
76971
76972
76976
76977
76978
76979
76980
76982
76983
76984
76985
76986
76989
76990
76992
76994
76996
77000
77001
77003
77004
77006
77007
77009
77011
77012
77013
77014
77016
77017
77018
77019
77020
77021
77024
77026
77028
77029
77030
77031
77032
77033
77036
77037
77038
77041
77042
77043
77044
77045
77046
77047
77048
77049
77050
77052
77053
77054
77056
77057
77058
77059
77062
77063
77065
77067
77071
77074
77075
77076
77078
77079
77080
77081
77082
77084
77085
77088
77089
77090
77091
77092
77095
77097
77098
77099
77101
77102
77103
77104
77106
77108
77109
77110
77112
77113
77118
77121
77124
77127
77129
77130
77131
77132
77133
77134
77135
77137
77138
77139
77140
77141
77143
77145
77149
77150
77151
77152
77153
77155
77156
77157
77158
77160
77162
77163
77164
77165
77166
77169
77171
77172
77173
77175
77178
77179
77180
77181
77182
77183
77184
77185
77186
77187
77188
77190
77191
77192
77193
77195
77197
77201
77204
77205
77207
77208
77209
77210
77212
77215
77218
77219
77221
77223
77227
77229
77232
77233
77235
77237
77238
77240
77242
77244
77246
77247
77248
77250
77251
77252
77255
77257
77259
77260
77265
77266
77268
77269
77273
77275
77276
77277
77279
77282
77284
77286
77288
77289
77290
77292
77293
77297
77298
77299
77300
77303
77304
77306
77307
77308
77309
77311
77315
77318
77320
77321
77325
77327
77328
77329
77330
77331
77332
77334
77338
77339
77340
77341
77344
77346
77349
77350
77352
77353
77354
77355
77356
77357
77358
77360
77361
77362
77363
77364
77365
77368
77372
77373
77374
77377
77378
77379
77380
77384
77385
77386
77387
77389
77391
77393
77395
77396
77398
77399
77400
77403
77406
77409
77410
77412
77413
77414
77415
77416
77417
77420
77421
77422
77423
77424
77425
77427
77429
77430
77432
77434
77436
77437
77440
77441
77443
77444
77445
77446
77447
77448
77449
77450
77451
77452
77455
77459
77461
77462
77464
77465
77468
77470
77471
77472
77474
77475
77476
77478
77483
77485
77486
77490
77494
77496
77498
77500
77501
77502
77503
77504
77505
77506
77507
77508
77511
77513
77515
77516
77517
77519
77520
77521
77523
77524
77525
77526
77529
77531
77532
77534
77535
77536
77537
77538
77539
77541
77542
77544
77546
77548
77549
77550
77551
77552
77553
77554
77556
77557
77558
77559
77562
77563
77565
77567
77568
77569
77572
77574
77576
77577
77578
77579
77580
77581
77583
77584
77586
77589
77590
77591
77592
77594
77596
77597
77598
77601
77603
77605
77607
77608
77609
77612
77613
77616
77617
77620
77621
77622
77624
77626
77627
77630
77632
77633
77635
77636
77637
77641
77644
77646
77647
77648
77649
77651
77652
77654
77656
77657
77659
77660
77661
77662
77665
77668
77670
77672
77673
77675
77677
77679
77680
77682
77683
77686
77687
77690
77693
77695
77696
77698
77699
77700
77701
77702
77705
77706
77707
77709
77710
77711
77714
77716
77717
77718
77719
77720
77724
77725
77727
77729
77730
77732
77734
77738
77740
77741
77743
77745
77747
77749
77750
77752
77753
77755
77756
77757
77758
77759
77760
77762
77763
77764
77767
77769
77770
77772
77775
77776
77777
77778
77779
77780
77781
77785
77786
77787
77789
77790
77791
77792
77793
77795
77798
77799
77801
77803
77805
77806
77808
77809
77812
77814
77815
77817
77819
77820
77823
77824
77825
77826
77827
77828
77829
77830
77831
77832
77833
77835
77836
77837
77839
77841
77842
77843
77845
77846
77847
77848
77850
77851
77852
77854
77857
77859
77860
77862
77865
77868
77869
77871
77873
77875
77878
77881
77882
77885
77886
77887
77889
77893
77894
77896
77897
77898
77900
77901
77903
77905
77906
77907
77909
77910
77911
77912
77913
77916
77919
77920
77923
77924
77925
77926
77927
77928
77929
77931
77932
77933
77934
77935
77936
77938
77939
77941
77942
77943
77944
77946
77947
77948
77950
77951
77952
77953
77954
77957
77959
77962
77964
77967
77968
77970
77971
77972
77973
77974
77975
77976
77977
77978
77979
77980
77981
77983
77984
77986
77988
77989
77991
77992
77996
77998
78002
78003
78004
78005
78006
78007
78008
78009
78011
78012
78014
78015
78016
78018
78019
78020
78023
78025
78026
78028
78029
78030
78031
78032
78036
78037
78040
78042
78043
78045
78046
78047
78048
78051
78052
78053
78056
78057
78061
78064
78065
78066
78068
78070
78071
78072
78073
78074
78075
78076
78077
78080
78081
78082
78083
78084
78086
78088
78090
78092
78094
78097
78099
78102
78105
78106
78108
78109
78110
78113
78116
78117
78118
78120
78121
78123
78125
78126
78128
78129
78131
78132
78133
78134
78137
78138
78139
78140
78142
78143
78145
78147
78151
78154
78155
78157
78160
78161
78163
78164
78168
78170
78171
78172
78174
78176
78178
78179
78181
78185
78186
78188
78190
78191
78193
78194
78197
78200
78203
78204
78205
78206
78208
78209
78210
78212
78213
78215
78218
78220
78221
78222
78223
78225
78227
78230
78232
78233
78234
78235
78236
78237
78238
78239
78241
78243
78246
78247
78248
78249
78250
78251
78255
78259
78261
78263
78266
78269
78271
78274
78275
78277
78278
78281
78283
78286
78287
78288
78289
78293
78295
78296
78298
78299
78300
78302
78304
78305
78308
78309
78311
78313
78315
78318
78319
78320
78322
78323
78324
78325
78327
78329
78330
78331
78332
78334
78335
78336
78337
78338
78342
78344
78345
78347
78348
78349
78353
78354
78356
78361
78363
78364
78365
78366
78367
78369
78370
78373
78375
78376
78378
78379
78380
78381
78382
78383
78384
78385
78387
78390
78391
78392
78394
78395
78396
78397
78399
78402
78404
78407
78409
78410
78412
78413
78414
78415
78416
78418
78421
78422
78423
78424
78425
78427
78429
78433
78434
78435
78437
78439
78442
78443
78444
78445
78447
78449
78451
78452
78453
78454
78455
78456
78457
78458
78462
78463
78464
78465
78466
78467
78469
78470
78474
78476
78477
78478
78485
78486
78487
78488
78489
78490
78492
78493
78494
78496
78497
78498
78501
78502
78504
78506
78507
78510
78513
78514
78517
78519
78521
78522
78523
78525
78526
78527
78529
78535
78537
78539
78540
78543
78544
78545
78546
78547
78548
78549
78550
78551
78553
78555
78556
78559
78561
78564
78565
78566
78569
78570
78571
78573
78576
78578
78579
78580
78581
78583
78586
78588
78589
78591
78592
78595
78596
78597
78598
78599
78600
78601
78603
78604
78605
78606
78609
78610
78612
78613
78616
78617
78619
78622
78623
78625
78628
78630
78631
78632
78633
78636
78637
78638
78639
78640
78642
78644
78645
78648
78649
78650
78652
78654
78656
78657
78658
78659
78661
78662
78664
78666
78667
78670
78672
78676
78677
78678
78679
78680
78683
78685
78686
78687
78690
78691
78692
78694
78695
78696
78700
78702
78704
78705
78709
78710
78711
78713
78714
78715
78717
78720
78721
78722
78724
78725
78726
78727
78728
78729
78730
78731
78732
78734
78738
78740
78741
78744
78746
78748
78750
78751
78752
78753
78754
78755
78757
78758
78760
78761
78762
78763
78767
78768
78771
78772
78773
78774
78776
78777
78778
78780
78781
78782
78783
78787
78789
78792
78795
78797
78798
78799
78801
78804
78805
78808
78809
78812
78813
78816
78819
78822
78823
78827
78828
78830
78832
78833
78835
78836
78837
78838
78839
78840
78842
78843
78844
78846
78850
78854
78855
78858
78860
78861
78863
78864
78865
78868
78869
78870
78871
78873
78875
78877
78878
78879
78880
78881
78882
78884
78886
78888
78890
78891
78892
78893
78895
78897
78899
78906
78907
78910
78911
78913
78917
78918
78919
78924
78926
78927
78928
78931
78933
78934
78935
78936
78937
78938
78939
78941
78943
78944
78946
78947
78948
78949
78950
78951
78952
78955
78957
78958
78959
78960
78961
78965
78972
78973
78974
78976
78978
78980
78981
78982
78985
78987
78989
78992
78993
78996
78997
78998
78999
79000
79001
79002
79003
79005
79006
79007
79009
79010
79013
79015
79016
79017
79018
79019
79021
79023
79026
79027
79028
79029
79030
79031
79032
79033
79034
79035
79036
79038
79039
79041
79042
79043
79045
79048
79051
79052
79053
79055
79059
79061
79064
79065
79067
79068
79069
79070
79074
79075
79077
79079
79084
79086
79087
79089
79090
79092
79093
79095
79096
79097
79100
79102
79103
79105
79106
79108
79109
79111
79112
79115
79117
79119
79120
79121
79122
79124
79126
79129
79131
79133
79134
79136
79137
79138
79141
79143
79144
79145
79146
79147
79149
79151
79152
79154
79158
79159
79160
79161
79162
79163
79164
79166
79168
79171
79173
79174
79176
79177
79178
79179
79181
79182
79183
79184
79185
79186
79187
79190
79192
79195
79198
79202
79204
79205
79206
79208
79212
79215
79218
79219
79220
79222
79223
79225
79226
79228
79229
79230
79231
79232
79233
79234
79235
79238
79239
79240
79241
79244
79247
79248
79252
79253
79256
79260
79263
79266
79267
79268
79270
79272
79273
79275
79277
79278
79279
79281
79282
79284
79285
79286
79287
79290
79292
79296
79297
79298
79299
79300
79302
79303
79304
79305
79306
79309
79310
79311
79313
79314
79316
79317
79320
79322
79323
79324
79325
79326
79327
79328
79329
79331
79332
79336
79337
79340
79343
79344
79345
79348
79349
79350
79351
79355
79357
79358
79361
79363
79365
79366
79367
79369
79371
79374
79375
79380
79381
79382
79383
79384
79386
79387
79388
79389
79390
79391
79393
79397
79398
79400
79401
79402
79403
79404
79407
79409
79411
79412
79413
79415
79416
79418
79420
79421
79423
79427
79428
79431
79433
79434
79435
79438
79439
79440
79442
79443
79448
79450
79453
79455
79456
79457
79458
79459
79460
79461
79462
79463
79464
79465
79468
79471
79472
79473
79474
79475
79476
79479
79480
79486
79487
79489
79491
79493
79494
79495
79497
79499
79501
79502
79504
79506
79507
79508
79511
79513
79514
79515
79516
79518
79519
79521
79523
79524
79526
79528
79529
79530
79531
79532
79534
79535
79538
79540
79541
79542
79543
79546
79547
79549
79550
79554
79555
79556
79558
79560
79562
79563
79565
79570
79571
79572
79573
79575
79576
79578
79579
79580
79582
79584
79585
79587
79589
79590
79591
79594
79598
79599
79600
79601
79603
79612
79615
79618
79620
79621
79622
79623
79625
79626
79627
79630
79631
79632
79634
79635
79637
79638
79639
79640
79644
79645
79647
79649
79651
79652
79653
79654
79655
79656
79657
79658
79660
79661
79663
79664
79666
79667
79668
79669
79672
79673
79674
79676
79678
79679
79680
79682
79683
79684
79685
79686
79688
79693
79694
79695
79697
79700
79701
79703
79705
79706
79709
79710
79712
79713
79714
79715
79716
79717
79718
79720
79722
79723
79726
79727
79728
79729
79730
79732
79735
79737
79738
79739
79740
79741
79742
79743
79745
79747
79749
79750
79751
79752
79753
79754
79757
79758
79759
79762
79765
79766
79767
79768
79769
79771
79774
79776
79777
79778
79780
79782
79783
79785
79786
79787
79792
79793
79795
79796
79798
79801
79802
79803
79804
79806
79809
79810
79814
79815
79817
79818
79819
79821
79822
79823
79825
79826
79827
79828
79829
79830
79832
79835
79837
79839
79840
79841
79842
79844
79845
79846
79848
79850
79851
79852
79855
79856
79857
79860
79861
79862
79863
79864
79865
79867
79868
79871
79872
79877
79878
79879
79880
79881
79883
79884
79885
79886
79889
79890
79892
79893
79894
79899
79901
79902
79904
79907
79911
79914
79916
79917
79918
79919
79920
79921
79922
79924
79926
79929
79930
79932
79934
79936
79937
79938
79940
79942
79943
79947
79948
79951
79954
79956
79959
79962
79963
79964
79965
79966
79969
79971
79972
79973
79974
79975
79977
79979
79982
79984
79986
79987
79989
79990
79991
79993
79995
79998
80001
80002
80005
80006
80007
80008
80010
80011
80012
80014
80016
80017
80018
80020
80021
80022
80024
80025
80026
80028
80029
80030
80031
80033
80035
80036
80037
80038
80039
80041
80042
80043
80044
80048
80049
80050
80051
80053
80055
80056
80057
80059
80060
80061
80062
80065
80067
80068
80071
80072
80076
80080
80081
80082
80085
80088
80089
80090
80093
80094
80098
80099
80101
80104
80106
80107
80109
80111
80112
80113
80114
80116
80119
80120
80121
80122
80123
80124
80125
80127
80129
80131
80132
80133
80134
80135
80137
80138
80140
80141
80142
80144
80150
80152
80153
80154
80156
80157
80161
80162
80163
80164
80165
80166
80169
80171
80173
80175
80176
80177
80178
80179
80181
80182
80183
80184
80188
80189
80190
80191
80192
80193
80195
80196
80197
80199
80201
80203
80204
80206
80209
80210
80211
80213
80215
80216
80217
80218
80221
80222
80223
80224
80225
80226
80228
80229
80231
80235
80236
80239
80240
80242
80243
80245
80246
80248
80249
80250
80251
80253
80254
80256
80257
80259
80260
80261
80262
80263
80264
80265
80266
80267
80268
80272
80273
80275
80276
80278
80279
80283
80285
80287
80288
80291
80292
80294
80296
80297
80299
80300
80301
80302
80303
80306
80307
80308
80309
80310
80311
80312
80313
80315
80317
80320
80323
80324
80326
80327
80328
80329
80331
80334
80336
80337
80341
80342
80347
80349
80350
80351
80352
80354
80355
80356
80358
80360
80361
80363
80364
80368
80369
80371
80372
80373
80374
80376
80379
80382
80383
80384
80385
80387
80390
80391
80392
80393
80394
80395
80396
80398
80399
80401
80403
80405
80407
80408
80409
80410
80411
80412
80413
80414
80415
80416
80417
80418
80420
80421
80423
80425
80426
80427
80430
80432
80433
80434
80437
80438
80439
80440
80443
80444
80445
80446
80447
80448
80449
80452
80453
80454
80455
80459
80462
80466
80468
80470
80471
80473
80475
80476
80477
80478
80479
80481
80483
80485
80486
80488
80489
80490
80491
80492
80494
80496
80498
80499
80500
80501
80502
80504
80505
80507
80508
80510
80514
80515
80516
80517
80518
80521
80522
80523
80524
80525
80527
80530
80532
80533
80534
80536
80537
80538
80539
80540
80543
80546
80547
80551
80553
80555
80557
80558
80560
80562
80563
80564
80566
80567
80568
80569
80570
80574
80575
80576
80579
80580
80584
80586
80587
80589
80591
80594
80595
80597
80600
80601
80602
80603
80604
80608
80609
80612
80613
80614
80615
80616
80617
80618
80619
80621
80622
80626
80628
80630
80631
80633
80634
80635
80636
80637
80638
80640
80643
80644
80645
80646
80647
80649
80650
80653
80654
80655
80656
80658
80659
80663
80664
80666
80667
80668
80669
80670
80671
80673
80677
80678
80679
80682
80683
80685
80686
80689
80691
80693
80694
80695
80697
80699
80700
80701
80702
80703
80706
80707
80708
80709
80713
80714
80715
80716
80718
80721
80722
80723
80724
80726
80727
80728
80730
80732
80733
80735
80736
80737
80738
80739
80740
80741
80742
80743
80744
80745
80746
80747
80749
80752
80753
80754
80755
80756
80757
80758
80760
80762
80764
80765
80767
80769
80770
80773
80776
80777
80778
80779
80781
80783
80784
80785
80789
80790
80793
80794
80795
80797
80799
80800
80802
80803
80804
80805
80806
80809
80810
80811
80813
80814
80815
80817
80818
80819
80820
80821
80823
80824
80825
80828
80831
80833
80835
80836
80838
80839
80841
80842
80843
80844
80846
80849
80850
80851
80852
80854
80857
80858
80859
80861
80863
80864
80866
80867
80870
80874
80877
80878
80879
80881
80883
80884
80885
80887
80888
80890
80891
80892
80896
80897
80899
80900
80902
80903
80904
80906
80907
80908
80911
80913
80915
80916
80917
80918
80919
80920
80922
80924
80926
80928
80931
80933
80934
80936
80938
80940
80941
80942
80944
80945
80949
80952
80953
80954
80956
80959
80961
80962
80963
80964
80965
80966
80968
80972
80976
80978
80979
80985
80986
80987
80988
80989
80990
80991
80992
80995
80997
80999
81000
81001
81002
81003
81004
81006
81007
81009
81010
81013
81015
81017
81018
81019
81020
81022
81023
81024
81026
81027
81028
81029
81031
81033
81034
81036
81037
81038
81039
81042
81045
81047
81050
81051
81054
81055
81056
81057
81059
81060
81062
81065
81068
81069
81072
81075
81078
81079
81080
81082
81085
81086
81087
81088
81089
81090
81091
81092
81093
81094
81095
81096
81097
81098
81099
81100
81102
81104
81105
81107
81108
81110
81111
81116
81117
81118
81119
81120
81122
81123
81124
81126
81130
81131
81133
81134
81135
81136
81138
81141
81143
81144
81145
81146
81147
81148
81149
81150
81152
81154
81155
81156
81157
81158
81162
81163
81164
81165
81166
81167
81169
81170
81173
81174
81176
81177
81178
81183
81186
81187
81188
81190
81192
81194
81197
81199
81200
81203
81205
81207
81208
81209
81210
81211
81212
81214
81215
81216
81217
81219
81220
81222
81225
81226
81227
81228
81230
81231
81235
81236
81237
81239
81241
81242
81244
81245
81246
81247
81248
81249
81250
81251
81252
81254
81255
81259
81263
81264
81267
81268
81269
81270
81272
81273
81275
81278
81280
81281
81283
81284
81285
81286
81287
81288
81290
81291
81292
81293
81294
81296
81297
81299
81301
81302
81303
81305
81306
81307
81308
81309
81310
81312
81315
81316
81318
81321
81323
81324
81325
81326
81329
81332
81334
81338
81339
81341
81342
81343
81345
81348
81349
81350
81352
81354
81356
81357
81358
81359
81363
81365
81367
81368
81369
81371
81372
81373
81375
81376
81377
81384
81386
81387
81388
81391
81393
81394
81397
81399
81400
81401
81402
81403
81404
81407
81411
81414
81416
81417
81419
81422
81426
81428
81431
81433
81434
81435
81436
81437
81439
81441
81443
81444
81445
81449
81452
81454
81455
81457
81458
81459
81460
81462
81463
81464
81466
81467
81468
81470
81473
81474
81475
81476
81477
81478
81481
81483
81485
81486
81487
81489
81490
81492
81493
81495
81496
81497
81498
81500
81501
81503
81505
81509
81511
81515
81516
81517
81518
81519
81521
81522
81523
81529
81530
81531
81533
81534
81535
81536
81537
81541
81542
81543
81544
81545
81548
81549
81550
81551
81552
81553
81555
81557
81558
81560
81561
81562
81563
81564
81565
81567
81568
81570
81572
81573
81574
81575
81576
81577
81578
81580
81582
81583
81584
81585
81586
81587
81588
81589
81592
81594
81595
81596
81597
81599
81600
81601
81602
81606
81608
81613
81614
81615
81617
81619
81621
81622
81623
81626
81627
81628
81630
81631
81633
81635
81637
81638
81641
81642
81644
81645
81647
81649
81651
81652
81653
81655
81657
81658
81659
81660
81661
81662
81664
81665
81668
81671
81674
81676
81678
81679
81680
81681
81683
81685
81687
81689
81691
81692
81693
81696
81697
81699
81700
81702
81704
81706
81708
81710
81712
81713
81717
81718
81719
81720
81723
81725
81726
81727
81728
81729
81732
81734
81736
81737
81738
81739
81740
81741
81744
81745
81747
81748
81749
81750
81751
81752
81754
81756
81757
81759
81760
81763
81765
81767
81768
81770
81772
81773
81775
81776
81777
81779
81781
81782
81783
81784
81789
81790
81791
81792
81795
81796
81797
81799
81800
81801
81802
81803
81807
81808
81810
81812
81813
81814
81815
81816
81818
81819
81820
81821
81822
81825
81826
81828
81829
81830
81832
81833
81834
81835
81836
81837
81838
81841
81842
81844
81845
81847
81848
81850
81851
81853
81855
81856
81858
81860
81863
81864
81865
81866
81868
81869
81870
81872
81873
81874
81875
81876
81877
81878
81879
81881
81884
81887
81888
81890
81891
81892
81895
81896
81899
81900
81902
81903
81904
81907
81908
81909
81910
81911
81912
81914
81915
81917
81918
81920
81922
81923
81924
81925
81926
81928
81929
81930
81932
81935
81936
81938
81939
81940
81941
81947
81948
81950
81952
81954
81955
81956
81958
81959
81961
81964
81968
81969
81971
81972
81973
81974
81975
81977
81978
81979
81981
81985
81987
81988
81989
81990
81992
81994
81995
81996
81999
82000
82003
82004
82005
82006
82008
82009
82010
82011
82012
82014
82015
82016
82017
82018
82020
82021
82022
82024
82026
82029
82031
82032
82033
82035
82036
82038
82040
82042
82043
82045
82047
82049
82050
82052
82053
82054
82055
82060
82062
82064
82065
82066
82067
82069
82071
82072
82073
82076
82077
82078
82080
82081
82083
82084
82085
82089
82090
82092
82095
82097
82098
82099
82100
82101
82103
82104
82107
82108
82109
82110
82111
82113
82114
82115
82116
82119
82120
82121
82122
82123
82124
82126
82129
82130
82131
82133
82134
82135
82137
82139
82140
82141
82142
82143
82145
82147
82148
82149
82151
82152
82154
82155
82156
82158
82159
82162
82163
82164
82165
82167
82168
82169
82170
82171
82175
82177
82178
82179
82181
82183
82185
82186
82188
82189
82192
82193
82194
82195
82196
82197
82198
82199
82202
82204
82205
82206
82207
82208
82209
82211
82212
82213
82214
82217
82220
82221
82224
82225
82231
82232
82234
82235
82236
82237
82238
82239
82241
82242
82245
82247
82249
82251
82253
82254
82255
82257
82258
82261
82263
82264
82265
82266
82268
82269
82270
82271
82275
82276
82277
82278
82279
82280
82281
82282
82283
82286
82288
82290
82293
82294
82296
82297
82299
82300
82302
82304
82305
82306
82307
82308
82309
82311
82312
82313
82314
82315
82316
82317
82318
82319
82321
82323
82326
82327
82328
82329
82330
82333
82335
82336
82338
82340
82342
82344
82346
82348
82349
82351
82354
82357
82358
82359
82361
82362
82363
82364
82366
82367
82370
82371
82374
82375
82379
82380
82381
82384
82387
82388
82389
82390
82391
82393
82394
82395
82397
82399
82400
82402
82405
82407
82409
82411
82412
82414
82415
82416
82417
82418
82420
82423
82424
82427
82429
82431
82432
82433
82434
82436
82437
82438
82439
82440
82443
82444
82445
82446
82447
82449
82450
82452
82454
82458
82461
82462
82464
82465
82467
82470
82474
82475
82477
82478
82479
82482
82485
82487
82488
82489
82490
82491
82492
82493
82496
82497
82499
82500
82502
82505
82506
82507
82508
82509
82511
82512
82513
82514
82515
82516
82517
82518
82520
82521
82522
82523
82524
82527
82530
82532
82534
82535
82536
82538
82539
82540
82541
82542
82545
82548
82550
82551
82552
82553
82554
82557
82558
82559
82560
82561
82562
82563
82565
82568
82569
82570
82572
82573
82576
82577
82578
82580
82581
82582
82583
82586
82587
82588
82589
82590
82591
82592
82593
82595
82599
82600
82602
82605
82608
82610
82611
82612
82616
82618
82619
82620
82621
82624
82625
82626
82627
82628
82629
82632
82634
82636
82638
82639
82643
82644
82646
82647
82649
82651
82652
82654
82655
82656
82657
82658
82660
82662
82667
82669
82670
82672
82674
82676
82678
82681
82682
82684
82685
82687
82688
82689
82690
82691
82692
82695
82696
82701
82702
82703
82704
82705
82706
82707
82708
82710
82711
82712
82713
82715
82717
82718
82719
82721
82723
82725
82726
82727
82731
82732
82733
82734
82735
82738
82741
82742
82743
82744
82745
82746
82748
82750
82751
82752
82754
82755
82757
82758
82759
82761
82763
82764
82767
82768
82769
82771
82773
82775
82776
82779
82780
82781
82783
82785
82790
82792
82793
82794
82795
82797
82798
82802
82805
82806
82808
82809
82810
82811
82812
82813
82814
82815
82816
82818
82820
82821
82822
82826
82829
82830
82833
82837
82840
82841
82842
82843
82845
82846
82847
82848
82849
82850
82851
82852
82854
82856
82858
82859
82860
82861
82862
82863
82864
82865
82866
82867
82871
82872
82874
82875
82877
82880
82881
82883
82884
82886
82888
82889
82890
82891
82892
82893
82895
82897
82898
82900
82903
82907
82908
82910
82911
82912
82913
82914
82915
82916
82918
82919
82922
82924
82925
82926
82928
82930
82932
82933
82935
82936
82937
82940
82941
82944
82946
82948
82949
82950
82952
82953
82954
82956
82958
82959
82962
82964
82965
82967
82969
82971
82972
82973
82976
82978
82980
82982
82983
82984
82985
82986
82987
82989
82990
82995
82996
82999
83001
83003
83005
83006
83008
83009
83011
83013
83014
83015
83016
83018
83020
83022
83024
83025
83026
83027
83028
83029
83030
83033
83035
83036
83037
83038
83041
83042
83043
83044
83046
83048
83049
83050
83052
83055
83057
83058
83059
83060
83061
83063
83064
83065
83067
83068
83069
83070
83073
83075
83078
83084
83086
83088
83090
83093
83096
83098
83099
83100
83103
83104
83106
83107
83108
83109
83110
83111
83112
83113
83114
83115
83116
83117
83118
83120
83121
83122
83123
83124
83125
83126
83127
83129
83133
83134
83135
83136
83137
83138
83139
83141
83142
83143
83144
83145
83147
83148
83150
83151
83152
83154
83155
83158
83160
83161
83162
83165
83166
83168
83170
83171
83172
83173
83174
83176
83177
83178
83182
83183
83184
83186
83187
83188
83191
83192
83194
83196
83197
83199
83201
83202
83203
83204
83205
83206
83207
83208
83214
83215
83216
83218
83220
83222
83224
83227
83228
83229
83230
83232
83234
83237
83238
83239
83240
83241
83242
83243
83244
83245
83246
83247
83248
83249
83252
83253
83255
83257
83259
83260
83261
83262
83263
83264
83266
83268
83270
83271
83272
83275
83276
83277
83279
83280
83283
83284
83285
83286
83287
83288
83290
83292
83294
83295
83298
83300
83301
83302
83303
83304
83305
83306
83310
83311
83312
83313
83314
83316
83319
83320
83322
83323
83324
83326
83327
83328
83329
83330
83332
83334
83335
83336
83337
83338
83339
83345
83347
83348
83350
83353
83354
83355
83359
83365
83368
83371
83375
83376
83381
83383
83384
83386
83388
83389
83390
83392
83396
83398
83399
83400
83401
83402
83403
83404
83405
83406
83410
83411
83412
83413
83415
83416
83417
83418
83420
83422
83423
83424
83425
83426
83428
83434
83435
83436
83437
83439
83440
83443
83445
83446
83448
83449
83450
83451
83452
83453
83455
83457
83460
83463
83464
83467
83468
83469
83472
83474
83475
83476
83477
83478
83480
83481
83484
83487
83488
83489
83490
83491
83494
83495
83497
83498
83500
83501
83503
83504
83508
83509
83510
83511
83513
83514
83515
83517
83521
83522
83524
83525
83526
83529
83531
83532
83533
83534
83535
83536
83537
83538
83539
83541
83542
83543
83545
83546
83547
83549
83551
83552
83553
83554
83555
83556
83557
83559
83561
83562
83564
83567
83569
83571
83572
83575
83576
83577
83579
83580
83582
83584
83585
83586
83589
83591
83592
83593
83594
83597
83598
83601
83604
83606
83607
83609
83610
83611
83613
83614
83616
83617
83618
83619
83621
83623
83626
83628
83630
83633
83635
83636
83637
83639
83640
83642
83643
83644
83646
83648
83649
83650
83651
83652
83654
83656
83657
83658
83660
83662
83663
83664
83665
83669
83672
83675
83677
83678
83680
83681
83683
83684
83685
83687
83688
83689
83690
83691
83692
83693
83694
83697
83699
83702
83703
83704
83705
83706
83707
83709
83710
83711
83712
83713
83717
83719
83720
83721
83723
83724
83726
83727
83729
83731
83733
83736
83738
83739
83743
83744
83745
83748
83749
83752
83753
83755
83756
83759
83760
83761
83764
83766
83767
83768
83771
83772
83773
83774
83775
83777
83780
83781
83783
83787
83788
83789
83790
83791
83792
83794
83796
83797
83798
83799
83800
83801
83803
83805
83807
83808
83809
83811
83813
83816
83817
83818
83820
83821
83822
83823
83824
83825
83826
83828
83830
83831
83832
83833
83834
83835
83836
83837
83838
83839
83841
83842
83845
83848
83852
83854
83857
83859
83861
83862
83864
83865
83866
83868
83870
83874
83875
83877
83878
83879
83881
83882
83883
83885
83888
83889
83890
83892
83893
83895
83899
83902
83903
83905
83906
83907
83908
83909
83910
83911
83913
83915
83916
83918
83919
83920
83921
83922
83923
83924
83925
83926
83927
83929
83931
83933
83936
83937
83940
83943
83946
83948
83949
83950
83952
83953
83955
83956
83957
83958
83961
83962
83963
83966
83967
83968
83969
83972
83975
83977
83979
83981
83982
83984
83985
83986
83987
83988
83989
83990
83992
83993
83996
83998
83999
84001
84002
84003
84004
84005
84008
84009
84010
84013
84014
84015
84018
84019
84020
84021
84025
84027
84028
84029
84031
84033
84036
84037
84038
84040
84041
84042
84043
84045
84047
84049
84051
84054
84055
84057
84058
84059
84062
84065
84066
84067
84068
84069
84071
84072
84073
84074
84075
84076
84077
84080
84082
84084
84087
84088
84089
84092
84093
84094
84096
84097
84098
84099
84100
84102
84103
84105
84106
84110
84111
84112
84115
84118
84119
84120
84122
84123
84124
84125
84127
84129
84130
84132
84133
84134
84135
84139
84140
84143
84144
84145
84147
84148
84149
84150
84151
84153
84159
84161
84162
84166
84167
84168
84169
84170
84171
84177
84179
84180
84182
84183
84184
84185
84186
84187
84188
84190
84191
84193
84195
84197
84198
84199
84200
84201
84204
84205
84206
84207
84208
84210
84213
84215
84216
84218
84221
84223
84227
84228
84229
84230
84232
84233
84234
84236
84237
84239
84240
84241
84244
84245
84247
84249
84251
84252
84253
84255
84256
84260
84263
84265
84267
84268
84272
84275
84276
84277
84279
84280
84281
84283
84284
84286
84287
84288
84290
84291
84292
84294
84295
84297
84299
84302
84305
84306
84309
84310
84311
84312
84313
84314
84315
84318
84319
84320
84323
84325
84326
84327
84328
84331
84332
84333
84334
84336
84337
84338
84339
84340
84341
84342
84343
84344
84345
84346
84347
84348
84350
84352
84354
84358
84359
84360
84361
84365
84372
84374
84376
84377
84378
84380
84381
84383
84384
84385
84389
84390
84391
84392
84393
84395
84396
84399
84401
84404
84406
84407
84408
84409
84410
84411
84414
84416
84417
84418
84420
84421
84422
84425
84427
84429
84430
84431
84432
84433
84434
84435
84436
84437
84438
84439
84442
84443
84444
84445
84446
84448
84449
84451
84452
84453
84454
84455
84459
84460
84461
84463
84464
84465
84466
84467
84469
84471
84472
84473
84476
84478
84480
84481
84485
84486
84487
84488
84489
84490
84492
84493
84494
84495
84496
84498
84499
84501
84502
84504
84505
84508
84515
84516
84517
84518
84519
84520
84522
84523
84525
84526
84527
84529
84530
84531
84532
84537
84541
84544
84547
84550
84551
84552
84555
84558
84559
84562
84566
84567
84568
84572
84573
84575
84577
84580
84585
84588
84589
84590
84593
84594
84595
84598
84601
84602
84603
84604
84605
84608
84611
84614
84615
84616
84617
84618
84619
84620
84623
84627
84629
84630
84633
84635
84637
84638
84639
84641
84642
84645
84648
84649
84650
84651
84652
84653
84656
84657
84658
84659
84661
84663
84666
84667
84668
84669
84670
84671
84673
84675
84676
84677
84679
84682
84684
84685
84686
84690
84694
84696
84699
84700
84701
84702
84704
84705
84707
84710
84711
84713
84714
84715
84718
84722
84723
84724
84725
84726
84727
84729
84731
84732
84733
84734
84735
84736
84738
84740
84741
84742
84743
84745
84746
84747
84748
84749
84751
84752
84753
84754
84755
84756
84757
84758
84759
84760
84761
84762
84764
84765
84766
84767
84769
84771
84772
84773
84774
84776
84777
84778
84779
84780
84782
84783
84784
84785
84786
84787
84788
84789
84792
84795
84797
84799
84800
84801
84803
84804
84805
84806
84807
84808
84809
84810
84814
84815
84817
84819
84820
84821
84823
84826
84827
84828
84829
84831
84832
84833
84835
84836
84837
84840
84841
84842
84845
84848
84849
84850
84852
84855
84857
84858
84860
84861
84862
84864
84865
84866
84869
84871
84872
84876
84878
84879
84881
84882
84884
84885
84886
84887
84888
84889
84890
84891
84892
84893
84895
84896
84900
84901
84902
84903
84904
84905
84910
84911
84912
84913
84914
84915
84916
84917
84919
84921
84923
84924
84925
84927
84928
84929
84930
84933
84934
84935
84936
84937
84940
84941
84943
84944
84945
84948
84949
84951
84952
84953
84954
84955
84956
84957
84960
84965
84968
84972
84973
84974
84976
84977
84978
84979
84980
84983
84984
84985
84987
84989
84991
84992
84995
84996
84997
85000
85001
85002
85004
85006
85007
85008
85009
85011
85012
85014
85015
85016
85017
85018
85019
85020
85021
85022
85024
85025
85026
85029
85030
85031
85032
85033
85034
85035
85037
85039
85040
85043
85044
85045
85046
85048
85049
85050
85052
85053
85054
85055
85056
85057
85058
85060
85061
85064
85066
85067
85069
85070
85072
85073
85074
85076
85077
85080
85081
85082
85084
85085
85086
85090
85091
85094
85096
85097
85098
85100
85102
85103
85104
85105
85106
85107
85108
85112
85113
85114
85116
85119
85120
85121
85122
85123
85124
85125
85126
85127
85128
85129
85133
85134
85136
85141
85142
85143
85146
85147
85148
85153
85154
85155
85159
85160
85161
85164
85165
85166
85168
85169
85170
85171
85172
85174
85176
85177
85180
85182
85183
85184
85185
85186
85188
85190
85192
85193
85194
85195
85199
85200
85201
85202
85206
85208
85209
85211
85213
85217
85218
85220
85221
85222
85223
85225
85226
85227
85229
85231
85236
85237
85238
85239
85241
85249
85250
85251
85253
85256
85257
85258
85259
85262
85263
85264
85265
85267
85268
85269
85270
85271
85272
85274
85276
85277
85278
85280
85284
85286
85287
85288
85289
85291
85292
85293
85295
85296
85297
85300
85303
85304
85306
85307
85311
85312
85314
85315
85316
85317
85318
85319
85320
85323
85327
85329
85331
85333
85335
85339
85340
85342
85343
85344
85347
85349
85351
85352
85353
85356
85357
85358
85360
85361
85362
85364
85366
85367
85368
85369
85370
85371
85373
85375
85377
85378
85380
85381
85382
85383
85386
85388
85389
85392
85393
85395
85398
85401
85402
85403
85405
85406
85408
85409
85410
85412
85413
85414
85416
85418
85419
85420
85421
85423
85425
85426
85427
85428
85432
85434
85435
85439
85441
85442
85443
85445
85446
85449
85450
85452
85454
85456
85460
85461
85462
85463
85464
85465
85467
85468
85469
85470
85473
85474
85476
85477
85478
85480
85481
85482
85487
85488
85491
85492
85493
85495
85496
85497
85500
85501
85502
85503
85504
85506
85507
85508
85509
85512
85516
85517
85518
85519
85520
85521
85522
85524
85525
85526
85527
85528
85529
85530
85531
85534
85535
85536
85540
85542
85544
85547
85550
85552
85555
85557
85558
85559
85562
85564
85566
85567
85568
85569
85570
85571
85575
85579
85582
85583
85586
85590
85592
85593
85596
85597
85598
85600
85602
85603
85604
85605
85606
85607
85608
85609
85610
85612
85613
85614
85616
85617
85618
85619
85620
85621
85623
85625
85627
85629
85632
85633
85634
85636
85637
85638
85639
85641
85642
85643
85644
85645
85646
85647
85648
85651
85652
85654
85655
85656
85658
85659
85660
85663
85664
85666
85669
85670
85672
85673
85674
85675
85676
85678
85681
85683
85684
85687
85688
85689
85692
85693
85695
85696
85697
85703
85705
85709
85713
85715
85717
85718
85719
85722
85723
85724
85729
85730
85731
85733
85735
85736
85737
85738
85739
85740
85742
85744
85745
85746
85747
85748
85749
85750
85752
85753
85754
85755
85757
85759
85761
85764
85765
85766
85767
85769
85770
85771
85773
85776
85780
85784
85786
85787
85788
85789
85791
85793
85797
85799
85800
85801
85803
85806
85807
85809
85810
85812
85814
85815
85817
85822
85824
85827
85828
85829
85831
85835
85837
85839
85842
85843
85846
85848
85849
85851
85852
85855
85858
85860
85863
85864
85865
85867
85868
85869
85871
85872
85873
85874
85877
85878
85879
85880
85881
85884
85885
85886
85887
85889
85890
85891
85892
85894
85896
85898
85899
85900
85904
85905
85906
85907
85910
85912
85916
85917
85918
85921
85923
85924
85925
85926
85927
85928
85929
85930
85932
85934
85935
85936
85937
85939
85942
85945
85947
85948
85950
85951
85952
85955
85956
85957
85959
85962
85963
85964
85965
85966
85967
85968
85969
85970
85971
85972
85973
85975
85976
85978
85979
85980
85981
85982
85985
85986
85987
85988
85990
85992
85996
85997
85998
86000
86001
86002
86003
86004
86006
86008
86009
86010
86014
86015
86016
86017
86019
86021
86022
86025
86026
86027
86029
86030
86031
86032
86034
86035
86039
86042
86045
86046
86047
86050
86051
86054
86056
86059
86060
86061
86062
86063
86066
86067
86068
86069
86071
86072
86074
86075
86077
86079
86082
86083
86086
86088
86089
86091
86094
86095
86097
86098
86100
86103
86104
86105
86107
86108
86109
86111
86112
86116
86117
86118
86119
86120
86121
86123
86124
86125
86127
86128
86130
86132
86133
86134
86135
86138
86139
86140
86142
86144
86147
86148
86149
86152
86153
86154
86156
86157
86159
86161
86163
86164
86165
86166
86167
86169
86170
86171
86172
86174
86175
86176
86177
86178
86179
86180
86181
86184
86188
86189
86191
86192
86193
86194
86197
86199
86201
86203
86204
86208
86209
86210
86211
86214
86216
86220
86223
86224
86227
86228
86229
86230
86232
86233
86234
86235
86237
86238
86241
86243
86244
86248
86250
86252
86255
86256
86258
86259
86260
86262
86263
86265
86266
86267
86269
86271
86274
86276
86278
86279
86280
86281
86282
86283
86284
86286
86288
86291
86292
86294
86296
86297
86298
86299
86300
86301
86303
86304
86308
86309
86311
86312
86314
86316
86317
86320
86324
86325
86326
86327
86330
86331
86333
86334
86336
86337
86340
86341
86342
86343
86346
86347
86348
86349
86350
86351
86352
86353
86354
86355
86356
86358
86359
86360
86362
86363
86364
86365
86366
86367
86368
86369
86371
86376
86377
86378
86379
86380
86381
86383
86384
86385
86387
86388
86390
86391
86393
86394
86395
86397
86399
86401
86402
86403
86404
86406
86407
86408
86409
86410
86412
86414
86415
86417
86418
86419
86420
86421
86422
86423
86426
86427
86430
86431
86432
86435
86437
86438
86439
86440
86443
86445
86446
86451
86452
86453
86454
86455
86460
86462
86464
86465
86466
86467
86468
86469
86472
86473
86476
86478
86480
86482
86483
86484
86485
86487
86489
86490
86491
86493
86495
86497
86498
86500
86501
86504
86506
86507
86508
86510
86512
86514
86515
86516
86518
86519
86520
86522
86523
86527
86528
86529
86531
86533
86534
86537
86539
86540
86542
86544
86546
86549
86552
86553
86554
86555
86556
86557
86558
86559
86560
86562
86563
86565
86566
86567
86568
86569
86571
86572
86574
86575
86577
86579
86582
86583
86584
86585
86586
86587
86588
86590
86591
86592
86595
86598
86602
86606
86607
86608
86609
86610
86611
86612
86613
86615
86616
86617
86618
86621
86622
86623
86624
86625
86626
86627
86628
86631
86633
86634
86636
86637
86638
86640
86643
86645
86646
86648
86649
86651
86653
86654
86656
86657
86658
86659
86662
86665
86667
86669
86671
86674
86675
86676
86677
86678
86679
86681
86683
86684
86685
86689
86690
86693
86694
86696
86698
86699
86700
86701
86702
86703
86704
86706
86707
86708
86710
86712
86713
86714
86716
86717
86718
86719
86720
86721
86722
86723
86724
86727
86728
86730
86731
86732
86734
86737
86740
86742
86746
86750
86752
86753
86754
86755
86756
86758
86760
86762
86763
86764
86765
86766
86768
86769
86771
86772
86773
86774
86775
86777
86780
86782
86784
86786
86787
86788
86790
86791
86793
86794
86796
86800
86801
86802
86803
86804
86805
86808
86809
86810
86811
86814
86816
86820
86823
86826
86827
86829
86830
86831
86835
86837
86838
86839
86841
86842
86843
86844
86848
86849
86850
86852
86853
86854
86855
86856
86858
86859
86860
86861
86863
86866
86867
86868
86869
86870
86871
86872
86873
86876
86878
86880
86882
86883
86884
86885
86886
86887
86888
86890
86892
86893
86895
86896
86897
86898
86901
86902
86903
86904
86905
86908
86909
86911
86912
86913
86914
86916
86917
86918
86919
86920
86923
86925
86926
86927
86929
86932
86934
86935
86938
86939
86941
86944
86945
86946
86948
86949
86954
86955
86957
86958
86959
86962
86963
86964
86965
86966
86968
86969
86970
86971
86973
86974
86975
86979
86982
86985
86986
86987
86988
86989
86990
86991
86995
86997
87001
87002
87003
87004
87005
87006
87009
87010
87013
87015
87016
87017
87018
87019
87023
87025
87026
87027
87030
87032
87035
87037
87038
87039
87041
87042
87046
87048
87049
87051
87054
87056
87057
87059
87060
87061
87062
87064
87066
87067
87068
87069
87071
87072
87076
87078
87079
87080
87081
87082
87083
87085
87086
87087
87088
87089
87090
87092
87096
87097
87098
87099
87100
87102
87103
87104
87105
87106
87108
87109
87111
87112
87113
87115
87116
87117
87118
87119
87120
87123
87124
87125
87126
87127
87130
87131
87134
87135
87137
87138
87139
87141
87142
87143
87144
87146
87147
87149
87150
87151
87154
87155
87156
87158
87160
87162
87163
87164
87169
87172
87173
87176
87178
87179
87180
87181
87182
87184
87188
87190
87191
87194
87195
87197
87198
87199
87200
87202
87203
87204
87207
87208
87209
87210
87211
87213
87215
87216
87217
87218
87220
87221
87224
87225
87226
87229
87230
87231
87233
87236
87239
87241
87243
87244
87245
87246
87247
87248
87249
87251
87253
87255
87256
87257
87259
87261
87262
87263
87265
87266
87267
87268
87270
87271
87273
87275
87276
87278
87281
87282
87283
87284
87285
87286
87287
87288
87289
87290
87291
87295
87296
87298
87299
87301
87302
87304
87307
87308
87309
87310
87312
87313
87314
87315
87316
87318
87321
87322
87323
87325
87326
87327
87328
87329
87330
87332
87333
87334
87335
87338
87342
87344
87345
87346
87348
87350
87351
87353
87354
87355
87356
87358
87359
87362
87364
87365
87366
87367
87369
87370
87371
87372
87374
87375
87376
87377
87379
87381
87382
87383
87385
87387
87390
87392
87393
87395
87397
87398
87400
87404
87405
87406
87408
87412
87413
87414
87418
87419
87420
87421
87423
87424
87427
87428
87432
87433
87434
87435
87436
87438
87441
87443
87444
87446
87447
87449
87451
87453
87454
87455
87458
87459
87460
87461
87462
87463
87464
87465
87466
87467
87469
87471
87472
87473
87474
87476
87477
87478
87479
87480
87482
87483
87485
87489
87490
87491
87493
87494
87496
87497
87498
87499
87501
87503
87507
87509
87510
87511
87513
87514
87515
87518
87519
87520
87522
87523
87525
87527
87528
87529
87530
87531
87534
87535
87536
87537
87538
87539
87540
87541
87544
87545
87546
87547
87548
87550
87551
87553
87556
87557
87558
87560
87562
87563
87566
87569
87570
87573
87574
87575
87576
87577
87581
87584
87586
87587
87589
87592
87593
87594
87595
87596
87597
87598
87600
87601
87603
87605
87606
87607
87608
87609
87610
87612
87615
87617
87619
87621
87623
87624
87625
87627
87628
87629
87630
87631
87632
87634
87635
87636
87638
87639
87640
87641
87642
87645
87646
87647
87648
87649
87651
87653
87655
87657
87660
87662
87663
87664
87665
87667
87670
87671
87672
87674
87675
87676
87678
87680
87681
87682
87684
87687
87688
87692
87694
87695
87696
87698
87699
87702
87703
87706
87708
87709
87710
87711
87712
87713
87714
87715
87716
87719
87722
87723
87724
87725
87726
87727
87728
87730
87731
87732
87733
87735
87737
87738
87740
87741
87742
87743
87744
87745
87746
87747
87749
87751
87752
87753
87758
87759
87761
87762
87763
87767
87769
87770
87771
87772
87773
87774
87775
87776
87778
87779
87780
87781
87782
87785
87787
87788
87789
87790
87793
87795
87797
87800
87803
87805
87807
87809
87812
87813
87816
87818
87819
87821
87823
87824
87826
87827
87828
87829
87835
87836
87837
87838
87839
87840
87841
87843
87846
87847
87848
87850
87853
87854
87856
87859
87860
87862
87863
87864
87866
87868
87869
87870
87873
87874
87875
87876
87877
87878
87879
87880
87881
87882
87883
87884
87885
87889
87891
87894
87896
87898
87899
87900
87903
87906
87909
87910
87911
87912
87915
87916
87919
87920
87921
87922
87923
87924
87926
87927
87929
87931
87932
87934
87935
87936
87937
87939
87940
87942
87943
87944
87945
87947
87948
87949
87951
87953
87954
87955
87957
87958
87959
87960
87961
87962
87963
87965
87967
87969
87971
87973
87976
87978
87979
87980
87981
87982
87984
87985
87987
87988
87989
87990
87991
87992
87993
87995
87996
87997
87999
88001
88002
88003
88004
88005
88006
88010
88011
88012
88014
88017
88018
88020
88023
88025
88028
88030
88031
88033
88035
88037
88039
88041
88044
88046
88048
88049
88051
88053
88055
88056
88057
88058
88059
88060
88062
88063
88066
88067
88069
88071
88073
88074
88077
88078
88082
88083
88085
88086
88087
88088
88089
88090
88091
88092
88093
88094
88096
88097
88099
88100
88102
88103
88104
88106
88107
88109
88110
88112
88113
88116
88117
88118
88119
88120
88123
88126
88129
88130
88131
88132
88133
88134
88135
88136
88137
88138
88139
88141
88143
88144
88145
88146
88148
88149
88152
88153
88155
88156
88157
88158
88159
88160
88161
88163
88164
88165
88167
88168
88169
88170
88171
88174
88176
88177
88178
88179
88180
88181
88182
88183
88184
88185
88188
88189
88190
88191
88193
88195
88200
88202
88203
88205
88206
88208
88210
88212
88214
88215
88216
88218
88220
88222
88223
88225
88226
88227
88228
88230
88233
88235
88236
88238
88239
88242
88245
88247
88248
88250
88251
88252
88254
88255
88256
88257
88258
88260
88262
88265
88266
88267
88269
88270
88271
88272
88273
88275
88277
88280
88285
88288
88289
88290
88292
88294
88295
88296
88297
88298
88299
88300
88302
88303
88305
88307
88308
88309
88312
88315
88316
88317
88319
88320
88321
88322
88324
88325
88327
88328
88329
88331
88332
88333
88335
88336
88337
88338
88340
88341
88342
88344
88347
88350
88354
88356
88357
88358
88359
88361
88363
88365
88366
88367
88368
88369
88371
88373
88374
88375
88378
88379
88382
88383
88384
88389
88391
88392
88393
88396
88397
88398
88399
88401
88403
88404
88405
88407
88409
88410
88412
88413
88414
88417
88418
88419
88420
88422
88423
88424
88425
88426
88427
88428
88430
88433
88434
88435
88437
88438
88439
88441
88442
88443
88445
88448
88449
88450
88451
88452
88453
88454
88456
88457
88458
88460
88462
88463
88464
88465
88467
88468
88470
88471
88474
88475
88476
88478
88481
88487
88489
88491
88493
88494
88496
88497
88498
88499
88500
88501
88503
88504
88506
88512
88514
88515
88516
88520
88521
88522
88523
88524
88525
88526
88527
88528
88529
88531
88532
88533
88534
88537
88539
88541
88542
88544
88545
88547
88548
88549
88550
88551
88552
88553
88556
88557
88558
88559
88560
88562
88563
88564
88566
88568
88570
88576
88577
88578
88579
88580
88582
88583
88584
88585
88586
88589
88590
88593
88595
88597
88599
88601
88602
88606
88607
88608
88612
88613
88614
88615
88616
88617
88618
88619
88621
88622
88624
88625
88626
88627
88629
88631
88633
88635
88637
88638
88639
88640
88641
88642
88643
88645
88646
88649
88651
88652
88655
88657
88658
88659
88660
88662
88663
88665
88666
88671
88673
88675
88676
88677
88678
88680
88681
88682
88683
88684
88686
88687
88688
88690
88691
88694
88696
88698
88700
88701
88702
88703
88704
88705
88706
88709
88712
88713
88715
88716
88718
88719
88721
88723
88725
88727
88728
88729
88730
88732
88734
88735
88737
88738
88740
88743
88745
88746
88748
88749
88750
88751
88752
88753
88754
88756
88757
88758
88759
88760
88761
88763
88765
88767
88768
88769
88771
88772
88775
88776
88780
88781
88784
88787
88790
88792
88794
88796
88799
88803
88804
88805
88808
88809
88810
88811
88813
88814
88816
88817
88818
88819
88822
88823
88824
88826
88827
88828
88829
88831
88834
88835
88836
88838
88840
88841
88844
88847
88848
88849
88850
88852
88853
88855
88858
88859
88862
88864
88866
88868
88869
88870
88871
88874
88875
88876
88877
88878
88881
88883
88885
88886
88888
88889
88890
88892
88893
88897
88898
88899
88900
88902
88903
88905
88906
88908
88909
88911
88912
88913
88914
88916
88917
88919
88920
88922
88923
88925
88926
88927
88928
88931
88932
88933
88934
88936
88939
88941
88943
88947
88949
88950
88951
88952
88953
88954
88955
88956
88958
88959
88963
88964
88965
88966
88968
88969
88973
88974
88975
88976
88978
88979
88980
88981
88983
88985
88986
88989
88990
88993
88994
88995
88997
88998
88999
89001
89002
89005
89006
89009
89011
89012
89014
89015
89017
89020
89021
89022
89023
89024
89028
89029
89030
89031
89034
89037
89038
89039
89040
89041
89042
89043
89045
89046
89049
89050
89051
89052
89053
89055
89056
89057
89060
89061
89062
89063
89064
89065
89067
89068
89069
89070
89072
89074
89075
89076
89077
89078
89080
89083
89084
89085
89087
89089
89090
89091
89092
89093
89094
89095
89097
89098
89099
89101
89102
89104
89105
89107
89108
89109
89110
89111
89112
89114
89118
89121
89122
89124
89126
89127
89128
89130
89131
89132
89133
89134
89136
89137
89139
89141
89142
89145
89146
89147
89148
89151
89155
89156
89157
89159
89161
89164
89166
89167
89168
89171
89174
89177
89178
89179
89180
89181
89182
89185
89186
89187
89188
89189
89191
89192
89196
89197
89199
89200
89201
89202
89205
89206
89207
89208
89211
89213
89215
89220
89221
89222
89223
89224
89225
89226
89227
89228
89230
89231
89233
89234
89236
89237
89238
89242
89243
89246
89248
89249
89250
89251
89254
89255
89256
89257
89258
89259
89260
89262
89263
89266
89269
89270
89275
89276
89278
89279
89281
89284
89285
89286
89287
89288
89291
89292
89293
89297
89298
89300
89301
89302
89306
89307
89308
89310
89312
89314
89317
89319
89321
89322
89323
89326
89329
89330
89331
89332
89334
89335
89338
89340
89342
89344
89346
89348
89351
89353
89355
89357
89358
89360
89361
89364
89365
89366
89367
89368
89370
89373
89376
89377
89379
89381
89382
89385
89388
89390
89391
89392
89393
89394
89395
89396
89397
89398
89400
89401
89403
89406
89407
89408
89409
89412
89414
89416
89417
89418
89421
89422
89423
89424
89425
89426
89429
89431
89434
89436
89437
89438
89439
89440
89441
89442
89443
89444
89447
89449
89452
89453
89455
89456
89458
89461
89463
89464
89467
89468
89469
89471
89472
89474
89475
89477
89478
89480
89481
89482
89484
89485
89488
89490
89492
89493
89494
89495
89498
89499
89501
89502
89503
89505
89506
89508
89510
89511
89513
89514
89515
89517
89521
89523
89524
89525
89526
89528
89529
89530
89531
89532
89534
89538
89539
89540
89542
89543
89545
89548
89550
89552
89553
89554
89555
89556
89557
89560
89562
89563
89564
89565
89567
89568
89569
89570
89571
89573
89574
89575
89577
89579
89580
89581
89582
89584
89586
89587
89592
89595
89597
89599
89600
89603
89606
89607
89608
89610
89612
89614
89616
89617
89618
89619
89620
89621
89623
89624
89627
89628
89631
89632
89635
89636
89637
89638
89641
89643
89644
89645
89647
89650
89652
89655
89656
89657
89658
89661
89662
89666
89668
89670
89671
89672
89674
89675
89676
89677
89678
89681
89682
89683
89684
89686
89687
89688
89689
89690
89692
89693
89697
89698
89699
89701
89703
89705
89706
89707
89708
89711
89712
89715
89716
89717
89718
89720
89721
89722
89723
89725
89728
89730
89732
89734
89735
89738
89739
89741
89742
89743
89744
89747
89749
89750
89751
89752
89754
89757
89758
89760
89761
89762
89763
89765
89766
89767
89768
89769
89770
89771
89774
89775
89776
89777
89779
89780
89781
89782
89784
89786
89787
89788
89789
89790
89791
89792
89793
89795
89798
89799
89800
89801
89802
89803
89804
89805
89806
89807
89809
89810
89812
89814
89815
89816
89819
89821
89822
89823
89825
89827
89829
89830
89833
89835
89836
89839
89840
89841
89842
89844
89845
89848
89850
89852
89854
89855
89857
89858
89860
89862
89866
89867
89869
89870
89871
89872
89873
89875
89876
89877
89878
89880
89884
89886
89892
89894
89895
89897
89898
89899
89900
89901
89902
89903
89904
89906
89908
89909
89911
89913
89914
89916
89917
89919
89920
89921
89922
89925
89927
89929
89931
89932
89933
89936
89939
89940
89941
89942
89943
89945
89947
89948
89949
89950
89951
89952
89954
89956
89957
89960
89961
89962
89964
89966
89967
89969
89971
89972
89973
89974
89975
89977
89979
89980
89981
89982
89983
89984
89985
89987
89989
89990
89991
89992
89993
89994
89995
89996
89998
89999
90000
90002
90003
90005
90007
90010
90012
90013
90014
90016
90018
90021
90022
90024
90025
90026
90027
90028
90029
90030
90032
90035
90036
90038
90041
90044
90045
90047
90048
90049
90050
90053
90057
90058
90060
90061
90062
90064
90066
90067
90072
90074
90076
90078
90079
90082
90083
90084
90085
90087
90088
90089
90090
90091
90092
90094
90097
90098
90099
90101
90102
90105
90106
90109
90110
90112
90114
90115
90116
90118
90119
90121
90122
90123
90125
90126
90127
90128
90131
90132
90134
90136
90137
90139
90140
90142
90144
90147
90148
90150
90151
90152
90153
90154
90155
90156
90157
90158
90159
90160
90162
90163
90164
90166
90167
90168
90171
90172
90173
90174
90175
90176
90178
90179
90180
90183
90184
90185
90186
90187
90188
90189
90190
90192
90194
90197
90198
90199
90202
90203
90204
90205
90206
90207
90208
90209
90210
90211
90212
90215
90216
90217
90218
90220
90221
90223
90226
90227
90228
90229
90232
90233
90234
90235
90236
90238
90239
90241
90242
90243
90244
90246
90247
90248
90250
90252
90253
90255
90256
90257
90258
90259
90260
90261
90262
90263
90265
90266
90267
90269
90270
90273
90274
90278
90280
90283
90284
90286
90287
90289
90290
90291
90293
90294
90296
90297
90298
90299
90300
90301
90302
90303
90305
90307
90309
90313
90316
90317
90320
90321
90323
90324
90325
90326
90327
90328
90329
90331
90332
90333
90335
90337
90338
90339
90342
90343
90344
90346
90349
90350
90351
90353
90354
90355
90358
90359
90360
90361
90362
90363
90364
90367
90370
90371
90372
90375
90377
90378
90379
90380
90381
90383
90385
90387
90388
90389
90390
90392
90393
90397
90400
90401
90402
90404
90406
90408
90409
90410
90411
90414
90415
90417
90418
90421
90423
90425
90426
90427
90428
90431
90433
90434
90435
90437
90438
90439
90440
90441
90443
90445
90446
90449
90450
90452
90453
90455
90456
90458
90460
90461
90463
90464
90465
90467
90469
90471
90474
90476
90477
90479
90482
90483
90484
90486
90487
90488
90489
90491
90492
90494
90495
90497
90498
90499
90502
90503
90504
90505
90507
90508
90510
90512
90515
90517
90518
90519
90523
90524
90525
90528
90530
90531
90532
90533
90534
90537
90538
90544
90547
90549
90552
90554
90556
90559
90560
90562
90564
90565
90567
90568
90571
90574
90575
90576
90577
90578
90579
90580
90581
90582
90583
90584
90586
90588
90590
90591
90594
90596
90597
90599
90601
90602
90604
90605
90606
90607
90609
90611
90613
90615
90617
90618
90619
90621
90622
90623
90626
90628
90629
90631
90632
90635
90637
90638
90640
90641
90643
90645
90646
90648
90652
90654
90656
90657
90659
90661
90662
90663
90667
90669
90670
90671
90673
90674
90675
90676
90680
90681
90682
90683
90685
90687
90688
90689
90690
90692
90693
90694
90696
90698
90699
90701
90702
90703
90704
90705
90708
90711
90713
90714
90718
90722
90723
90724
90725
90726
90727
90728
90729
90731
90732
90736
90738
90739
90742
90744
90745
90746
90747
90748
90749
90753
90754
90757
90758
90762
90763
90767
90768
90769
90770
90771
90772
90773
90776
90778
90779
90781
90784
90785
90786
90787
90788
90789
90790
90793
90796
90798
90799
90801
90802
90804
90806
90808
90809
90811
90815
90817
90820
90821
90823
90824
90825
90826
90827
90828
90829
90830
90833
90834
90835
90836
90837
90838
90840
90841
90843
90844
90845
90847
90849
90852
90854
90857
90858
90860
90861
90862
90864
90865
90869
90870
90874
90875
90878
90879
90881
90884
90885
90888
90890
90891
90893
90894
90897
90899
90900
90902
90903
90905
90907
90909
90912
90913
90914
90916
90918
90919
90920
90923
90924
90925
90927
90931
90932
90935
90936
90937
90939
90940
90941
90942
90943
90944
90945
90946
90947
90948
90951
90952
90953
90954
90955
90958
90960
90961
90964
90967
90968
90972
90973
90977
90978
90980
90981
90982
90984
90985
90986
90987
90988
90991
90993
90995
90996
90997
90999
91000
91002
91003
91005
91006
91009
91010
91012
91013
91014
91015
91016
91018
91019
91021
91022
91023
91024
91026
91028
91029
91030
91032
91033
91034
91035
91037
91038
91039
91042
91043
91044
91046
91047
91049
91052
91053
91054
91055
91058
91059
91060
91061
91062
91064
91066
91068
91069
91071
91072
91074
91076
91077
91078
91080
91081
91084
91085
91087
91088
91089
91090
91091
91092
91093
91095
91096
91098
91102
91106
91112
91113
91114
91115
91116
91118
91120
91122
91124
91125
91126
91127
91128
91129
91130
91134
91137
91139
91144
91146
91147
91150
91151
91152
91153
91154
91155
91157
91158
91159
91160
91162
91164
91166
91167
91169
91170
91171
91172
91173
91174
91176
91177
91178
91179
91182
91183
91184
91185
91186
91187
91189
91192
91194
91195
91198
91200
91201
91202
91203
91204
91205
91206
91207
91209
91210
91211
91213
91215
91216
91218
91219
91220
91221
91222
91223
91224
91225
91226
91227
91230
91231
91232
91235
91236
91237
91238
91241
91243
91244
91245
91248
91249
91251
91252
91253
91256
91258
91260
91261
91262
91263
91264
91265
91268
91269
91270
91271
91273
91274
91276
91277
91278
91279
91280
91281
91282
91284
91285
91286
91287
91290
91291
91294
91296
91298
91299
91303
91305
91306
91309
91310
91313
91314
91315
91316
91317
91319
91320
91323
91326
91327
91328
91329
91330
91331
91332
91334
91336
91338
91339
91340
91341
91344
91345
91347
91348
91350
91351
91353
91354
91357
91361
91362
91365
91366
91367
91368
91369
91371
91372
91374
91375
91376
91378
91382
91383
91384
91387
91389
91390
91392
91396
91397
91398
91400
91403
91405
91406
91408
91410
91411
91414
91416
91417
91418
91421
91422
91423
91425
91426
91428
91430
91431
91433
91434
91435
91436
91437
91438
91439
91440
91442
91446
91447
91448
91449
91452
91453
91455
91459
91460
91462
91463
91466
91467
91470
91471
91472
91473
91475
91476
91477
91479
91481
91482
91484
91485
91486
91489
91490
91491
91493
91495
91498
91499
91502
91504
91505
91506
91507
91509
91510
91512
91513
91514
91515
91516
91517
91518
91519
91520
91521
91524
91525
91526
91527
91528
91529
91530
91531
91532
91534
91535
91536
91537
91539
91540
91542
91544
91546
91547
91548
91549
91553
91554
91557
91558
91559
91561
91563
91564
91566
91568
91569
91570
91571
91572
91573
91575
91579
91581
91583
91584
91585
91586
91587
91589
91590
91594
91596
91598
91601
91602
91604
91605
91606
91607
91608
91609
91610
91611
91613
91614
91616
91618
91619
91622
91625
91626
91629
91631
91632
91633
91635
91636
91637
91641
91644
91646
91647
91648
91649
91650
91651
91652
91653
91654
91656
91657
91658
91659
91661
91664
91666
91668
91669
91671
91675
91676
91677
91678
91679
91681
91683
91685
91686
91687
91689
91691
91695
91696
91697
91698
91700
91701
91702
91703
91704
91705
91707
91708
91710
91711
91712
91713
91714
91715
91716
91717
91719
91720
91721
91723
91724
91725
91726
91727
91728
91729
91730
91732
91734
91735
91739
91740
91741
91742
91743
91744
91745
91746
91747
91748
91749
91751
91752
91753
91754
91755
91756
91757
91759
91761
91763
91764
91765
91766
91770
91772
91774
91775
91777
91778
91780
91782
91784
91786
91788
91789
91790
91791
91795
91796
91799
91803
91804
91805
91806
91807
91809
91811
91812
91814
91815
91817
91818
91821
91822
91823
91825
91826
91827
91831
91833
91834
91836
91837
91838
91840
91842
91843
91845
91847
91849
91850
91851
91852
91856
91858
91859
91861
91864
91866
91867
91868
91870
91874
91877
91878
91880
91881
91882
91883
91884
91886
91887
91888
91889
91891
91892
91893
91894
91895
91896
91898
91899
91900
91902
91903
91904
91905
91906
91908
91910
91911
91912
91914
91917
91920
91922
91926
91927
91928
91929
91930
91931
91932
91934
91936
91939
91941
91942
91944
91945
91947
91949
91951
91952
91954
91955
91956
91957
91958
91960
91962
91964
91965
91969
91970
91971
91972
91973
91975
91978
91980
91981
91982
91984
91985
91986
91987
91989
91990
91991
91992
91993
91995
91997
91998
92001
92002
92004
92005
92008
92009
92010
92012
92014
92016
92017
92020
92022
92025
92027
92029
92030
92033
92035
92036
92037
92039
92041
92042
92043
92045
92046
92048
92049
92050
92052
92053
92055
92056
92057
92059
92060
92061
92062
92064
92066
92068
92069
92070
92071
92074
92077
92078
92079
92080
92081
92082
92083
92084
92085
92087
92088
92089
92091
92092
92093
92094
92095
92096
92098
92099
92100
92103
92104
92105
92107
92108
92110
92111
92112
92113
92115
92116
92118
92119
92120
92121
92122
92124
92125
92127
92129
92132
92136
92140
92141
92143
92144
92145
92147
92149
92150
92151
92153
92154
92155
92158
92160
92162
92164
92166
92167
92168
92170
92172
92174
92175
92176
92179
92181
92182
92183
92184
92185
92186
92187
92188
92189
92190
92191
92195
92196
92197
92200
92202
92204
92205
92207
92209
92212
92215
92217
92221
92223
92225
92228
92229
92230
92231
92232
92233
92235
92236
92237
92240
92243
92245
92246
92250
92251
92252
92253
92254
92255
92257
92258
92260
92263
92265
92266
92269
92270
92273
92274
92276
92277
92278
92279
92280
92281
92284
92285
92286
92287
92289
92291
92293
92294
92296
92299
92303
92304
92305
92306
92307
92308
92310
92313
92314
92317
92319
92320
92322
92323
92324
92326
92327
92331
92332
92334
92335
92337
92338
92340
92341
92342
92343
92346
92347
92349
92350
92351
92353
92354
92356
92359
92361
92362
92363
92365
92367
92368
92369
92370
92372
92375
92376
92379
92380
92381
92382
92384
92385
92386
92389
92390
92392
92393
92394
92395
92397
92398
92401
92403
92405
92407
92410
92413
92414
92416
92418
92419
92420
92421
92422
92423
92424
92425
92427
92428
92429
92430
92433
92435
92437
92439
92441
92442
92443
92447
92448
92449
92450
92452
92453
92455
92457
92461
92464
92466
92467
92468
92470
92472
92474
92475
92477
92478
92481
92482
92483
92484
92486
92487
92489
92491
92492
92494
92495
92497
92499
92500
92503
92504
92506
92507
92508
92511
92512
92514
92515
92517
92518
92520
92521
92522
92523
92524
92525
92526
92527
92531
92533
92534
92535
92536
92537
92538
92541
92542
92543
92544
92546
92548
92549
92552
92556
92557
92558
92559
92561
92564
92565
92566
92569
92572
92573
92574
92576
92578
92580
92581
92583
92586
92587
92588
92589
92590
92592
92595
92596
92601
92602
92603
92605
92606
92607
92608
92609
92610
92611
92614
92615
92618
92620
92621
92623
92624
92625
92626
92627
92628
92630
92631
92633
92634
92635
92641
92643
92644
92648
92650
92651
92652
92655
92660
92661
92663
92665
92666
92667
92668
92669
92670
92672
92673
92674
92679
92681
92685
92686
92687
92689
92690
92691
92692
92693
92696
92697
92698
92700
92702
92703
92705
92706
92709
92711
92712
92713
92714
92715
92716
92717
92719
92720
92721
92722
92723
92724
92725
92726
92727
92728
92729
92730
92731
92733
92734
92735
92736
92737
92738
92739
92740
92742
92743
92745
92747
92748
92749
92750
92751
92752
92754
92755
92756
92757
92758
92759
92760
92761
92763
92765
92766
92767
92768
92769
92773
92775
92778
92780
92781
92782
92783
92784
92785
92786
92787
92788
92789
92790
92798
92803
92804
92805
92806
92807
92808
92809
92810
92811
92812
92815
92817
92818
92819
92823
92824
92825
92826
92828
92829
92830
92832
92833
92834
92835
92837
92838
92840
92841
92842
92843
92844
92846
92849
92850
92851
92852
92854
92855
92856
92859
92861
92864
92866
92868
92871
92872
92873
92875
92876
92877
92879
92881
92882
92885
92886
92889
92891
92892
92893
92894
92897
92898
92900
92901
92902
92904
92905
92906
92908
92910
92912
92913
92914
92915
92917
92918
92919
92921
92922
92923
92925
92927
92928
92929
92933
92934
92935
92936
92937
92939
92942
92943
92944
92945
92947
92948
92951
92953
92954
92955
92956
92958
92959
92960
92961
92963
92964
92968
92969
92970
92971
92973
92975
92976
92977
92979
92981
92983
92984
92985
92986
92990
92992
92993
92994
92995
92997
92999
93000
93001
93002
93003
93005
93006
93008
93009
93010
93011
93012
93014
93016
93017
93018
93019
93021
93023
93025
93026
93029
93031
93033
93035
93036
93037
93039
93040
93042
93044
93046
93048
93049
93050
93053
93055
93056
93058
93060
93061
93063
93064
93066
93068
93069
93070
93071
93073
93074
93075
93077
93079
93080
93083
93086
93087
93088
93089
93090
93091
93093
93094
93096
93098
93099
93100
93101
93104
93105
93106
93108
93109
93110
93111
93113
93114
93115
93116
93117
93118
93119
93120
93121
93122
93123
93124
93126
93127
93128
93129
93130
93131
93132
93133
93134
93138
93139
93140
93141
93142
93143
93144
93145
93146
93147
93149
93151
93152
93153
93154
93156
93157
93158
93159
93160
93162
93163
93164
93165
93166
93167
93168
93171
93172
93173
93174
93177
93180
93184
93186
93187
93188
93189
93190
93193
93194
93195
93197
93200
93201
93202
93203
93204
93206
93209
93210
93212
93213
93214
93217
93219
93222
93223
93225
93226
93227
93228
93231
93233
93234
93235
93237
93239
93241
93244
93246
93249
93251
93252
93253
93255
93257
93258
93259
93261
93265
93266
93268
93269
93270
93271
93272
93274
93276
93277
93278
93280
93281
93284
93285
93286
93288
93290
93291
93292
93294
93295
93296
93297
93299
93300
93301
93302
93304
93306
93307
93310
93311
93313
93314
93316
93317
93318
93319
93320
93324
93326
93327
93328
93329
93331
93332
93334
93335
93336
93337
93338
93339
93340
93341
93342
93343
93344
93345
93350
93352
93353
93354
93355
93356
93357
93359
93360
93361
93362
93365
93366
93367
93368
93371
93372
93373
93375
93377
93378
93380
93384
93385
93386
93391
93393
93396
93397
93399
93400
93404
93405
93408
93410
93411
93412
93413
93415
93417
93418
93420
93422
93423
93424
93427
93428
93430
93431
93434
93435
93436
93438
93439
93440
93441
93443
93446
93448
93449
93450
93451
93452
93453
93455
93457
93458
93459
93461
93462
93463
93464
93465
93467
93470
93471
93472
93473
93475
93476
93477
93478
93479
93480
93481
93482
93483
93486
93488
93489
93490
93492
93493
93495
93496
93497
93498
93500
93501
93502
93503
93505
93507
93508
93509
93510
93511
93512
93513
93514
93516
93518
93520
93521
93522
93524
93526
93527
93528
93529
93531
93534
93535
93536
93538
93539
93540
93542
93544
93545
93546
93547
93548
93552
93554
93558
93559
93560
93561
93563
93564
93565
93569
93570
93571
93572
93573
93574
93575
93576
93579
93580
93584
93585
93587
93588
93591
93592
93593
93594
93595
93598
93600
93601
93602
93604
93607
93609
93610
93611
93613
93615
93618
93619
93621
93622
93623
93624
93626
93627
93628
93630
93632
93634
93635
93636
93638
93639
93641
93645
93647
93648
93649
93650
93652
93653
93654
93655
93659
93660
93661
93664
93665
93667
93670
93671
93673
93674
93675
93677
93678
93680
93683
93684
93685
93686
93687
93688
93690
93691
93695
93698
93699
93700
93701
93702
93704
93706
93708
93710
93711
93712
93714
93715
93716
93717
93719
93720
93722
93723
93726
93728
93729
93730
93731
93732
93733
93735
93736
93738
93739
93740
93741
93744
93746
93749
93750
93752
93753
93755
93757
93759
93760
93762
93763
93764
93765
93766
93767
93770
93772
93773
93774
93777
93779
93781
93782
93783
93784
93787
93788
93790
93792
93793
93794
93795
93798
93800
93801
93802
93803
93804
93805
93806
93807
93809
93811
93813
93814
93817
93820
93826
93829
93831
93832
93834
93835
93836
93840
93843
93844
93846
93847
93848
93850
93851
93853
93855
93857
93858
93859
93860
93861
93864
93867
93868
93869
93871
93873
93875
93877
93878
93879
93881
93882
93883
93884
93885
93886
93887
93888
93889
93891
93892
93894
93895
93898
93900
93902
93903
93905
93907
93909
93910
93912
93913
93914
93915
93917
93918
93920
93921
93923
93925
93927
93929
93931
93933
93935
93937
93944
93945
93948
93950
93951
93953
93954
93957
93960
93963
93965
93968
93969
93972
93974
93976
93977
93978
93979
93981
93982
93983
93986
93990
93991
93993
93994
93995
93997
94000
94002
94003
94004
94005
94006
94007
94008
94010
94011
94012
94014
94015
94017
94018
94020
94021
94022
94024
94027
94032
94034
94035
94037
94038
94039
94040
94042
94044
94045
94048
94049
94050
94052
94053
94054
94055
94056
94057
94059
94061
94062
94063
94065
94066
94068
94069
94070
94072
94074
94075
94077
94078
94080
94081
94083
94085
94086
94087
94088
94089
94090
94091
94093
94094
94096
94099
94101
94102
94103
94106
94108
94109
94110
94111
94113
94115
94116
94117
94118
94121
94123
94126
94128
94129
94131
94133
94135
94136
94137
94139
94140
94142
94144
94145
94149
94150
94151
94152
94154
94156
94158
94159
94160
94162
94163
94166
94167
94168
94169
94170
94171
94172
94174
94175
94176
94177
94179
94183
94186
94187
94188
94189
94192
94194
94195
94196
94197
94198
94200
94201
94203
94204
94205
94206
94207
94208
94211
94212
94213
94215
94216
94217
94219
94220
94221
94222
94223
94224
94225
94226
94227
94229
94230
94235
94236
94237
94238
94239
94241
94245
94247
94248
94251
94252
94255
94257
94258
94260
94261
94265
94268
94269
94272
94274
94276
94278
94280
94281
94283
94285
94286
94287
94291
94292
94294
94296
94297
94298
94299
94300
94301
94303
94305
94308
94310
94311
94312
94313
94314
94315
94317
94318
94323
94325
94327
94328
94330
94332
94333
94335
94336
94339
94340
94342
94343
94348
94349
94351
94354
94356
94357
94358
94359
94362
94363
94364
94365
94366
94367
94368
94369
94371
94372
94375
94377
94379
94380
94381
94382
94383
94385
94386
94390
94391
94392
94393
94398
94399
94400
94403
94405
94406
94407
94409
94410
94412
94413
94414
94417
94418
94419
94422
94424
94425
94427
94430
94431
94433
94434
94435
94436
94437
94438
94440
94441
94443
94445
94446
94447
94449
94451
94452
94453
94454
94455
94456
94459
94462
94463
94464
94465
94466
94467
94468
94469
94470
94471
94473
94474
94475
94476
94477
94479
94480
94481
94483
94484
94485
94486
94488
94489
94490
94491
94493
94494
94497
94498
94499
94503
94504
94505
94508
94509
94511
94512
94513
94515
94518
94520
94521
94522
94523
94524
94528
94530
94531
94532
94533
94535
94537
94538
94539
94540
94542
94546
94547
94548
94549
94550
94552
94553
94554
94555
94556
94557
94559
94560
94561
94564
94565
94567
94568
94569
94570
94571
94572
94573
94575
94577
94579
94580
94581
94582
94583
94585
94586
94588
94589
94590
94592
94593
94594
94596
94597
94599
94600
94602
94603
94605
94608
94610
94611
94612
94614
94615
94617
94618
94619
94621
94622
94623
94624
94626
94628
94629
94630
94632
94633
94636
94638
94640
94641
94643
94646
94647
94648
94650
94651
94653
94654
94655
94656
94657
94658
94659
94660
94661
94662
94663
94666
94667
94669
94670
94671
94673
94674
94675
94676
94677
94678
94679
94680
94683
94684
94685
94690
94694
94698
94700
94702
94706
94709
94711
94712
94714
94715
94716
94720
94722
94723
94724
94725
94726
94727
94728
94731
94733
94734
94735
94736
94738
94740
94743
94745
94748
94749
94751
94752
94753
94754
94755
94756
94758
94761
94763
94764
94767
94768
94771
94772
94773
94774
94776
94777
94778
94779
94783
94785
94788
94790
94791
94793
94794
94795
94796
94798
94799
94800
94801
94802
94804
94805
94806
94807
94808
94809
94810
94811
94814
94815
94816
94818
94821
94824
94825
94827
94828
94829
94830
94832
94833
94834
94836
94837
94838
94841
94845
94848
94849
94850
94853
94854
94855
94857
94858
94859
94861
94864
94865
94866
94867
94869
94870
94871
94873
94875
94876
94878
94881
94882
94884
94886
94888
94889
94890
94893
94895
94896
94897
94899
94901
94902
94903
94904
94905
94908
94909
94911
94912
94914
94915
94916
94917
94919
94921
94922
94923
94924
94925
94926
94927
94928
94929
94931
94933
94936
94939
94942
94943
94945
94946
94947
94949
94950
94953
94954
94955
94957
94958
94959
94960
94961
94963
94965
94966
94967
94968
94970
94971
94974
94975
94976
94978
94981
94982
94983
94984
94985
94986
94989
94991
94992
94993
94994
94996
94997
94998
95000
95001
95002
95004
95005
95006
95007
95009
95010
95013
95014
95016
95018
95019
95021
95022
95023
95025
95027
95028
95032
95033
95036
95038
95040
95041
95042
95044
95048
95049
95052
95053
95054
95057
95058
95063
95064
95066
95068
95069
95070
95072
95073
95074
95075
95076
95079
95080
95081
95083
95084
95086
95088
95089
95090
95091
95094
95095
95097
95098
95099
95101
95105
95107
95108
95109
95110
95111
95112
95114
95116
95117
95119
95123
95124
95125
95127
95129
95130
95131
95132
95133
95134
95135
95138
95139
95140
95141
95143
95144
95145
95146
95148
95150
95153
95155
95156
95157
95158
95160
95161
95164
95166
95167
95169
95170
95171
95176
95177
95178
95181
95182
95184
95186
95187
95188
95189
95190
95192
95193
95194
95196
95198
95201
95202
95203
95204
95205
95206
95208
95211
95212
95213
95216
95217
95218
95220
95222
95223
95224
95225
95226
95227
95228
95230
95231
95235
95236
95238
95239
95240
95242
95243
95244
95246
95247
95248
95249
95252
95253
95254
95255
95258
95261
95262
95263
95264
95267
95268
95269
95271
95273
95275
95276
95277
95278
95279
95280
95281
95282
95283
95284
95285
95286
95287
95288
95289
95290
95291
95292
95293
95295
95296
95299
95300
95302
95303
95305
95311
95312
95313
95318
95319
95321
95322
95323
95324
95326
95329
95330
95331
95332
95334
95338
95340
95341
95342
95344
95346
95348
95350
95353
95354
95356
95357
95358
95359
95360
95363
95364
95366
95368
95371
95374
95375
95376
95379
95380
95382
95384
95387
95388
95389
95390
95393
95396
95398
95400
95401
95404
95406
95407
95408
95409
95410
95411
95413
95414
95417
95418
95419
95420
95421
95423
95428
95429
95430
95431
95432
95433
95434
95437
95439
95442
95443
95446
95448
95450
95451
95452
95454
95455
95457
95458
95459
95461
95462
95466
95467
95471
95473
95474
95475
95476
95480
95481
95482
95484
95487
95488
95491
95494
95495
95496
95498
95500
95501
95502
95504
95505
95506
95507
95509
95510
95512
95513
95514
95515
95516
95517
95518
95520
95522
95523
95524
95525
95526
95527
95528
95529
95530
95531
95532
95533
95534
95537
95541
95545
95549
95550
95551
95553
95554
95557
95559
95563
95564
95567
95568
95569
95571
95572
95573
95574
95576
95577
95578
95579
95580
95581
95583
95585
95588
95589
95591
95592
95593
95596
95597
95598
95599
95600
95601
95602
95603
95605
95608
95611
95612
95613
95615
95617
95618
95619
95620
95621
95622
95623
95625
95627
95628
95630
95632
95633
95634
95635
95636
95637
95639
95640
95642
95643
95644
95645
95646
95649
95650
95651
95652
95653
95654
95657
95660
95661
95662
95663
95664
95665
95667
95669
95670
95671
95673
95676
95679
95680
95681
95682
95685
95688
95689
95692
95693
95694
95697
95702
95704
95705
95706
95707
95708
95710
95711
95712
95714
95715
95716
95718
95719
95720
95721
95722
95723
95724
95725
95726
95727
95728
95729
95731
95733
95736
95737
95738
95742
95743
95744
95745
95748
95749
95751
95755
95756
95758
95759
95762
95764
95765
95766
95770
95773
95775
95776
95779
95780
95782
95784
95786
95787
95788
95791
95793
95796
95797
95798
95799
95800
95802
95804
95805
95807
95808
95809
95811
95813
95814
95815
95817
95818
95822
95823
95824
95829
95830
95831
95833
95834
95837
95838
95839
95840
95841
95843
95844
95846
95847
95848
95849
95850
95852
95853
95855
95856
95858
95860
95861
95863
95864
95865
95867
95870
95871
95872
95873
95874
95875
95877
95879
95881
95884
95885
95887
95888
95889
95891
95894
95895
95897
95898
95902
95903
95905
95906
95911
95913
95914
95916
95917
95920
95924
95926
95927
95929
95931
95933
95934
95936
95937
95938
95940
95942
95944
95945
95947
95949
95950
95951
95952
95953
95955
95956
95957
95961
95962
95964
95965
95966
95967
95969
95970
95972
95975
95977
95979
95981
95983
95985
95986
95987
95988
95990
95994
95995
95998
96000
96002
96003
96006
96007
96010
96012
96013
96014
96016
96018
96019
96020
96021
96022
96023
96024
96026
96027
96028
96029
96030
96032
96033
96037
96038
96039
96040
96043
96046
96049
96053
96054
96055
96057
96058
96059
96062
96063
96064
96065
96067
96068
96069
96070
96073
96074
96075
96077
96078
96079
96080
96082
96083
96084
96085
96087
96088
96089
96090
96091
96092
96093
96094
96097
96098
96099
96102
96103
96105
96106
96108
96111
96113
96115
96116
96118
96119
96121
96122
96123
96126
96127
96128
96129
96132
96134
96136
96137
96138
96141
96142
96143
96144
96145
96146
96147
96148
96150
96152
96153
96155
96156
96157
96158
96159
96160
96161
96163
96165
96169
96170
96173
96176
96180
96181
96182
96183
96184
96186
96187
96188
96190
96191
96192
96193
96195
96196
96197
96200
96203
96204
96206
96208
96209
96210
96211
96213
96214
96216
96221
96222
96223
96224
96227
96228
96229
96232
96235
96237
96239
96240
96243
96244
96245
96246
96249
96252
96253
96254
96256
96258
96259
96260
96261
96263
96264
96265
96266
96269
96270
96271
96272
96273
96274
96275
96277
96279
96281
96282
96283
96284
96285
96286
96287
96291
96293
96295
96297
96298
96299
96300
96303
96304
96305
96307
96308
96309
96310
96312
96315
96316
96317
96318
96320
96321
96323
96324
96326
96328
96330
96331
96332
96335
96336
96337
96338
96341
96343
96344
96345
96346
96347
96348
96350
96351
96354
96356
96357
96358
96360
96361
96363
96367
96368
96373
96374
96376
96379
96380
96381
96382
96383
96385
96386
96387
96388
96389
96391
96392
96393
96394
96395
96399
96401
96403
96404
96407
96408
96409
96410
96417
96420
96423
96424
96425
96427
96430
96431
96435
96437
96439
96441
96443
96444
96445
96446
96447
96448
96449
96450
96454
96455
96456
96457
96458
96460
96461
96463
96464
96466
96467
96468
96472
96473
96474
96475
96476
96478
96479
96481
96483
96484
96485
96487
96488
96489
96490
96491
96493
96494
96495
96496
96497
96499
96501
96504
96507
96510
96511
96512
96513
96514
96515
96519
96520
96522
96525
96526
96527
96528
96535
96536
96538
96539
96542
96543
96545
96546
96548
96549
96550
96551
96552
96554
96556
96557
96558
96559
96560
96561
96564
96565
96567
96568
96569
96570
96572
96573
96575
96576
96578
96581
96582
96583
96584
96586
96588
96589
96590
96591
96592
96593
96596
96597
96599
96601
96605
96606
96611
96612
96614
96616
96619
96622
96623
96626
96627
96629
96630
96631
96633
96635
96636
96638
96639
96641
96644
96647
96648
96650
96651
96653
96654
96655
96656
96657
96658
96660
96661
96663
96665
96666
96667
96670
96672
96673
96674
96675
96676
96677
96678
96680
96682
96683
96684
96686
96691
96693
96694
96696
96698
96700
96703
96704
96705
96706
96707
96708
96710
96711
96712
96713
96715
96716
96717
96718
96721
96722
96723
96724
96725
96730
96731
96732
96734
96736
96737
96738
96739
96740
96741
96744
96745
96746
96748
96749
96751
96752
96754
96755
96756
96759
96760
96764
96765
96766
96768
96771
96772
96774
96775
96778
96779
96780
96781
96783
96784
96785
96787
96788
96790
96792
96793
96794
96796
96797
96798
96799
96800
96801
96802
96804
96805
96807
96808
96809
96813
96814
96816
96818
96819
96820
96821
96822
96823
96826
96827
96829
96830
96832
96835
96837
96838
96841
96842
96843
96844
96845
96846
96847
96849
96850
96852
96854
96855
96858
96859
96860
96861
96862
96863
96865
96867
96868
96870
96872
96873
96875
96877
96878
96879
96881
96884
96886
96887
96889
96890
96891
96893
96895
96896
96898
96899
96900
96902
96903
96905
96906
96907
96908
96910
96911
96912
96913
96914
96915
96917
96918
96919
96920
96921
96924
96925
96926
96928
96929
96933
96934
96936
96938
96941
96942
96943
96945
96947
96949
96951
96953
96954
96957
96958
96959
96961
96962
96963
96964
96968
96971
96973
96974
96976
96978
96979
96980
96982
96983
96984
96986
96987
96989
96990
96991
96992
96994
96995
96996
96997
96998
97000
97001
97002
97005
97006
97009
97010
97011
97013
97014
97016
97019
97020
97021
97022
97025
97029
97031
97032
97033
97035
97036
97040
97041
97042
97044
97045
97046
97047
97049
97050
97051
97052
97053
97056
97057
97058
97059
97060
97061
97062
97064
97065
97066
97067
97070
97071
97074
97075
97077
97079
97081
97082
97083
97085
97087
97088
97089
97090
97091
97092
97096
97098
97099
97103
97104
97107
97108
97112
97114
97116
97117
97118
97119
97120
97121
97122
97123
97124
97125
97126
97127
97128
97129
97131
97132
97133
97136
97140
97141
97142
97143
97144
97145
97146
97147
97149
97150
97151
97152
97153
97156
97158
97159
97160
97162
97163
97164
97165
97166
97167
97168
97169
97170
97171
97173
97174
97175
97176
97178
97180
97181
97182
97184
97186
97187
97188
97189
97191
97192
97193
97194
97195
97196
97197
97198
97199
97200
97202
97204
97205
97206
97208
97209
97213
97215
97218
97220
97222
97223
97228
97231
97232
97234
97235
97237
97239
97240
97241
97242
97245
97246
97247
97248
97249
97253
97256
97258
97259
97260
97262
97263
97265
97267
97268
97269
97270
97272
97276
97277
97278
97279
97283
97286
97287
97288
97292
97294
97296
97297
97299
97302
97305
97306
97307
97309
97310
97312
97313
97316
97320
97321
97323
97324
97325
97326
97328
97331
97333
97334
97335
97337
97339
97340
97341
97343
97344
97348
97349
97350
97351
97352
97354
97356
97358
97359
97361
97364
97365
97367
97368
97370
97371
97373
97375
97377
97379
97380
97382
97383
97386
97387
97388
97389
97390
97391
97392
97393
97394
97395
97396
97398
97401
97402
97404
97406
97407
97408
97410
97411
97412
97413
97415
97416
97417
97418
97419
97420
97422
97424
97425
97426
97429
97430
97431
97433
97434
97436
97437
97438
97440
97441
97442
97444
97445
97448
97450
97452
97453
97455
97457
97458
97459
97460
97461
97463
97465
97467
97469
97471
97473
97474
97477
97478
97482
97484
97485
97487
97488
97489
97490
97491
97494
97495
97496
97497
97498
97499
97501
97503
97505
97506
97507
97509
97512
97514
97516
97517
97518
97520
97523
97525
97529
97530
97532
97534
97536
97537
97538
97539
97542
97543
97545
97547
97548
97549
97550
97551
97553
97554
97556
97558
97559
97561
97562
97563
97564
97566
97568
97573
97574
97576
97580
97582
97583
97584
97585
97586
97588
97589
97590
97592
97594
97595
97597
97598
97600
97602
97604
97607
97609
97610
97611
97615
97618
97622
97623
97624
97628
97629
97631
97632
97638
97641
97643
97644
97645
97646
97648
97649
97650
97651
97653
97654
97656
97657
97658
97660
97662
97667
97668
97669
97670
97671
97673
97676
97677
97678
97679
97680
97681
97682
97683
97686
97687
97688
97689
97690
97693
97695
97696
97697
97699
97701
97702
97703
97704
97706
97707
97709
97710
97712
97713
97714
97716
97717
97720
97721
97722
97723
97724
97727
97728
97732
97733
97735
97738
97740
97741
97742
97744
97746
97747
97748
97750
97751
97753
97755
97756
97757
97763
97765
97766
97770
97771
97772
97775
97776
97778
97779
97780
97781
97782
97784
97785
97786
97787
97789
97791
97793
97794
97795
97796
97797
97799
97802
97803
97804
97806
97808
97810
97811
97812
97813
97816
97817
97818
97819
97820
97821
97822
97824
97825
97828
97829
97830
97833
97834
97835
97837
97839
97841
97842
97843
97845
97847
97849
97850
97851
97852
97854
97856
97857
97859
97860
97865
97868
97869
97872
97873
97878
97879
97880
97882
97884
97885
97889
97891
97894
97896
97898
97899
97901
97904
97905
97907
97908
97909
97910
97911
97914
97916
97917
97918
97919
97922
97923
97926
97927
97928
97929
97930
97931
97932
97934
97936
97937
97940
97941
97942
97943
97944
97946
97948
97949
97950
97951
97952
97953
97956
97963
97964
97968
97971
97972
97973
97974
97976
97978
97979
97980
97985
97986
97987
97988
97989
97990
97991
97994
97995
97996
97998
98000
98002
98003
98004
98005
98007
98008
98009
98010
98011
98012
98015
98017
98019
98023
98024
98026
98027
98029
98030
98031
98033
98034
98035
98037
98038
98039
98040
98042
98043
98045
98046
98047
98048
98051
98053
98054
98055
98056
98058
98059
98062
98063
98066
98067
98068
98069
98070
98071
98073
98074
98075
98076
98077
98078
98080
98081
98082
98084
98086
98089
98091
98095
98099
98101
98102
98105
98106
98108
98109
98111
98112
98113
98115
98118
98119
98122
98124
98125
98126
98128
98129
98131
98133
98134
98135
98137
98138
98139
98140
98141
98145
98147
98148
98150
98151
98152
98153
98154
98155
98156
98158
98159
98161
98162
98164
98165
98166
98167
98169
98171
98172
98173
98177
98178
98179
98181
98183
98187
98190
98191
98192
98194
98195
98196
98197
98199
98201
98202
98203
98207
98208
98210
98211
98212
98214
98217
98219
98220
98221
98222
98224
98225
98227
98232
98236
98238
98239
98240
98242
98243
98244
98245
98247
98249
98253
98255
98256
98257
98259
98261
98262
98263
98264
98267
98270
98271
98272
98274
98275
98277
98278
98281
98282
98286
98289
98292
98294
98295
98297
98298
98300
98302
98304
98305
98307
98309
98310
98312
98314
98315
98317
98318
98320
98321
98322
98323
98324
98325
98326
98327
98329
98331
98332
98334
98337
98338
98341
98342
98343
98345
98347
98349
98351
98352
98354
98355
98357
98359
98360
98363
98365
98366
98367
98368
98371
98372
98373
98374
98376
98379
98384
98385
98386
98387
98388
98390
98393
98395
98396
98398
98399
98401
98402
98403
98405
98406
98407
98408
98410
98414
98415
98416
98419
98421
98422
98423
98424
98425
98426
98428
98432
98434
98437
98438
98439
98440
98441
98442
98443
98445
98447
98448
98451
98452
98453
98454
98455
98457
98458
98460
98461
98464
98466
98467
98468
98470
98471
98472
98474
98476
98477
98478
98479
98480
98481
98482
98486
98488
98490
98491
98493
98494
98495
98497
98498
98499
98500
98501
98502
98503
98504
98506
98507
98508
98509
98513
98514
98516
98517
98518
98520
98521
98522
98523
98524
98525
98526
98527
98528
98530
98531
98533
98534
98536
98540
98541
98546
98550
98551
98552
98553
98555
98557
98559
98561
98562
98563
98564
98565
98566
98567
98571
98572
98573
98575
98576
98577
98579
98580
98581
98582
98583
98584
98585
98586
98587
98588
98591
98593
98595
98596
98597
98598
98599
98600
98601
98602
98603
98605
98607
98608
98609
98611
98612
98613
98614
98616
98617
98618
98619
98622
98623
98624
98625
98626
98628
98631
98633
98636
98637
98639
98640
98642
98644
98645
98647
98648
98649
98650
98651
98652
98656
98658
98659
98660
98661
98664
98665
98666
98668
98671
98672
98673
98678
98679
98680
98681
98683
98684
98685
98686
98687
98689
98690
98692
98694
98696
98697
98698
98699
98701
98703
98705
98708
98709
98710
98711
98712
98716
98717
98718
98719
98720
98721
98722
98724
98726
98732
98733
98735
98737
98739
98740
98741
98743
98744
98745
98746
98750
98753
98755
98757
98759
98760
98761
98762
98763
98765
98766
98767
98770
98771
98773
98774
98776
98777
98778
98779
98781
98782
98785
98788
98789
98791
98795
98797
98798
98799
98801
98802
98804
98806
98808
98809
98811
98814
98817
98818
98819
98820
98821
98823
98824
98826
98828
98829
98832
98833
98834
98835
98837
98838
98839
98840
98842
98844
98847
98848
98849
98850
98851
98854
98855
98856
98857
98858
98864
98866
98867
98868
98870
98872
98873
98874
98875
98877
98879
98881
98882
98883
98886
98887
98891
98893
98895
98898
98899
98900
98902
98903
98904
98905
98907
98910
98914
98915
98916
98917
98919
98920
98921
98922
98923
98926
98927
98930
98932
98933
98935
98937
98938
98939
98941
98942
98943
98945
98947
98948
98949
98950
98951
98952
98954
98956
98957
98960
98961
98963
98965
98966
98969
98970
98972
98973
98974
98975
98977
98978
98979
98980
98981
98983
98986
98987
98988
98989
98990
98991
98993
98994
98995
98997
98999
99000
99001
99002
99003
99004
99005
99006
99007
99008
99009
99010
99013
99014
99016
99018
99019
99020
99022
99023
99024
99025
99026
99027
99028
99032
99033
99035
99037
99038
99041
99042
99046
99047
99048
99049
99052
99053
99055
99057
99059
99060
99061
99062
99064
99066
99069
99070
99072
99073
99074
99075
99078
99079
99080
99081
99082
99086
99087
99090
99091
99092
99093
99095
99097
99098
99100
99102
99105
99106
99107
99110
99111
99112
99113
99116
99118
99119
99121
99122
99125
99126
99127
99129
99130
99131
99132
99133
99134
99135
99136
99138
99140
99141
99142
99144
99145
99146
99150
99151
99152
99153
99155
99156
99157
99158
99160
99161
99163
99165
99166
99167
99168
99169
99170
99171
99173
99174
99176
99178
99180
99182
99183
99184
99185
99187
99189
99191
99192
99194
99196
99197
99198
99200
99201
99204
99205
99206
99209
99210
99211
99212
99213
99216
99217
99218
99219
99220
99221
99223
99225
99226
99230
99231
99234
99235
99236
99239
99240
99241
99242
99244
99245
99248
99249
99251
99253
99254
99255
99256
99259
99262
99264
99265
99266
99267
99268
99269
99270
99273
99274
99275
99277
99279
99280
99281
99282
99284
99285
99287
99288
99291
99292
99293
99295
99296
99297
99299
99300
99301
99302
99303
99305
99306
99308
99309
99311
99312
99314
99315
99316
99317
99320
99323
99326
99327
99330
99331
99335
99336
99339
99340
99342
99344
99345
99346
99347
99348
99353
99354
99355
99356
99357
99359
99360
99361
99362
99363
99365
99366
99367
99370
99372
99374
99376
99378
99379
99380
99384
99387
99388
99391
99393
99395
99396
99399
99401
99402
99403
99405
99407
99408
99410
99411
99412
99413
99414
99416
99417
99419
99421
99423
99424
99429
99430
99432
99434
99435
99436
99438
99441
99443
99444
99447
99448
99450
99451
99454
99458
99459
99460
99461
99462
99463
99464
99466
99468
99470
99471
99473
99475
99476
99477
99478
99479
99480
99481
99483
99484
99486
99487
99488
99491
99492
99493
99494
99496
99497
99499
99500
99503
99505
99506
99507
99510
99513
99515
99517
99519
99520
99521
99522
99523
99525
99528
99530
99533
99535
99538
99539
99541
99542
99543
99544
99545
99546
99550
99552
99553
99554
99555
99556
99557
99559
99564
99568
99570
99571
99573
99574
99575
99577
99579
99580
99583
99584
99586
99589
99590
99591
99592
99593
99595
99597
99598
99599
99601
99602
99603
99604
99608
99610
99611
99612
99614
99615
99618
99619
99620
99622
99623
99624
99625
99626
99627
99628
99629
99633
99635
99638
99639
99640
99643
99644
99645
99646
99647
99648
99649
99650
99651
99652
99653
99654
99655
99657
99660
99661
99662
99668
99669
99671
99672
99673
99674
99677
99678
99680
99682
99683
99684
99686
99687
99688
99689
99690
99692
99693
99694
99695
99696
99697
99699
99700
99701
99702
99704
99706
99707
99708
99709
99710
99711
99712
99713
99716
99717
99720
99721
99722
99723
99725
99726
99731
99734
99736
99738
99739
99741
99742
99745
99748
99750
99752
99753
99755
99757
99759
99760
99761
99762
99763
99764
99765
99766
99767
99769
99770
99772
99774
99775
99777
99779
99781
99782
99783
99784
99785
99786
99787
99789
99791
99792
99793
99794
99797
99798
99800
99802
99804
99806
99809
99810
99812
99813
99815
99816
99817
99818
99819
99821
99822
99823
99824
99825
99826
99828
99829
99830
99831
99832
99833
99835
99836
99837
99839
99840
99842
99843
99845
99847
99848
99849
99852
99853
99854
99857
99858
99859
99861
99862
99864
99865
99870
99875
99876
99877
99879
99880
99881
99882
99883
99884
99885
99887
99889
99890
99891
99892
99893
99895
99896
99897
99898
99900
99903
99904
99905
99906
99908
99911
99912
99913
99914
99915
99916
99918
99921
99922
99924
99925
99926
99929
99930
99931
99932
99934
99935
99936
99937
99938
99942
99944
99945
99947
99949
99951
99953
99955
99956
99957
99959
99960
99961
99962
99964
99965
99967
99968
99971
99973
99976
99978
99980
99981
99983
99988
99990
99994
99995
99997
99998
99999
100000