0
1
2
3
4
5
6
10
11
13
15
17
18
19
21
22
23
26
30
31
33
34
35
38
39
42
45
46
47
48
50
51
52
53
54
55
56
57
58
62
64
65
67
69
71
72
73
74
76
80
81
84
85
86
89
90
91
93
95
96
97
99
101
102
104
105
107
109
111
112
114
116
118
119
121
122
123
124
125
127
130
131
134
135
136
137
138
139
143
145
147
148
151
153
154
155
156
157
160
161
162
166
167
168
170
172
173
175
176
177
179
180
181
184
185
187
189
190
192
193
195
197
199
200
201
202
204
207
209
211
212
213
214
215
216
217
218
219
222
223
224
225
226
227
228
230
231
232
233
234
236
238
240
241
245
246
247
248
250
251
252
253
254
256
259
261
263
264
265
266
267
268
269
270
271
273
274
276
279
280
284
285
286
287
291
293
294
296
298
299
301
303
304
305
307
309
311
312
315
316
317
318
320
322
323
324
328
331
332
333
337
338
339
340
344
345
346
347
349
351
352
355
358
359
360
361
362
364
367
369
370
371
372
374
376
378
379
381
382
384
385
386
388
389
390
392
395
397
400
401
404
405
406
407
408
410
412
413
414
415
416
417
419
420
422
423
424
426
428
429
430
433
434
435
436
437
438
441
443
444
445
446
447
448
449
452
453
454
455
457
459
461
463
465
467
469
470
471
473
474
476
478
480
481
485
486
487
488
489
491
493
494
495
496
497
498
499
501
502
504
505
506
509
510
511
512
515
516
520
523
526
528
532
535
538
540
541
542
543
544
546
548
549
550
554
555
557
558
559
560
561
562
563
566
568
569
571
573
574
576
577
578
580
581
583
584
585
586
588
589
590
591
592
594
595
598
600
603
604
605
606
607
608
610
612
613
615
617
620
622
623
624
625
627
628
630
634
635
636
637
639
640
641
643
645
649
650
651
653
656
658
659
660
661
663
664
666
667
668
669
670
671
673
674
675
678
681
684
685
690
691
693
695
698
699
700
701
702
703
704
705
708
709
710
712
713
715
716
717
719
721
722
723
724
725
730
733
734
736
737
738
739
740
742
744
747
748
749
750
751
752
754
757
759
760
761
762
764
765
767
768
769
770
771
773
776
779
780
781
783
786
788
791
792
793
794
795
797
798
801
802
803
805
806
807
810
811
812
813
814
816
818
821
822
825
829
830
832
833
834
835
837
840
841
842
843
844
845
847
851
854
855
856
857
858
860
862
864
865
866
869
870
871
872
873
874
876
877
880
881
882
883
884
885
886
887
888
889
890
891
892
893
894
896
900
901
902
903
904
905
906
908
912
913
914
915
916
917
920
921
922
923
924
926
929
932
933
934
936
937
939
942
943
944
945
947
948
949
954
955
956
957
958
961
962
963
966
969
971
972
975
976
978
979
980
981
982
984
985
986
987
988
991
992
993
996
997
1000
1003
1005
1006
1008
1009
1010
1013
1015
1016
1017
1018
1019
1020
1021
1022
1024
1026
1028
1029
1030
1031
1032
1037
1038
1039
1040
1041
1042
1043
1044
1045
1048
1049
1050
1052
1053
1054
1056
1058
1060
1061
1062
1064
1065
1066
1067
1068
1069
1070
1071
1072
1073
1075
1076
1077
1079
1081
1083
1084
1085
1086
1087
1089
1090
1091
1094
1095
1096
1097
1101
1102
1103
1104
1109
1110
1112
1113
1116
1118
1119
1120
1122
1123
1124
1125
1129
1131
1133
1136
1137
1138
1140
1141
1142
1143
1145
1146
1149
1150
1151
1152
1154
1155
1158
1160
1161
1162
1164
1167
1168
1170
1172
1174
1175
1177
1180
1183
1184
1185
1186
1188
1189
1192
1194
1196
1197
1198
1200
1201
1202
1203
1204
1206
1207
1209
1211
1212
1213
1214
1216
1217
1219
1220
1221
1222
1225
1226
1227
1228
1229
1232
1234
1237
1239
1241
1242
1245
1247
1249
1250
1251
1252
1254
1255
1256
1257
1258
1260
1262
1265
1266
1268
1269
1271
1273
1275
1276
1278
1280
1281
1282
1283
1285
1288
1290
1293
1294
1295
1296
1298
1300
1301
1303
1305
1306
1307
1309
1311
1312
1314
1315
1316
1317
1318
1321
1327
1328
1329
1330
1331
1332
1333
1334
1337
1340
1341
1342
1346
1348
1349
1350
1352
1353
1354
1355
1358
1359
1360
1365
1366
1367
1369
1371
1373
1376
1379
1380
1381
1382
1386
1387
1388
1389
1390
1391
1392
1393
1394
1395
1396
1397
1399
1401
1403
1404
1406
1407
1410
1411
1413
1414
1415
1418
1420
1422
1423
1425
1426
1427
1428
1429
1430
1432
1434
1436
1437
1438
1439
1441
1446
1447
1448
1451
1452
1453
1455
1456
1457
1460
1461
1464
1465
1467
1469
1472
1474
1475
1477
1478
1480
1481
1482
1483
1484
1490
1491
1492
1493
1494
1495
1497
1498
1499
1500
1502
1503
1505
1506
1507
1510
1512
1514
1517
1518
1520
1523
1525
1527
1530
1534
1536
1538
1539
1540
1543
1546
1549
1550
1551
1552
1553
1555
1556
1557
1558
1559
1560
1562
1563
1565
1567
1568
1569
1570
1571
1573
1576
1577
1579
1580
1581
1583
1584
1585
1589
1590
1593
1594
1595
1596
1597
1599
1601
1602
1603
1604
1606
1608
1609
1612
1613
1614
1617
1619
1620
1621
1622
1624
1625
1626
1628
1630
1632
1633
1635
1638
1640
1641
1643
1644
1646
1648
1651
1652
1653
1654
1657
1660
1661
1662
1663
1664
1665
1666
1668
1669
1672
1673
1675
1676
1678
1679
1680
1681
1683
1684
1685
1686
1687
1688
1690
1691
1692
1693
1696
1698
1701
1702
1704
1705
1706
1708
1711
1713
1715
1716
1717
1720
1721
1722
1724
1725
1726
1728
1731
1733
1734
1736
1737
1738
1741
1743
1744
1745
1747
1748
1749
1750
1751
1752
1754
1755
1756
1758
1760
1762
1763
1764
1768
1770
1771
1772
1773
1777
1778
1781
1782
1784
1788
1789
1790
1791
1794
1795
1796
1798
1799
1800
1802
1803
1804
1807
1808
1809
1811
1812
1814
1815
1816
1817
1819
1820
1821
1822
1823
1824
1825
1828
1831
1832
1834
1837
1840
1841
1842
1843
1844
1846
1847
1848
1849
1850
1852
1855
1856
1859
1861
1863
1864
1866
1869
1871
1873
1874
1876
1878
1880
1881
1882
1884
1887
1890
1893
1894
1895
1896
1897
1898
1900
1901
1902
1903
1904
1905
1907
1910
1911
1913
1914
1915
1919
1921
1923
1926
1928
1929
1932
1933
1934
1936
1937
1938
1939
1941
1944
1945
1946
1947
1949
1951
1953
1954
1955
1956
1959
1960
1961
1962
1963
1965
1967
1968
1970
1971
1972
1974
1975
1977
1980
1981
1983
1985
1987
1990
1991
1992
1993
1995
1996
1998
1999
2000
2001
2002
2004
2005
2006
2007
2008
2010
2012
2013
2014
2015
2017
2018
2019
2020
2021
2022
2024
2026
2028
2029
2030
2031
2032
2033
2034
2035
2037
2039
2040
2041
2042
2043
2044
2045
2046
2050
2051
2053
2054
2056
2057
2058
2061
2064
2065
2066
2070
2071
2073
2074
2076
2078
2080
2081
2083
2087
2089
2091
2094
2095
2097
2098
2100
2101
2103
2104
2105
2106
2107
2109
2110
2111
2112
2115
2118
2120
2121
2123
2124
2125
2126
2128
2130
2131
2132
2133
2136
2137
2139
2140
2141
2143
2144
2145
2146
2148
2149
2151
2153
2154
2156
2159
2160
2162
2163
2165
2166
2167
2168
2169
2170
2171
2172
2174
2175
2178
2179
2180
2181
2183
2184
2185
2190
2191
2195
2199
2200
2202
2204
2206
2207
2209
2212
2214
2215
2216
2217
2219
2221
2222
2223
2224
2227
2228
2229
2231
2232
2233
2234
2235
2238
2241
2242
2243
2244
2245
2246
2248
2249
2250
2253
2256
2258
2259
2261
2262
2263
2264
2265
2266
2267
2268
2269
2270
2271
2273
2274
2275
2277
2278
2279
2280
2283
2285
2287
2288
2289
2290
2291
2294
2295
2298
2299
2301
2302
2303
2306
2309
2310
2311
2312
2315
2316
2318
2322
2324
2325
2326
2328
2329
2330
2332
2335
2336
2338
2339
2340
2341
2342
2343
2344
2345
2347
2348
2349
2350
2354
2355
2356
2358
2360
2361
2362
2363
2364
2366
2367
2368
2369
2371
2372
2373
2375
2378
2379
2380
2381
2382
2383
2384
2389
2393
2394
2395
2396
2397
2399
2400
2401
2405
2406
2407
2408
2410
2412
2413
2416
2417
2418
2419
2420
2421
2422
2423
2424
2426
2430
2431
2432
2433
2434
2436
2437
2438
2440
2443
2444
2445
2446
2447
2449
2450
2451
2452
2453
2454
2455
2456
2457
2458
2459
2461
2462
2463
2464
2465
2467
2471
2472
2474
2475
2476
2477
2478
2480
2481
2482
2483
2485
2486
2488
2490
2491
2492
2497
2498
2500
2501
2506
2508
2509
2510
2511
2514
2515
2516
2518
2519
2520
2522
2524
2525
2526
2527
2529
2531
2532
2533
2536
2537
2538
2539
2541
2545
2546
2547
2550
2551
2552
2553
2555
2558
2559
2561
2562
2564
2566
2568
2569
2570
2572
2575
2576
2577
2578
2579
2580
2581
2585
2586
2587
2591
2592
2594
2597
2599
2601
2602
2603
2605
2607
2609
2611
2615
2618
2619
2620
2621
2623
2629
2630
2631
2632
2633
2634
2635
2636
2637
2638
2640
2641
2642
2645
2646
2648
2650
2652
2654
2656
2657
2658
2659
2660
2661
2663
2664
2665
2666
2667
2669
2671
2675
2676
2678
2679
2680
2681
2682
2683
2684
2685
2687
2689
2691
2692
2693
2694
2696
2697
2698
2699
2700
2701
2702
2705
2707
2708
2709
2711
2712
2714
2716
2717
2718
2721
2723
2724
2726
2728
2729
2731
2732
2734
2737
2741
2742
2744
2745
2750
2752
2753
2755
2757
2761
2762
2766
2768
2769
2771
2772
2775
2777
2778
2779
2780
2781
2782
2783
2784
2786
2787
2789
2790
2791
2792
2793
2794
2795
2796
2798
2799
2800
2802
2804
2806
2808
2811
2813
2816
2820
2822
2823
2825
2826
2827
2828
2829
2833
2834
2835
2836
2837
2841
2842
2843
2844
2845
2846
2848
2850
2851
2852
2855
2856
2857
2858
2859
2860
2861
2863
2864
2865
2867
2869
2870
2871
2872
2873
2876
2877
2879
2880
2881
2884
2885
2886
2887
2889
2890
2893
2899
2901
2903
2904
2907
2910
2911
2912
2914
2920
2922
2923
2924
2927
2928
2929
2930
2932
2933
2934
2936
2937
2938
2939
2940
2941
2944
2948
2949
2951
2955
2956
2958
2962
2965
2966
2967
2969
2970
2971
2975
2977
2980
2982
2983
2984
2985
2986
2987
2988
2989
2990
2991
2992
2993
2994
2995
2996
2998
3000
3001
3002
3004
3005
3006
3007
3008
3010
3011
3012
3013
3015
3016
3018
3019
3021
3022
3023
3024
3027
3029
3031
3032
3036
3038
3040
3041
3042
3044
3045
3046
3047
3048
3049
3051
3053
3054
3055
3056
3059
3061
3062
3063
3065
3066
3067
3069
3071
3073
3075
3076
3077
3079
3080
3081
3082
3083
3085
3086
3087
3089
3090
3092
3093
3095
3097
3098
3099
3100
3101
3102
3105
3107
3108
3109
3110
3114
3115
3120
3125
3127
3128
3131
3132
3133
3135
3136
3137
3139
3140
3141
3142
3143
3146
3148
3149
3150
3152
3153
3154
3156
3158
3160
3161
3162
3165
3166
3167
3169
3170
3171
3172
3173
3174
3175
3176
3179
3182
3184
3185
3186
3187
3190
3191
3192
3193
3194
3195
3196
3198
3199
3200
3201
3202
3203
3205
3207
3208
3209
3210
3211
3212
3213
3214
3215
3218
3220
3221
3222
3224
3228
3231
3233
3235
3236
3237
3239
3240
3241
3243
3244
3245
3246
3247
3248
3250
3253
3254
3255
3260
3261
3264
3267
3269
3270
3271
3272
3273
3277
3278
3280
3281
3282
3283
3286
3288
3290
3292
3293
3296
3297
3300
3301
3302
3303
3304
3305
3306
3307
3309
3310
3311
3313
3315
3316
3317
3320
3321
3322
3323
3324
3325
3327
3329
3330
3331
3332
3333
3334
3335
3336
3338
3339
3341
3344
3345
3347
3349
3350
3351
3352
3353
3354
3356
3357
3358
3359
3360
3361
3362
3364
3365
3366
3367
3369
3373
3374
3375
3377
3381
3383
3384
3385
3386
3387
3389
3392
3393
3394
3396
3399
3400
3401
3402
3403
3404
3406
3407
3409
3413
3416
3417
3418
3421
3424
3425
3426
3430
3433
3436
3437
3439
3440
3441
3443
3444
3446
3447
3448
3450
3451
3453
3455
3456
3457
3460
3462
3464
3468
3469
3472
3474
3476
3477
3478
3479
3480
3481
3482
3484
3486
3487
3488
3489
3490
3491
3492
3493
3495
3496
3497
3500
3501
3502
3504
3507
3509
3510
3513
3517
3518
3519
3521
3522
3524
3525
3527
3528
3530
3531
3532
3534
3535
3536
3537
3538
3539
3540
3541
3542
3543
3544
3545
3547
3549
3552
3554
3555
3556
3557
3559
3562
3563
3564
3565
3566
3569
3570
3572
3574
3579
3581
3583
3584
3585
3586
3588
3589
3591
3593
3594
3595
3597
3598
3599
3600
3602
3603
3604
3605
3607
3608
3610
3611
3612
3613
3615
3616
3617
3618
3619
3621
3624
3625
3626
3627
3629
3630
3631
3632
3633
3634
3637
3638
3641
3643
3644
3645
3647
3648
3649
3652
3653
3654
3656
3661
3664
3666
3667
3669
3671
3672
3673
3675
3676
3678
3680
3682
3686
3688
3689
3690
3691
3693
3694
3696
3697
3698
3700
3701
3702
3704
3706
3709
3710
3711
3713
3714
3715
3718
3719
3720
3721
3723
3725
3726
3727
3729
3733
3734
3735
3736
3738
3741
3742
3743
3745
3746
3748
3750
3752
3754
3755
3757
3758
3759
3760
3763
3766
3768
3769
3771
3772
3773
3774
3776
3777
3779
3780
3781
3782
3784
3785
3787
3788
3789
3791
3792
3793
3797
3798
3799
3802
3803
3805
3806
3808
3810
3811
3812
3813
3814
3815
3816
3818
3820
3821
3823
3824
3825
3826
3827
3828
3831
3832
3833
3834
3836
3837
3838
3839
3840
3841
3843
3849
3852
3853
3854
3858
3859
3861
3864
3866
3867
3868
3869
3870
3872
3875
3877
3879
3883
3884
3885
3887
3888
3889
3890
3891
3894
3895
3898
3900
3903
3905
3906
3908
3913
3914
3915
3916
3919
3920
3923
3924
3925
3927
3928
3933
3934
3935
3936
3939
3942
3945
3946
3948
3949
3951
3953
3954
3955
3956
3958
3959
3960
3961
3963
3964
3965
3966
3969
3970
3973
3975
3976
3977
3978
3980
3981
3982
3985
3987
3988
3990
3991
3994
3995
3996
3998
3999
4002
4003
4004
4005
4006
4009
4010
4013
4014
4015
4017
4018
4019
4020
4022
4023
4024
4025
4026
4029
4030
4032
4036
4037
4039
4041
4043
4044
4045
4046
4047
4049
4050
4051
4052
4053
4056
4057
4058
4059
4060
4061
4066
4067
4069
4071
4072
4073
4074
4076
4077
4078
4079
4080
4081
4084
4087
4090
4091
4092
4093
4094
4096
4097
4099
4102
4104
4105
4106
4108
4111
4114
4118
4119
4120
4121
4122
4123
4124
4125
4127
4129
4131
4132
4134
4135
4136
4137
4140
4141
4142
4143
4144
4145
4146
4147
4150
4152
4153
4156
4157
4158
4159
4160
4162
4165
4167
4171
4175
4176
4178
4179
4180
4182
4183
4188
4189
4190
4191
4193
4196
4197
4198
4200
4201
4202
4204
4205
4206
4208
4210
4212
4213
4214
4215
4216
4217
4218
4219
4222
4223
4224
4226
4228
4229
4230
4231
4232
4235
4236
4238
4239
4241
4243
4244
4246
4248
4250
4251
4252
4253
4254
4258
4260
4261
4262
4264
4267
4268
4269
4270
4272
4273
4274
4275
4277
4282
4283
4288
4290
4291
4294
4297
4298
4299
4304
4308
4309
4311
4312
4313
4316
4317
4319
4323
4324
4325
4326
4327
4328
4330
4333
4334
4335
4337
4338
4339
4340
4342
4343
4344
4345
4346
4348
4351
4352
4353
4354
4355
4356
4358
4360
4362
4364
4365
4366
4368
4370
4372
4373
4374
4376
4378
4380
4383
4384
4386
4387
4388
4389
4390
4393
4394
4395
4397
4398
4399
4400
4401
4402
4403
4405
4406
4408
4409
4411
4412
4414
4415
4416
4418
4421
4424
4426
4427
4428
4429
4430
4432
4433
4434
4435
4436
4437
4440
4442
4445
4446
4447
4448
4449
4452
4453
4454
4455
4456
4458
4459
4460
4461
4462
4463
4464
4465
4466
4470
4472
4473
4475
4477
4478
4480
4482
4484
4485
4486
4488
4490
4492
4493
4496
4498
4500
4501
4504
4507
4509
4511
4513
4516
4518
4519
4521
4522
4525
4526
4528
4529
4530
4533
4534
4535
4536
4537
4539
4541
4542
4544
4546
4547
4548
4549
4551
4553
4554
4555
4556
4559
4560
4561
4563
4564
4569
4571
4572
4573
4575
4577
4579
4580
4582
4583
4584
4586
4588
4589
4590
4591
4592
4593
4594
4595
4596
4600
4602
4603
4604
4605
4606
4607
4609
4610
4612
4614
4617
4619
4620
4625
4626
4627
4629
4631
4632
4635
4637
4638
4639
4640
4642
4643
4645
4648
4649
4651
4652
4654
4655
4656
4659
4662
4663
4664
4665
4666
4670
4671
4673
4675
4676
4677
4681
4682
4683
4684
4686
4687
4690
4692
4694
4697
4698
4699
4700
4701
4702
4703
4704
4705
4707
4708
4709
4710
4711
4712
4713
4714
4715
4716
4717
4719
4720
4721
4724
4726
4728
4730
4733
4736
4737
4739
4740
4743
4744
4745
4746
4748
4749
4750
4751
4753
4755
4756
4758
4760
4761
4763
4764
4765
4767
4768
4769
4770
4772
4775
4776
4777
4778
4782
4784
4785
4786
4788
4789
4790
4791
4793
4797
4798
4799
4800
4801
4803
4804
4805
4806
4807
4808
4809
4812
4815
4816
4817
4818
4820
4821
4822
4826
4828
4829
4832
4833
4834
4835
4836
4837
4839
4840
4842
4843
4844
4846
4847
4848
4850
4852
4853
4856
4858
4859
4860
4861
4863
4865
4866
4867
4868
4871
4873
4874
4875
4877
4878
4879
4881
4885
4888
4889
4890
4891
4892
4895
4896
4897
4899
4900
4902
4905
4906
4908
4909
4910
4912
4916
4917
4920
4922
4923
4924
4925
4926
4927
4928
4929
4931
4934
4936
4937
4939
4942
4944
4945
4946
4947
4948
4951
4952
4953
4954
4955
4956
4957
4958
4959
4960
4962
4963
4964
4966
4967
4968
4970
4971
4972
4975
4976
4978
4980
4982
4983
4985
4987
4988
4989
4990
4992
4995
4996
4997
4998
5000
5001
5002
5005
5007
5008
5009
5010
5012
5014
5017
5018
5020
5023
5025
5027
5028
5029
5030
5031
5032
5034
5037
5042
5045
5047
5048
5050
5051
5052
5054
5056
5057
5059
5060
5061
5063
5064
5065
5066
5067
5069
5072
5074
5076
5080
5081
5083
5084
5086
5087
5088
5089
5090
5093
5095
5096
5097
5098
5100
5103
5105
5106
5107
5108
5110
5111
5113
5116
5117
5118
5120
5121
5122
5123
5124
5125
5128
5130
5131
5132
5134
5135
5137
5138
5139
5140
5142
5144
5145
5146
5148
5149
5150
5152
5153
5154
5155
5157
5158
5159
5160
5163
5168
5169
5170
5171
5173
5174
5175
5177
5179
5181
5182
5183
5184
5185
5186
5187
5190
5192
5194
5195
5196
5200
5201
5203
5207
5208
5209
5211
5212
5213
5214
5216
5217
5218
5219
5220
5222
5225
5226
5227
5228
5229
5230
5233
5236
5238
5239
5240
5241
5243
5244
5246
5250
5252
5253
5254
5256
5257
5258
5261
5262
5264
5265
5266
5268
5269
5270
5271
5272
5276
5277
5278
5280
5283
5285
5287
5288
5289
5290
5292
5293
5295
5296
5297
5299
5302
5303
5304
5305
5307
5308
5309
5310
5312
5314
5315
5316
5317
5318
5319
5320
5321
5322
5323
5325
5326
5328
5331
5332
5333
5334
5335
5336
5337
5338
5339
5340
5341
5342
5344
5346
5347
5348
5349
5351
5352
5353
5354
5355
5356
5357
5359
5360
5361
5363
5364
5365
5367
5368
5370
5373
5374
5375
5378
5379
5380
5381
5384
5385
5388
5391
5392
5393
5394
5396
5398
5399
5401
5403
5404
5407
5410
5412
5413
5415
5417
5420
5422
5423
5424
5425
5426
5427
5428
5429
5430
5431
5433
5434
5435
5436
5437
5439
5443
5444
5445
5446
5448
5449
5450
5452
5454
5456
5457
5458
5462
5463
5464
5465
5466
5467
5468
5469
5471
5476
5478
5479
5480
5481
5482
5483
5486
5487
5488
5490
5492
5497
5498
5499
5501
5502
5503
5504
5507
5509
5511
5512
5513
5515
5517
5518
5519
5521
5523
5524
5525
5527
5530
5532
5533
5534
5535
5536
5537
5538
5539
5541
5542
5543
5545
5546
5549
5550
5551
5553
5555
5556
5559
5560
5561
5562
5563
5564
5565
5566
5568
5569
5570
5572
5574
5577
5580
5582
5583
5584
5585
5587
5590
5591
5592
5596
5597
5599
5600
5602
5607
5609
5611
5614
5615
5616
5618
5620
5623
5625
5627
5628
5629
5630
5632
5633
5635
5636
5638
5640
5641
5644
5649
5650
5652
5654
5655
5657
5658
5659
5660
5661
5662
5663
5665
5667
5670
5673
5674
5675
5676
5677
5679
5681
5682
5683
5685
5686
5688
5689
5690
5691
5695
5696
5697
5698
5701
5702
5703
5704
5706
5707
5709
5711
5712
5713
5714
5715
5716
5717
5718
5719
5721
5722
5723
5724
5726
5728
5733
5735
5736
5738
5739
5740
5741
5742
5744
5745
5746
5747
5748
5750
5751
5752
5753
5754
5755
5756
5758
5759
5760
5761
5763
5765
5766
5769
5770
5772
5774
5775
5777
5778
5782
5786
5788
5789
5790
5792
5793
5795
5797
5799
5800
5801
5804
5805
5806
5808
5809
5811
5813
5818
5821
5822
5823
5825
5826
5827
5828
5829
5830
5833
5834
5835
5836
5838
5840
5841
5842
5844
5845
5847
5848
5850
5853
5854
5855
5856
5858
5859
5860
5863
5865
5867
5868
5870
5871
5872
5879
5884
5885
5886
5889
5891
5894
5896
5897
5899
5900
5901
5902
5903
5904
5905
5906
5907
5909
5910
5911
5912
5913
5914
5915
5917
5919
5921
5922
5924
5925
5926
5927
5928
5930
5931
5932
5934
5937
5938
5939
5940
5941
5943
5944
5946
5947
5948
5952
5953
5954
5955
5956
5957
5958
5959
5961
5962
5963
5964
5965
5966
5968
5969
5970
5971
5972
5975
5976
5977
5978
5980
5982
5983
5985
5988
5989
5990
5991
5992
5995
5996
5998
5999
6001
6002
6003
6004
6006
6007
6008
6009
6010
6012
6013
6014
6016
6017
6018
6020
6021
6023
6024
6026
6027
6029
6030
6031
6032
6033
6035
6036
6037
6038
6040
6041
6042
6044
6045
6046
6047
6048
6049
6050
6052
6054
6056
6057
6058
6059
6060
6062
6064
6067
6068
6069
6070
6071
6072
6073
6074
6076
6078
6079
6080
6081
6082
6085
6087
6088
6089
6090
6093
6094
6096
6097
6099
6100
6102
6104
6105
6106
6107
6108
6111
6113
6115
6117
6119
6120
6121
6123
6124
6126
6130
6133
6134
6135
6136
6137
6139
6141
6142
6144
6148
6150
6152
6155
6156
6157
6159
6161
6163
6167
6169
6170
6172
6173
6175
6177
6179
6180
6182
6183
6185
6188
6189
6190
6191
6192
6195
6196
6197
6199
6204
6205
6206
6209
6210
6211
6213
6215
6218
6219
6220
6222
6223
6224
6227
6228
6229
6232
6233
6234
6236
6238
6240
6241
6243
6244
6245
6248
6249
6250
6251
6252
6253
6254
6256
6259
6261
6264
6265
6268
6269
6271
6275
6277
6280
6281
6284
6285
6286
6287
6288
6292
6293
6296
6297
6299
6301
6303
6304
6306
6308
6309
6310
6314
6315
6316
6317
6318
6319
6320
6321
6323
6324
6325
6326
6329
6331
6333
6334
6337
6338
6340
6341
6342
6347
6349
6350
6351
6353
6354
6355
6357
6360
6361
6363
6365
6366
6367
6368
6369
6370
6373
6375
6377
6378
6379
6380
6381
6382
6383
6384
6385
6386
6390
6393
6394
6396
6397
6398
6400
6401
6402
6403
6405
6406
6407
6408
6410
6412
6413
6414
6415
6421
6422
6423
6424
6425
6426
6428
6429
6430
6431
6432
6434
6435
6436
6437
6438
6439
6440
6442
6444
6446
6447
6450
6452
6453
6454
6455
6456
6458
6459
6460
6461
6463
6464
6466
6468
6469
6474
6475
6476
6478
6479
6480
6481
6482
6484
6487
6488
6489
6490
6491
6493
6495
6496
6497
6500
6501
6502
6503
6507
6508
6512
6513
6514
6515
6516
6517
6518
6520
6521
6522
6523
6525
6527
6529
6532
6534
6535
6537
6539
6541
6543
6544
6546
6548
6550
6551
6552
6556
6558
6564
6565
6566
6567
6569
6570
6573
6575
6576
6577
6578
6579
6581
6583
6584
6585
6587
6588
6591
6593
6594
6597
6598
6599
6601
6602
6605
6607
6608
6610
6611
6612
6614
6615
6617
6620
6623
6626
6627
6629
6630
6632
6635
6637
6638
6640
6641
6642
6643
6645
6646
6650
6651
6652
6654
6655
6659
6660
6661
6663
6664
6665
6666
6667
6668
6669
6672
6673
6674
6675
6677
6679
6684
6685
6686
6687
6689
6690
6692
6694
6698
6701
6702
6705
6707
6708
6709
6710
6711
6712
6713
6715
6717
6719
6721
6723
6725
6726
6727
6729
6730
6731
6732
6735
6738
6739
6740
6741
6742
6744
6745
6747
6748
6749
6751
6755
6756
6757
6759
6761
6765
6767
6768
6772
6773
6774
6775
6776
6777
6778
6779
6780
6781
6783
6784
6785
6787
6789
6790
6793
6794
6795
6796
6799
6800
6801
6802
6803
6804
6805
6806
6807
6809
6810
6811
6812
6814
6815
6817
6819
6821
6822
6823
6824
6825
6827
6828
6829
6833
6835
6836
6837
6838
6840
6842
6843
6847
6848
6851
6852
6856
6858
6859
6861
6862
6863
6864
6866
6867
6868
6869
6871
6873
6874
6875
6876
6880
6881
6883
6884
6886
6887
6888
6890
6892
6893
6895
6896
6900
6904
6906
6907
6908
6909
6910
6911
6912
6913
6914
6918
6919
6920
6921
6923
6925
6926
6927
6928
6929
6931
6933
6934
6935
6936
6938
6940
6941
6943
6946
6947
6948
6949
6951
6952
6954
6957
6958
6959
6960
6962
6963
6967
6968
6972
6973
6975
6976
6977
6980
6982
6983
6985
6986
6987
6989
6990
6991
6992
6993
6996
6997
6999
7000
7001
7003
7006
7009
7010
7011
7012
7014
7015
7017
7019
7021
7022
7023
7025
7026
7027
7028
7030
7031
7033
7034
7037
7039
7040
7041
7042
7044
7045
7047
7049
7050
7051
7052
7054
7055
7057
7061
7063
7064
7067
7069
7071
7075
7076
7077
7078
7080
7081
7082
7083
7084
7086
7088
7089
7090
7091
7093
7094
7095
7098
7099
7100
7101
7102
7103
7105
7108
7109
7111
7113
7115
7116
7117
7119
7120
7121
7122
7123
7124
7126
7127
7129
7130
7131
7133
7134
7135
7136
7137
7139
7140
7141
7142
7144
7146
7148
7149
7150
7153
7155
7156
7158
7160
7162
7163
7164
7165
7167
7168
7170
7171
7172
7175
7176
7181
7183
7185
7186
7188
7190
7191
7193
7195
7196
7198
7200
7201
7202
7205
7207
7208
7209
7211
7213
7214
7216
7217
7221
7224
7225
7226
7227
7229
7231
7232
7233
7234
7235
7239
7240
7241
7242
7244
7245
7247
7249
7250
7253
7254
7255
7257
7260
7263
7264
7266
7267
7268
7269
7270
7272
7274
7275
7276
7278
7279
7280
7281
7283
7284
7287
7288
7290
7291
7292
7293
7295
7296
7297
7298
7299
7300
7301
7302
7303
7305
7306
7307
7308
7309
7310
7311
7312
7313
7314
7315
7316
7317
7318
7319
7320
7324
7325
7326
7327
7332
7333
7334
7338
7339
7340
7342
7343
7344
7345
7346
7347
7349
7351
7352
7354
7355
7357
7360
7362
7363
7365
7367
7369
7371
7374
7375
7376
7377
7378
7380
7383
7384
7387
7388
7389
7391
7392
7395
7396
7397
7399
7401
7402
7404
7406
7407
7408
7409
7410
7412
7413
7414
7416
7417
7418
7419
7420
7421
7423
7425
7427
7429
7430
7431
7433
7434
7437
7438
7440
7441
7446
7447
7448
7451
7452
7453
7454
7455
7458
7462
7463
7464
7466
7467
7468
7469
7470
7472
7473
7475
7476
7477
7478
7481
7482
7483
7484
7486
7487
7488
7489
7490
7492
7494
7496
7497
7498
7500
7501
7502
7503
7507
7509
7510
7511
7512
7513
7515
7517
7519
7520
7522
7523
7524
7526
7527
7528
7530
7531
7532
7533
7534
7536
7539
7540
7542
7543
7544
7546
7547
7549
7550
7551
7554
7555
7557
7559
7560
7561
7562
7564
7565
7567
7568
7572
7573
7575
7576
7577
7578
7580
7581
7582
7583
7584
7585
7586
7587
7590
7593
7594
7595
7596
7598
7599
7602
7604
7605
7607
7609
7610
7611
7612
7613
7614
7615
7616
7617
7619
7622
7623
7624
7626
7627
7628
7629
7630
7631
7633
7634
7637
7639
7640
7642
7644
7645
7646
7649
7652
7653
7654
7655
7656
7657
7658
7659
7662
7663
7667
7669
7671
7673
7674
7675
7676
7678
7680
7684
7686
7688
7690
7691
7693
7695
7696
7697
7703
7704
7705
7706
7708
7713
7714
7716
7717
7718
7721
7722
7724
7725
7726
7727
7729
7730
7731
7732
7733
7735
7736
7737
7738
7739
7744
7745
7747
7749
7750
7753
7754
7755
7757
7758
7759
7763
7764
7768
7771
7774
7776
7778
7779
7780
7784
7785
7786
7790
7791
7792
7795
7796
7798
7799
7800
7801
7802
7803
7804
7807
7808
7811
7813
7815
7816
7817
7820
7824
7825
7826
7830
7831
7833
7834
7835
7838
7840
7842
7843
7847
7848
7849
7851
7852
7854
7855
7856
7857
7858
7860
7861
7863
7864
7866
7868
7870
7871
7873
7874
7875
7876
7877
7879
7880
7882
7884
7885
7886
7887
7888
7889
7892
7895
7897
7898
7902
7905
7907
7908
7909
7910
7911
7912
7913
7914
7915
7916
7918
7920
7921
7922
7925
7926
7928
7929
7930
7932
7934
7936
7939
7940
7941
7942
7943
7944
7945
7946
7947
7948
7950
7951
7953
7954
7956
7957
7959
7961
7962
7963
7964
7966
7967
7968
7971
7972
7974
7975
7976
7978
7981
7984
7986
7987
7988
7989
7990
7992
7994
7995
7997
7998
7999
8000
8001
8002
8003
8005
8007
8008
8011
8013
8014
8015
8017
8019
8020
8021
8023
8024
8025
8027
8032
8034
8037
8040
8045
8047
8049
8051
8052
8053
8055
8056
8058
8061
8062
8065
8068
8069
8070
8071
8073
8077
8078
8079
8080
8081
8082
8083
8084
8085
8086
8087
8088
8089
8090
8091
8093
8094
8095
8096
8097
8098
8100
8102
8103
8105
8107
8108
8109
8112
8113
8114
8115
8116
8117
8119
8120
8121
8122
8124
8127
8130
8131
8132
8136
8138
8139
8140
8142
8144
8147
8148
8149
8150
8153
8155
8156
8159
8160
8161
8162
8164
8167
8169
8170
8171
8172
8174
8175
8176
8177
8178
8181
8182
8183
8186
8187
8189
8191
8192
8194
8195
8196
8198
8201
8205
8206
8207
8208
8210
8212
8215
8216
8218
8219
8220
8224
8225
8227
8228
8230
8231
8232
8234
8235
8237
8238
8240
8242
8245
8246
8247
8249
8251
8253
8254
8255
8256
8257
8258
8259
8260
8263
8264
8265
8267
8270
8271
8272
8273
8275
8277
8278
8280
8284
8285
8286
8288
8289
8290
8291
8292
8296
8297
8300
8301
8302
8305
8307
8309
8311
8313
8314
8315
8316
8317
8318
8319
8320
8321
8325
8326
8327
8329
8331
8332
8333
8336
8338
8339
8340
8343
8344
8345
8348
8349
8351
8355
8356
8358
8359
8361
8363
8364
8365
8366
8368
8369
8372
8374
8376
8379
8380
8381
8382
8383
8386
8387
8389
8390
8391
8394
8397
8398
8399
8401
8403
8405
8408
8409
8411
8413
8415
8418
8420
8423
8425
8426
8427
8428
8429
8431
8434
8435
8437
8438
8440
8441
8442
8443
8444
8449
8450
8451
8452
8454
8455
8459
8460
8462
8463
8464
8465
8467
8468
8469
8470
8473
8474
8476
8477
8482
8483
8486
8488
8489
8493
8495
8497
8500
8501
8502
8503
8504
8505
8508
8509
8510
8511
8515
8516
8517
8519
8520
8521
8523
8525
8527
8530
8533
8535
8536
8538
8541
8542
8543
8545
8547
8548
8549
8550
8553
8555
8557
8559
8562
8564
8565
8567
8568
8569
8570
8571
8572
8574
8577
8578
8579
8581
8584
8585
8587
8589
8591
8593
8595
8598
8599
8600
8601
8602
8603
8604
8605
8607
8608
8609
8610
8611
8612
8615
8616
8620
8621
8623
8625
8626
8628
8629
8632
8634
8635
8636
8637
8638
8639
8640
8643
8646
8647
8649
8651
8652
8653
8654
8655
8657
8658
8659
8660
8661
8662
8664
8665
8667
8668
8669
8670
8672
8675
8676
8677
8680
8681
8684
8685
8687
8690
8691
8692
8694
8696
8700
8701
8702
8703
8704
8708
8709
8710
8712
8713
8715
8716
8717
8718
8720
8722
8723
8726
8727
8728
8729
8730
8733
8736
8738
8739
8742
8744
8745
8746
8747
8748
8749
8750
8751
8752
8753
8754
8755
8757
8758
8760
8763
8764
8765
8767
8768
8770
8771
8773
8774
8776
8777
8778
8779
8781
8783
8786
8787
8788
8790
8791
8793
8795
8796
8797
8800
8802
8803
8804
8806
8808
8809
8810
8811
8812
8813
8814
8815
8818
8820
8822
8823
8825
8826
8827
8828
8830
8831
8834
8835
8836
8837
8838
8840
8842
8844
8846
8848
8849
8850
8851
8852
8853
8854
8855
8857
8858
8859
8861
8864
8865
8867
8869
8870
8872
8875
8876
8878
8879
8880
8881
8882
8883
8884
8885
8886
8888
8889
8890
8892
8895
8896
8897
8898
8901
8903
8905
8907
8909
8910
8912
8914
8915
8917
8920
8921
8922
8925
8926
8927
8928
8929
8934
8935
8936
8938
8940
8942
8943
8944
8945
8947
8948
8949
8950
8951
8952
8953
8954
8955
8956
8957
8960
8961
8962
8963
8964
8965
8967
8968
8969
8970
8974
8975
8977
8980
8982
8986
8987
8988
8989
8991
8992
8993
8996
8997
8999
9000
9001
9003
9007
9008
9010
9012
9015
9016
9017
9019
9020
9021
9023
9025
9028
9029
9031
9033
9034
9035
9037
9038
9039
9040
9041
9043
9044
9046
9048
9050
9053
9054
9057
9058
9060
9061
9063
9064
9067
9069
9072
9075
9077
9078
9079
9081
9083
9084
9087
9088
9090
9091
9093
9094
9095
9096
9097
9099
9100
9101
9103
9107
9108
9110
9111
9112
9113
9115
9116
9117
9118
9119
9120
9121
9122
9124
9127
9128
9129
9130
9131
9132
9134
9136
9137
9138
9140
9143
9145
9146
9147
9152
9153
9154
9156
9158
9159
9161
9162
9163
9166
9168
9169
9171
9172
9173
9176
9178
9179
9180
9183
9185
9187
9191
9192
9193
9194
9195
9196
9197
9198
9199
9200
9202
9203
9204
9205
9207
9208
9209
9210
9212
9215
9217
9218
9219
9220
9221
9222
9224
9225
9226
9228
9232
9233
9235
9236
9238
9240
9243
9246
9247
9248
9249
9250
9253
9254
9255
9256
9258
9260
9261
9264
9265
9266
9267
9269
9270
9271
9272
9275
9280
9282
9283
9284
9287
9288
9291
9292
9294
9296
9297
9298
9299
9300
9301
9303
9304
9305
9307
9308
9312
9313
9314
9315
9316
9318
9319
9321
9324
9326
9328
9331
9332
9334
9335
9336
9337
9339
9341
9342
9344
9345
9347
9351
9352
9353
9354
9355
9358
9360
9361
9363
9364
9365
9366
9369
9370
9371
9373
9374
9375
9376
9377
9380
9382
9383
9384
9385
9386
9387
9388
9389
9390
9391
9392
9393
9394
9395
9397
9398
9399
9400
9401
9402
9405
9409
9411
9412
9414
9415
9416
9417
9419
9420
9422
9424
9428
9429
9431
9436
9437
9438
9439
9440
9441
9444
9447
9448
9451
9452
9453
9454
9456
9458
9461
9462
9463
9464
9465
9466
9468
9469
9471
9472
9474
9476
9479
9480
9482
9484
9486
9487
9490
9492
9493
9494
9496
9497
9498
9500
9501
9505
9506
9508
9510
9512
9513
9515
9516
9522
9523
9524
9525
9527
9529
9531
9532
9533
9535
9537
9539
9540
9542
9543
9544
9546
9547
9548
9549
9553
9555
9556
9557
9559
9561
9563
9565
9566
9569
9570
9571
9572
9574
9575
9577
9578
9580
9581
9582
9586
9588
9589
9590
9592
9594
9596
9597
9600
9602
9603
9606
9607
9608
9609
9611
9612
9613
9614
9616
9617
9618
9620
9621
9622
9623
9624
9625
9627
9629
9633
9635
9636
9638
9640
9642
9643
9644
9645
9647
9648
9649
9650
9652
9653
9656
9659
9662
9663
9664
9665
9667
9668
9669
9670
9673
9675
9676
9677
9678
9680
9681
9682
9684
9687
9689
9690
9693
9695
9700
9701
9702
9703
9705
9708
9709
9710
9711
9713
9714
9715
9716
9717
9718
9719
9721
9722
9723
9725
9727
9728
9729
9730
9731
9733
9734
9736
9737
9738
9740
9744
9745
9746
9748
9749
9752
9753
9755
9756
9760
9761
9762
9763
9765
9768
9773
9774
9775
9777
9779
9780
9782
9785
9786
9787
9788
9789
9792
9793
9794
9795
9796
9797
9800
9804
9805
9806
9808
9812
9813
9814
9815
9816
9818
9819
9821
9822
9823
9825
9827
9828
9829
9830
9831
9833
9834
9835
9837
9839
9842
9843
9844
9846
9848
9849
9850
9852
9853
9854
9855
9856
9859
9861
9864
9865
9866
9867
9868
9869
9871
9872
9874
9875
9876
9877
9880
9881
9882
9883
9885
9888
9889
9890
9892
9894
9895
9896
9897
9898
9903
9905
9908
9911
9913
9914
9917
9918
9919
9920
9922
9924
9926
9927
9929
9931
9933
9934
9936
9938
9939
9940
9941
9942
9943
9944
9947
9950
9951
9953
9954
9955
9956
9957
9959
9960
9961
9962
9963
9964
9965
9967
9969
9972
9974
9975
9976
9978
9979
9981
9984
9985
9988
9989
9990
9991
9993
9994
9995
9996
9998
10000
10001
10003
10004
10005
10006
10008
10010
10011
10015
10016
10017
10020
10021
10022
10023
10024
10026
10028
10031
10036
10037
10038
10039
10040
10043
10045
10046
10047
10049
10052
10054
10057
10059
10060
10061
10062
10063
10065
10066
10067
10068
10069
10070
10071
10073
10076
10077
10078
10079
10080
10083
10085
10086
10088
10089
10090
10091
10092
10093
10094
10095
10096
10097
10099
10101
10102
10103
10104
10107
10108
10110
10112
10113
10114
10115
10116
10117
10118
10119
10120
10121
10122
10123
10125
10126
10127
10128
10129
10131
10132
10133
10134
10137
10138
10139
10140
10142
10144
10146
10151
10152
10153
10154
10157
10159
10160
10162
10163
10164
10165
10167
10169
10170
10171
10172
10174
10175
10176
10177
10178
10179
10180
10181
10183
10184
10185
10188
10189
10191
10192
10194
10195
10199
10200
10203
10204
10206
10207
10208
10209
10212
10214
10215
10216
10217
10218
10220
10223
10224
10226
10227
10228
10232
10233
10234
10235
10236
10237
10238
10239
10240
10244
10245
10248
10249
10250
10252
10255
10256
10257
10259
10260
10262
10265
10266
10268
10269
10272
10275
10276
10278
10279
10281
10282
10283
10284
10285
10286
10288
10289
10290
10291
10292
10293
10295
10297
10299
10300
10301
10303
10305
10309
10310
10311
10312
10314
10316
10318
10319
10320
10322
10324
10326
10327
10329
10332
10333
10337
10341
10342
10343
10344
10347
10350
10351
10354
10357
10359
10363
10364
10365
10366
10367
10368
10369
10370
10371
10372
10376
10378
10380
10381
10383
10384
10385
10387
10388
10390
10391
10393
10395
10396
10397
10398
10399
10400
10401
10402
10403
10404
10406
10408
10410
10412
10413
10414
10415
10416
10418
10419
10421
10422
10423
10426
10428
10430
10432
10434
10436
10438
10439
10440
10441
10442
10443
10444
10445
10446
10449
10451
10452
10454
10458
10460
10462
10464
10466
10467
10468
10469
10470
10471
10472
10474
10475
10476
10479
10480
10482
10484
10486
10487
10488
10489
10493
10494
10496
10497
10499
10501
10503
10504
10505
10506
10509
10511
10512
10514
10515
10518
10519
10520
10522
10524
10525
10527
10529
10530
10531
10532
10534
10535
10536
10538
10540
10541
10542
10544
10545
10548
10551
10555
10556
10557
10558
10559
10560
10563
10564
10566
10567
10568
10570
10572
10573
10574
10575
10577
10579
10580
10581
10586
10589
10594
10596
10598
10599
10600
10601
10602
10604
10606
10608
10611
10612
10614
10616
10618
10619
10620
10621
10622
10623
10624
10625
10626
10627
10629
10630
10631
10633
10635
10639
10641
10642
10644
10645
10646
10647
10649
10650
10651
10653
10654
10655
10656
10657
10658
10660
10661
10662
10664
10668
10670
10672
10673
10674
10675
10676
10678
10680
10682
10684
10685
10689
10691
10692
10693
10695
10697
10698
10699
10701
10702
10703
10704
10707
10708
10709
10710
10711
10713
10715
10718
10719
10720
10722
10723
10724
10725
10726
10728
10729
10730
10733
10734
10735
10736
10737
10738
10739
10742
10743
10744
10745
10746
10749
10754
10755
10756
10757
10758
10759
10762
10764
10767
10768
10770
10771
10774
10775
10778
10779
10780
10782
10784
10786
10788
10789
10792
10795
10796
10798
10799
10801
10804
10805
10806
10809
10810
10812
10816
10821
10822
10823
10824
10825
10827
10829
10830
10832
10834
10835
10836
10837
10838
10839
10840
10842
10843
10844
10845
10848
10849
10850
10851
10853
10854
10855
10857
10858
10859
10860
10862
10864
10865
10866
10868
10869
10871
10873
10875
10877
10878
10879
10880
10882
10883
10885
10887
10890
10891
10892
10893
10894
10895
10898
10899
10900
10901
10903
10906
10908
10910
10911
10912
10914
10915
10916
10917
10918
10919
10920
10922
10925
10926
10928
10929
10930
10931
10932
10935
10936
10937
10940
10942
10943
10944
10945
10947
10949
10950
10951
10952
10954
10955
10956
10958
10962
10963
10964
10965
10967
10968
10969
10971
10972
10973
10974
10976
10978
10979
10980
10985
10988
10989
10991
10994
10996
10998
10999
11001
11004
11005
11007
11008
11009
11010
11012
11014
11016
11017
11018
11019
11021
11022
11024
11025
11027
11028
11031
11032
11033
11036
11038
11039
11040
11041
11043
11044
11045
11046
11047
11049
11050
11051
11054
11055
11056
11058
11060
11062
11063
11064
11072
11076
11077
11078
11081
11082
11083
11086
11088
11090
11092
11093
11095
11096
11097
11098
11100
11104
11106
11108
11109
11112
11115
11116
11117
11118
11119
11120
11121
11122
11124
11125
11126
11127
11129
11130
11132
11133
11134
11136
11139
11140
11141
11142
11143
11145
11146
11148
11149
11150
11155
11156
11158
11159
11160
11162
11164
11165
11166
11167
11168
11169
11170
11172
11174
11175
11176
11177
11179
11180
11181
11182
11183
11185
11186
11188
11189
11190
11191
11192
11193
11194
11195
11196
11197
11198
11200
11203
11204
11205
11206
11207
11208
11210
11214
11216
11217
11218
11219
11220
11221
11223
11224
11225
11226
11227
11229
11231
11235
11236
11237
11239
11242
11246
11249
11251
11252
11253
11255
11256
11258
11261
11263
11264
11265
11268
11269
11270
11272
11274
11275
11276
11277
11278
11279
11280
11283
11284
11285
11287
11289
11290
11291
11292
11293
11294
11295
11296
11297
11298
11299
11300
11302
11303
11305
11306
11307
11309
11310
11311
11312
11313
11314
11318
11321
11322
11323
11325
11326
11327
11330
11331
11332
11333
11334
11337
11339
11340
11342
11345
11346
11347
11349
11350
11352
11355
11356
11357
11358
11359
11360
11362
11363
11366
11367
11368
11369
11371
11372
11373
11374
11375
11376
11377
11379
11380
11381
11385
11386
11387
11389
11390
11391
11392
11393
11394
11398
11399
11403
11405
11406
11407
11408
11409
11411
11413
11414
11416
11420
11421
11422
11423
11424
11425
11427
11428
11430
11431
11432
11435
11436
11437
11440
11441
11442
11443
11444
11445
11446
11447
11448
11449
11451
11452
11453
11455
11456
11458
11459
11461
11462
11463
11464
11465
11468
11470
11471
11473
11475
11478
11479
11481
11483
11484
11486
11488
11489
11490
11492
11494
11495
11496
11497
11499
11500
11501
11503
11504
11505
11507
11508
11510
11511
11512
11513
11514
11516
11519
11521
11523
11525
11526
11530
11532
11533
11535
11537
11538
11539
11540
11541
11542
11544
11546
11547
11549
11551
11552
11553
11554
11555
11558
11560
11561
11564
11566
11567
11569
11570
11572
11573
11574
11576
11578
11579
11582
11584
11587
11588
11590
11592
11593
11594
11596
11597
11598
11601
11604
11605
11606
11608
11609
11610
11611
11613
11615
11616
11618
11622
11624
11625
11626
11628
11629
11631
11633
11634
11637
11639
11640
11641
11644
11646
11647
11649
11650
11653
11655
11656
11657
11658
11659
11660
11661
11662
11664
11666
11668
11669
11670
11671
11673
11674
11677
11678
11679
11680
11683
11686
11688
11690
11691
11692
11693
11695
11696
11697
11700
11701
11703
11705
11708
11709
11711
11712
11713
11714
11716
11717
11719
11721
11723
11724
11725
11728
11729
11731
11732
11733
11736
11739
11740
11741
11742
11744
11745
11746
11747
11748
11749
11751
11753
11754
11755
11757
11758
11759
11760
11761
11762
11763
11765
11766
11769
11772
11775
11776
11777
11780
11783
11784
11786
11787
11790
11791
11793
11794
11795
11796
11797
11798
11799
11800
11804
11805
11806
11807
11808
11809
11810
11811
11813
11815
11817
11819
11821
11823
11826
11827
11828
11829
11831
11835
11836
11837
11839
11841
11842
11843
11844
11845
11847
11848
11849
11850
11852
11853
11854
11855
11856
11857
11859
11862
11864
11866
11867
11868
11869
11872
11873
11874
11876
11877
11878
11881
11884
11885
11886
11887
11889
11891
11893
11894
11895
11898
11901
11902
11904
11905
11906
11907
11908
11909
11910
11913
11914
11915
11917
11918
11919
11920
11922
11923
11924
11925
11927
11928
11929
11930
11932
11933
11934
11935
11936
11937
11938
11939
11940
11943
11944
11945
11946
11947
11948
11949
11950
11951
11952
11953
11954
11956
11957
11959
11961
11962
11964
11965
11966
11967
11968
11971
11972
11974
11975
11976
11978
11979
11981
11982
11983
11985
11986
11987
11988
11992
11994
11996
11997
11998
12000
12002
12003
12005
12006
12007
12008
12009
12012
12013
12015
12018
12019
12022
12024
12025
12026
12027
12028
12029
12030
12032
12034
12035
12037
12039
12040
12042
12043
12045
12046
12049
12051
12053
12054
12055
12056
12057
12058
12060
12061
12064
12065
12067
12069
12070
12072
12074
12075
12078
12079
12080
12081
12085
12086
12089
12091
12092
12094
12096
12097
12098
12100
12102
12104
12106
12108
12110
12112
12113
12115
12116
12117
12118
12119
12120
12121
12122
12123
12125
12126
12129
12130
12131
12132
12134
12137
12138
12139
12140
12141
12143
12144
12145
12146
12147
12148
12149
12152
12153
12154
12155
12156
12157
12160
12162
12163
12164
12169
12171
12173
12174
12176
12177
12179
12180
12181
12184
12185
12187
12189
12190
12192
12194
12197
12198
12199
12200
12201
12203
12204
12205
12206
12207
12208
12209
12211
12212
12213
12214
12215
12218
12219
12220
12222
12226
12227
12228
12229
12232
12233
12235
12236
12237
12239
12241
12243
12245
12248
12250
12253
12256
12260
12261
12262
12264
12266
12267
12268
12273
12274
12276
12277
12279
12280
12282
12283
12285
12286
12287
12288
12289
12290
12291
12292
12294
12297
12298
12299
12305
12308
12309
12311
12313
12316
12320
12323
12324
12325
12329
12330
12331
12337
12338
12339
12340
12341
12342
12343
12344
12345
12346
12348
12349
12350
12352
12353
12356
12360
12363
12365
12366
12367
12368
12369
12370
12371
12372
12373
12375
12377
12378
12380
12381
12383
12384
12386
12387
12389
12392
12396
12397
12398
12399
12400
12402
12404
12407
12408
12409
12410
12412
12413
12415
12416
12417
12418
12419
12420
12421
12422
12423
12424
12426
12428
12429
12430
12431
12432
12434
12435
12436
12437
12438
12439
12441
12444
12445
12447
12449
12451
12452
12454
12455
12456
12458
12462
12464
12465
12468
12469
12470
12472
12473
12474
12475
12476
12477
12479
12481
12483
12484
12485
12486
12488
12489
12491
12493
12494
12495
12497
12498
12499
12500
12501
12503
12504
12505
12506
12507
12508
12510
12512
12514
12517
12519
12520
12521
12523
12524
12526
12527
12528
12529
12531
12534
12536
12539
12541
12543
12544
12545
12549
12550
12551
12552
12553
12554
12557
12558
12559
12561
12562
12566
12567
12568
12570
12571
12572
12574
12576
12578
12579
12580
12581
12582
12583
12584
12585
12588
12590
12592
12596
12597
12598
12600
12601
12603
12604
12605
12606
12608
12609
12610
12611
12612
12613
12616
12617
12618
12619
12621
12622
12623
12625
12626
12627
12628
12629
12630
12631
12632
12633
12635
12639
12640
12641
12644
12646
12650
12651
12654
12655
12656
12657
12659
12660
12663
12664
12665
12668
12671
12672
12673
12676
12678
12679
12680
12681
12682
12684
12686
12687
12688
12689
12692
12694
12695
12697
12698
12700
12701
12702
12704
12705
12708
12711
12714
12717
12718
12719
12720
12721
12724
12726
12727
12729
12730
12731
12732
12733
12734
12735
12736
12740
12744
12747
12749
12751
12752
12755
12757
12759
12760
12762
12763
12764
12765
12766
12767
12769
12770
12771
12773
12775
12776
12777
12778
12780
12781
12782
12786
12788
12790
12791
12792
12794
12795
12796
12798
12799
12801
12804
12805
12806
12807
12808
12811
12812
12815
12816
12818
12819
12820
12821
12822
12823
12825
12826
12827
12828
12829
12830
12831
12833
12835
12836
12839
12841
12842
12843
12844
12846
12848
12850
12852
12853
12855
12856
12860
12861
12863
12864
12865
12866
12867
12869
12870
12871
12872
12873
12874
12875
12877
12879
12880
12881
12883
12886
12888
12889
12891
12892
12893
12895
12897
12898
12900
12901
12902
12903
12904
12905
12906
12907
12908
12910
12911
12914
12916
12917
12918
12919
12920
12921
12924
12925
12928
12929
12930
12932
12935
12936
12938
12942
12943
12944
12945
12946
12947
12949
12951
12952
12953
12954
12955
12957
12958
12959
12960
12961
12963
12964
12965
12966
12969
12971
12972
12974
12978
12981
12982
12984
12989
12990
12991
12994
12995
12996
12997
12998
13002
13003
13004
13005
13006
13007
13010
13011
13012
13013
13014
13015
13016
13020
13023
13024
13025
13026
13027
13028
13029
13031
13032
13033
13035
13036
13037
13038
13039
13042
13043
13045
13046
13047
13048
13049
13050
13051
13053
13054
13055
13056
13057
13058
13060
13061
13062
13063
13066
13067
13069
13070
13071
13073
13076
13077
13078
13080
13082
13083
13084
13085
13087
13088
13089
13092
13095
13096
13097
13099
13100
13102
13104
13106
13108
13109
13110
13112
13114
13116
13117
13119
13120
13121
13124
13125
13126
13128
13130
13133
13135
13136
13137
13139
13140
13141
13142
13143
13144
13145
13146
13147
13149
13150
13151
13153
13154
13155
13156
13160
13163
13164
13165
13166
13167
13168
13170
13171
13172
13176
13179
13180
13181
13182
13183
13185
13189
13191
13192
13193
13194
13195
13196
13197
13199
13200
13203
13204
13205
13209
13210
13211
13212
13213
13215
13217
13219
13221
13223
13224
13225
13227
13229
13231
13232
13236
13240
13242
13243
13245
13247
13248
13249
13250
13251
13254
13257
13258
13259
13260
13263
13266
13268
13269
13270
13271
13272
13274
13278
13280
13281
13283
13285
13288
13289
13291
13293
13296
13299
13301
13302
13304
13306
13309
13312
13314
13318
13319
13320
13321
13325
13327
13328
13331
13332
13336
13337
13338
13339
13342
13343
13345
13347
13348
13349
13351
13352
13354
13355
13356
13357
13360
13361
13363
13365
13368
13370
13371
13373
13377
13378
13379
13380
13381
13383
13385
13386
13388
13390
13391
13393
13394
13396
13397
13398
13399
13400
13401
13402
13404
13406
13409
13411
13412
13413
13415
13416
13417
13418
13419
13420
13421
13422
13423
13424
13427
13428
13430
13431
13432
13433
13435
13436
13437
13440
13441
13442
13443
13445
13446
13447
13448
13451
13452
13453
13454
13456
13458
13463
13464
13468
13469
13470
13472
13473
13475
13477
13479
13480
13481
13483
13484
13486
13487
13490
13492
13494
13497
13498
13500
13501
13503
13506
13507
13508
13509
13510
13511
13512
13513
13514
13515
13516
13519
13520
13522
13523
13524
13526
13527
13528
13530
13531
13532
13537
13539
13540
13542
13543
13545
13547
13551
13552
13553
13554
13555
13556
13559
13561
13563
13564
13565
13566
13568
13569
13570
13573
13574
13575
13577
13578
13579
13580
13582
13583
13585
13586
13587
13589
13590
13592
13593
13594
13595
13596
13597
13598
13601
13602
13604
13606
13607
13610
13611
13613
13616
13618
13619
13620
13623
13624
13625
13626
13628
13630
13632
13634
13636
13639
13640
13641
13643
13645
13647
13648
13649
13650
13651
13652
13653
13654
13657
13658
13659
13661
13663
13665
13667
13669
13670
13672
13675
13676
13678
13679
13684
13685
13686
13688
13689
13691
13692
13696
13697
13698
13701
13703
13704
13705
13706
13707
13710
13711
13716
13718
13721
13723
13724
13725
13726
13729
13732
13734
13735
13739
13741
13745
13746
13747
13748
13751
13754
13755
13756
13758
13760
13761
13762
13765
13767
13768
13769
13772
13773
13774
13778
13781
13782
13783
13784
13785
13787
13789
13790
13791
13792
13794
13796
13798
13799
13800
13801
13802
13804
13806
13807
13811
13813
13814
13815
13817
13818
13819
13820
13822
13824
13826
13828
13829
13830
13832
13833
13834
13835
13840
13841
13844
13845
13846
13848
13850
13852
13856
13860
13861
13863
13865
13867
13868
13869
13872
13874
13875
13876
13879
13881
13882
13885
13886
13888
13889
13890
13891
13893
13894
13897
13901
13904
13906
13907
13908
13909
13910
13911
13912
13913
13914
13916
13917
13918
13920
13921
13924
13927
13928
13930
13931
13932
13934
13935
13936
13938
13940
13943
13944
13946
13947
13949
13951
13954
13955
13959
13961
13963
13964
13966
13968
13971
13972
13974
13976
13977
13978
13979
13981
13983
13984
13986
13987
13989
13991
13992
13994
13997
13998
13999
14000
14003
14005
14007
14009
14010
14012
14013
14014
14016
14018
14020
14022
14023
14024
14025
14027
14028
14029
14030
14031
14032
14033
14034
14035
14036
14037
14041
14043
14045
14046
14048
14050
14051
14052
14053
14055
14058
14059
14060
14061
14062
14064
14065
14068
14070
14073
14074
14075
14076
14077
14078
14080
14082
14084
14086
14087
14088
14089
14091
14092
14093
14094
14095
14097
14100
14101
14102
14104
14106
14107
14108
14109
14110
14111
14112
14113
14114
14116
14117
14118
14119
14120
14123
14124
14125
14127
14128
14129
14131
14134
14137
14140
14141
14142
14144
14146
14148
14151
14153
14154
14156
14157
14159
14161
14162
14164
14165
14166
14167
14169
14171
14172
14174
14177
14179
14181
14182
14185
14186
14187
14188
14190
14192
14193
14194
14195
14196
14197
14198
14199
14201
14203
14204
14205
14208
14211
14212
14213
14215
14220
14221
14222
14223
14224
14225
14226
14227
14228
14229
14230
14232
14233
14234
14237
14239
14240
14241
14242
14244
14245
14246
14248
14250
14251
14252
14253
14254
14255
14256
14258
14262
14263
14264
14265
14266
14268
14269
14270
14273
14274
14276
14278
14280
14281
14282
14283
14284
14285
14286
14290
14291
14292
14293
14294
14295
14296
14299
14302
14303
14304
14306
14307
14310
14311
14312
14313
14314
14316
14317
14318
14320
14321
14325
14328
14330
14332
14334
14335
14336
14339
14342
14345
14346
14347
14349
14351
14352
14353
14355
14356
14357
14359
14361
14363
14364
14366
14367
14368
14369
14371
14372
14373
14374
14377
14378
14381
14383
14384
14386
14387
14388
14389
14390
14391
14392
14393
14395
14397
14398
14401
14403
14405
14407
14408
14409
14410
14412
14413
14416
14417
14418
14419
14420
14421
14422
14423
14424
14425
14426
14429
14430
14431
14432
14433
14437
14438
14439
14440
14441
14442
14446
14447
14448
14449
14451
14452
14453
14455
14457
14459
14462
14463
14465
14466
14467
14468
14470
14471
14473
14475
14476
14477
14478
14480
14483
14484
14486
14487
14488
14489
14490
14492
14494
14495
14497
14498
14499
14500
14501
14502
14503
14505
14506
14507
14508
14509
14510
14512
14513
14517
14518
14520
14521
14522
14523
14525
14527
14529
14530
14531
14534
14540
14542
14544
14545
14546
14548
14549
14550
14551
14552
14556
14557
14558
14561
14563
14564
14566
14567
14568
14569
14570
14573
14577
14578
14582
14583
14584
14586
14587
14590
14593
14594
14597
14598
14600
14601
14602
14603
14604
14607
14608
14610
14611
14615
14617
14618
14619
14620
14622
14623
14624
14625
14626
14627
14628
14630
14631
14635
14638
14639
14640
14642
14643
14644
14648
14649
14650
14652
14654
14655
14657
14658
14659
14661
14663
14665
14666
14668
14669
14673
14675
14676
14677
14681
14685
14686
14688
14689
14690
14691
14692
14693
14695
14697
14698
14699
14700
14701
14702
14704
14707
14708
14710
14712
14714
14715
14717
14719
14720
14722
14723
14724
14725
14726
14727
14728
14729
14732
14734
14736
14737
14740
14741
14742
14744
14745
14746
14748
14750
14755
14757
14759
14760
14761
14762
14763
14764
14770
14773
14774
14776
14777
14779
14781
14782
14784
14786
14788
14790
14791
14792
14794
14795
14796
14799
14802
14804
14806
14807
14810
14811
14812
14814
14816
14818
14819
14821
14823
14824
14825
14826
14828
14831
14833
14834
14835
14837
14840
14841
14843
14845
14847
14848
14849
14850
14854
14855
14857
14858
14859
14860
14862
14863
14864
14867
14868
14871
14873
14874
14875
14878
14881
14882
14883
14884
14886
14888
14889
14891
14892
14893
14894
14896
14897
14898
14901
14903
14904
14905
14907
14908
14909
14910
14911
14912
14913
14915
14919
14922
14924
14925
14926
14928
14930
14931
14932
14933
14934
14935
14936
14938
14940
14942
14943
14946
14947
14948
14949
14950
14951
14952
14953
14955
14956
14957
14958
14960
14961
14962
14964
14965
14966
14967
14968
14969
14970
14971
14973
14974
14975
14978
14980
14982
14983
14984
14985
14988
14989
14991
14992
14993
14994
14996
14998
15000
15002
15004
15006
15008
15010
15011
15012
15013
15015
15016
15018
15019
15023
15024
15025
15026
15027
15028
15031
15034
15035
15037
15039
15041
15042
15043
15048
15052
15054
15056
15057
15059
15061
15062
15063
15064
15065
15066
15067
15069
15071
15073
15074
15075
15076
15078
15079
15081
15083
15085
15086
15088
15089
15090
15091
15094
15095
15096
15097
15099
15100
15101
15103
15108
15109
15111
15112
15113
15114
15115
15117
15120
15121
15122
15123
15124
15125
15127
15129
15130
15132
15135
15136
15139
15140
15141
15142
15143
15146
15147
15150
15151
15152
15154
15155
15157
15159
15160
15163
15164
15165
15167
15168
15169
15170
15171
15172
15173
15174
15176
15177
15178
15179
15180
15183
15185
15186
15187
15189
15190
15191
15192
15194
15195
15196
15197
15200
15202
15204
15205
15208
15210
15211
15212
15215
15217
15218
15219
15220
15221
15222
15223
15224
15226
15227
15230
15234
15235
15236
15237
15241
15242
15243
15244
15245
15247
15250
15251
15253
15254
15256
15257
15259
15261
15262
15263
15264
15265
15267
15268
15270
15271
15272
15273
15274
15276
15277
15278
15279
15280
15281
15282
15283
15284
15286
15288
15289
15291
15292
15295
15297
15298
15299
15301
15303
15308
15309
15311
15312
15313
15315
15317
15318
15320
15321
15322
15324
15325
15327
15329
15331
15332
15334
15336
15338
15343
15344
15347
15348
15349
15352
15353
15354
15355
15357
15358
15360
15362
15365
15366
15368
15369
15373
15374
15375
15376
15377
15378
15379
15382
15383
15384
15385
15388
15389
15390
15391
15392
15393
15394
15395
15396
15397
15399
15402
15405
15406
15407
15409
15412
15413
15415
15417
15419
15422
15423
15425
15427
15428
15430
15431
15432
15434
15435
15437
15440
15441
15443
15444
15445
15446
15447
15448
15450
15451
15453
15454
15456
15457
15458
15460
15461
15467
15470
15472
15473
15476
15477
15478
15479
15480
15481
15482
15483
15484
15485
15487
15491
15492
15494
15496
15498
15499
15500
15501
15502
15506
15507
15508
15509
15510
15511
15515
15517
15518
15519
15522
15523
15525
15526
15527
15528
15529
15530
15531
15534
15536
15538
15539
15541
15543
15544
15545
15546
15547
15548
15549
15552
15555
15557
15558
15559
15562
15563
15564
15565
15566
15567
15568
15569
15571
15572
15573
15577
15579
15581
15582
15584
15587
15589
15591
15592
15596
15598
15599
15600
15601
15602
15603
15604
15605
15606
15607
15609
15611
15616
15619
15620
15621
15624
15625
15626
15627
15628
15630
15631
15633
15636
15637
15640
15641
15644
15645
15646
15648
15649
15650
15651
15652
15654
15657
15660
15662
15663
15665
15666
15667
15668
15671
15673
15674
15676
15677
15679
15681
15683
15685
15687
15688
15691
15692
15693
15695
15698
15701
15702
15703
15704
15707
15709
15710
15711
15712
15713
15714
15715
15719
15721
15722
15723
15724
15727
15729
15731
15732
15734
15735
15737
15738
15739
15740
15741
15742
15743
15745
15746
15748
15751
15753
15756
15757
15758
15759
15761
15763
15767
15768
15770
15773
15777
15778
15779
15780
15781
15783
15786
15787
15788
15790
15791
15792
15793
15794
15796
15797
15798
15800
15801
15802
15804
15807
15812
15813
15814
15815
15817
15818
15819
15820
15821
15822
15823
15824
15827
15829
15830
15831
15833
15835
15836
15838
15839
15840
15842
15844
15846
15847
15849
15850
15852
15853
15854
15856
15857
15859
15860
15863
15864
15866
15867
15868
15869
15870
15871
15872
15875
15876
15877
15878
15879
15880
15883
15885
15887
15891
15894
15897
15898
15899
15900
15903
15905
15906
15907
15908
15910
15912
15913
15914
15917
15920
15922
15923
15924
15926
15928
15930
15931
15933
15935
15936
15937
15939
15940
15942
15944
15945
15946
15947
15948
15949
15950
15952
15953
15954
15955
15956
15958
15960
15962
15963
15964
15966
15967
15969
15971
15974
15975
15977
15980
15981
15984
15985
15986
15987
15989
15990
15991
15992
15996
15998
15999
16001
16002
16003
16005
16006
16008
16009
16010
16011
16013
16014
16015
16016
16017
16019
16020
16023
16024
16025
16026
16027
16029
16031
16032
16034
16035
16036
16037
16038
16039
16040
16041
16043
16045
16047
16048
16049
16050
16052
16053
16054
16055
16056
16057
16059
16060
16062
16063
16066
16068
16069
16070
16071
16072
16073
16075
16076
16078
16079
16081
16082
16085
16088
16089
16091
16092
16093
16094
16095
16096
16097
16098
16099
16101
16104
16106
16107
16108
16109
16110
16111
16112
16113
16114
16116
16119
16120
16121
16122
16123
16124
16125
16126
16128
16129
16130
16132
16133
16134
16135
16139
16140
16141
16143
16145
16146
16147
16148
16151
16152
16153
16155
16157
16159
16160
16161
16162
16163
16165
16167
16169
16170
16172
16173
16175
16176
16177
16179
16180
16181
16182
16184
16189
16192
16194
16196
16197
16198
16199
16202
16204
16207
16208
16210
16211
16213
16216
16217
16218
16219
16221
16222
16224
16228
16229
16230
16232
16234
16235
16236
16238
16240
16241
16243
16244
16245
16246
16247
16249
16250
16251
16253
16254
16256
16259
16260
16261
16264
16266
16268
16269
16270
16271
16273
16274
16275
16277
16278
16280
16281
16283
16286
16288
16289
16290
16291
16293
16294
16296
16298
16299
16301
16303
16304
16305
16307
16308
16309
16310
16311
16312
16313
16314
16317
16318
16319
16322
16323
16324
16326
16328
16330
16331
16333
16334
16336
16337
16338
16341
16346
16349
16350
16351
16354
16355
16356
16357
16358
16359
16360
16361
16362
16364
16366
16368
16369
16370
16371
16372
16374
16375
16376
16377
16378
16379
16380
16381
16382
16383
16384
16385
16386
16387
16388
16389
16390
16392
16393
16395
16396
16397
16398
16399
16401
16404
16405
16407
16408
16410
16413
16414
16415
16416
16417
16420
16422
16423
16425
16427
16428
16429
16430
16431
16432
16434
16436
16438
16439
16440
16441
16443
16445
16446
16449
16450
16451
16452
16453
16454
16457
16459
16461
16462
16463
16464
16465
16467
16468
16470
16472
16473
16474
16476
16480
16481
16483
16484
16485
16487
16489
16491
16492
16494
16496
16499
16500
16501
16502
16504
16505
16506
16510
16513
16514
16516
16517
16518
16519
16520
16521
16523
16524
16525
16527
16528
16529
16530
16532
16533
16535
16538
16540
16541
16544
16546
16547
16548
16550
16552
16554
16555
16558
16559
16561
16562
16565
16567
16569
16571
16572
16573
16574
16575
16577
16578
16579
16580
16581
16582
16583
16584
16585
16588
16589
16591
16593
16595
16596
16597
16598
16599
16600
16603
16604
16605
16608
16609
16610
16611
16612
16613
16617
16621
16622
16623
16624
16625
16627
16629
16631
16632
16633
16635
16636
16637
16638
16639
16642
16643
16645
16649
16650
16652
16653
16654
16656
16657
16658
16659
16660
16661
16662
16663
16666
16667
16668
16669
16670
16672
16673
16674
16676
16677
16678
16679
16680
16682
16684
16686
16687
16688
16689
16690
16692
16693
16695
16696
16697
16700
16701
16702
16703
16704
16705
16708
16709
16711
16713
16714
16715
16716
16719
16721
16723
16724
16725
16728
16729
16731
16733
16734
16735
16738
16739
16740
16742
16743
16744
16746
16749
16751
16752
16753
16754
16757
16758
16759
16760
16761
16762
16764
16767
16768
16769
16770
16771
16773
16774
16775
16776
16777
16778
16782
16783
16784
16785
16786
16787
16788
16789
16790
16792
16794
16795
16796
16798
16800
16801
16803
16804
16805
16806
16807
16808
16809
16811
16812
16814
16815
16817
16818
16819
16820
16822
16824
16825
16826
16827
16828
16831
16833
16837
16839
16840
16841
16843
16846
16847
16850
16852
16853
16855
16857
16859
16861
16863
16865
16866
16867
16868
16870
16871
16872
16873
16874
16875
16876
16877
16879
16881
16882
16884
16885
16886
16887
16888
16889
16891
16892
16896
16897
16898
16899
16900
16901
16902
16906
16908
16910
16911
16913
16914
16918
16920
16923
16926
16928
16929
16930
16931
16933
16936
16938
16939
16941
16944
16945
16946
16947
16950
16953
16955
16956
16958
16959
16961
16962
16965
16966
16967
16969
16970
16971
16972
16974
16975
16976
16977
16978
16980
16982
16983
16986
16987
16988
16989
16990
16991
16993
16994
16996
16997
16998
16999
17000
17001
17002
17003
17004
17006
17007
17008
17011
17013
17016
17017
17018
17020
17021
17022
17025
17027
17028
17029
17030
17031
17033
17036
17038
17039
17040
17041
17042
17043
17045
17046
17048
17049
17050
17052
17053
17054
17055
17056
17058
17059
17061
17063
17065
17068
17070
17071
17073
17074
17076
17077
17083
17084
17085
17086
17087
17089
17094
17096
17097
17098
17099
17101
17103
17107
17109
17110
17111
17112
17113
17114
17118
17120
17125
17126
17128
17130
17131
17132
17134
17137
17139
17140
17141
17142
17144
17145
17146
17147
17148
17149
17151
17152
17156
17157
17158
17160
17162
17165
17166
17168
17170
17172
17173
17176
17178
17179
17182
17183
17184
17185
17187
17188
17190
17191
17193
17195
17196
17197
17199
17200
17202
17203
17204
17206
17207
17208
17209
17211
17212
17213
17214
17215
17219
17221
17222
17223
17224
17225
17226
17227
17229
17230
17232
17233
17234
17235
17236
17237
17238
17239
17241
17243
17244
17245
17246
17247
17248
17250
17254
17255
17256
17257
17258
17259
17260
17261
17263
17267
17268
17273
17274
17275
17276
17277
17278
17279
17280
17281
17285
17287
17290
17291
17292
17295
17299
17301
17302
17303
17304
17307
17309
17310
17311
17312
17313
17315
17316
17317
17319
17321
17322
17323
17324
17325
17328
17329
17330
17332
17336
17337
17340
17342
17345
17347
17348
17351
17353
17354
17356
17358
17363
17364
17366
17367
17368
17369
17371
17372
17375
17376
17377
17378
17379
17380
17381
17382
17383
17385
17389
17390
17391
17392
17393
17394
17396
17397
17399
17402
17404
17407
17409
17411
17413
17415
17416
17417
17418
17421
17422
17423
17424
17425
17426
17428
17429
17431
17433
17434
17437
17440
17443
17444
17446
17447
17451
17453
17455
17458
17462
17464
17465
17466
17467
17468
17470
17471
17473
17474
17476
17477
17478
17479
17480
17483
17484
17487
17488
17491
17492
17493
17495
17497
17498
17499
17500
17501
17502
17503
17505
17507
17508
17510
17512
17514
17515
17516
17517
17519
17522
17523
17525
17527
17529
17530
17534
17535
17536
17538
17539
17541
17543
17544
17545
17546
17548
17551
17552
17554
17555
17558
17559
17560
17561
17563
17564
17565
17566
17567
17568
17569
17570
17571
17572
17574
17575
17576
17577
17580
17581
17582
17583
17585
17586
17587
17588
17590
17593
17594
17595
17596
17598
17599
17601
17603
17605
17609
17611
17613
17614
17615
17616
17617
17618
17620
17621
17622
17623
17626
17629
17630
17631
17633
17634
17637
17639
17640
17641
17642
17644
17645
17647
17648
17649
17650
17652
17654
17656
17657
17658
17660
17662
17663
17664
17665
17666
17668
17673
17676
17677
17679
17680
17681
17682
17684
17685
17686
17687
17688
17689
17690
17693
17694
17695
17696
17697
17699
17701
17703
17704
17705
17708
17710
17711
17712
17713
17714
17716
17719
17721
17725
17727
17728
17730
17731
17733
17736
17737
17740
17742
17743
17745
17747
17749
17751
17752
17754
17758
17761
17762
17763
17764
17766
17769
17771
17772
17774
17775
17777
17779
17781
17782
17783
17784
17785
17786
17788
17789
17790
17791
17792
17794
17795
17796
17798
17799
17800
17801
17803
17804
17805
17806
17807
17809
17811
17812
17813
17816
17818
17819
17821
17823
17825
17826
17828
17830
17833
17835
17840
17844
17846
17847
17848
17849
17850
17852
17855
17857
17858
17859
17860
17861
17864
17866
17867
17868
17869
17870
17871
17872
17874
17875
17878
17879
17880
17882
17884
17886
17888
17889
17892
17893
17894
17896
17897
17898
17900
17901
17902
17903
17904
17905
17907
17908
17909
17910
17911
17913
17915
17917
17920
17921
17922
17924
17926
17931
17932
17933
17934
17935
17936
17938
17940
17942
17944
17946
17947
17948
17950
17951
17953
17954
17955
17956
17957
17958
17959
17960
17962
17963
17965
17967
17968
17969
17970
17971
17973
17974
17976
17978
17980
17981
17982
17983
17984
17987
17988
17990
17992
17994
17996
17999
18000
18001
18002
18003
18005
18006
18007
18008
18010
18012
18013
18014
18015
18016
18017
18018
18019
18020
18024
18025
18027
18028
18029
18030
18031
18032
18033
18034
18035
18036
18037
18038
18039
18040
18041
18042
18044
18046
18047
18048
18050
18051
18052
18053
18055
18056
18058
18059
18060
18062
18063
18065
18066
18067
18068
18069
18075
18076
18079
18082
18083
18084
18085
18088
18090
18094
18095
18096
18097
18098
18100
18101
18103
18105
18108
18110
18112
18113
18114
18118
18119
18121
18124
18126
18128
18131
18133
18136
18138
18140
18141
18142
18144
18145
18146
18148
18149
18151
18152
18154
18155
18156
18158
18159
18160
18161
18162
18163
18164
18165
18169
18170
18172
18173
18174
18175
18176
18177
18178
18180
18183
18184
18185
18186
18187
18188
18190
18191
18192
18193
18194
18197
18198
18199
18200
18202
18203
18204
18205
18206
18207
18208
18210
18212
18213
18214
18215
18216
18219
18220
18222
18223
18225
18227
18228
18229
18231
18232
18233
18236
18239
18240
18242
18243
18245
18247
18248
18250
18258
18260
18262
18264
18265
18266
18267
18269
18270
18272
18274
18275
18277
18278
18279
18280
18283
18285
18286
18288
18291
18292
18293
18294
18295
18296
18297
18300
18301
18304
18306
18307
18308
18309
18310
18312
18314
18317
18318
18319
18320
18321
18322
18323
18324
18325
18327
18329
18332
18333
18334
18335
18336
18338
18339
18340
18341
18342
18343
18344
18346
18351
18352
18354
18357
18359
18361
18363
18365
18366
18367
18368
18369
18370
18371
18373
18375
18377
18379
18381
18383
18385
18386
18387
18389
18391
18392
18394
18395
18397
18398
18399
18401
18402
18403
18404
18407
18408
18409
18410
18411
18414
18415
18416
18418
18420
18421
18422
18424
18425
18426
18429
18430
18431
18432
18434
18436
18437
18438
18439
18440
18442
18443
18444
18447
18450
18451
18456
18457
18460
18461
18462
18463
18464
18465
18467
18469
18470
18471
18472
18473
18474
18477
18478
18479
18480
18482
18485
18486
18487
18489
18491
18492
18493
18494
18495
18496
18497
18499
18500
18501
18503
18504
18505
18508
18509
18510
18511
18512
18513
18516
18518
18519
18520
18521
18522
18526
18527
18528
18530
18531
18533
18534
18535
18536
18537
18538
18540
18542
18543
18545
18547
18548
18549
18550
18551
18552
18554
18555
18556
18557
18558
18559
18563
18565
18568
18569
18572
18574
18576
18577
18579
18580
18584
18585
18586
18587
18589
18590
18593
18596
18597
18598
18601
18602
18605
18606
18607
18611
18612
18615
18618
18620
18621
18622
18623
18625
18626
18627
18629
18631
18632
18633
18634
18638
18639
18640
18643
18645
18646
18647
18648
18649
18650
18652
18653
18654
18655
18656
18658
18659
18660
18663
18664
18665
18666
18667
18668
18669
18670
18671
18672
18674
18675
18678
18682
18683
18685
18687
18688
18689
18690
18691
18692
18696
18697
18698
18699
18700
18702
18704
18705
18706
18708
18709
18710
18711
18712
18715
18717
18722
18723
18724
18725
18726
18731
18732
18733
18734
18737
18738
18740
18743
18745
18749
18751
18752
18754
18755
18756
18758
18759
18761
18763
18765
18766
18770
18772
18773
18776
18780
18782
18783
18786
18788
18789
18792
18793
18794
18795
18797
18798
18799
18801
18803
18804
18805
18806
18807
18808
18809
18810
18813
18815
18816
18817
18820
18822
18823
18825
18828
18829
18831
18832
18834
18836
18838
18839
18840
18841
18842
18843
18844
18845
18848
18849
18850
18852
18853
18854
18855
18856
18857
18860
18861
18864
18865
18866
18868
18869
18870
18871
18873
18876
18877
18879
18881
18882
18885
18887
18888
18890
18891
18892
18895
18896
18898
18899
18900
18902
18903
18905
18906
18907
18908
18909
18910
18912
18914
18917
18918
18920
18921
18923
18924
18926
18927
18929
18930
18931
18932
18935
18937
18938
18939
18940
18941
18942
18943
18944
18946
18947
18948
18949
18950
18951
18952
18953
18955
18956
18957
18959
18960
18962
18965
18967
18968
18970
18971
18973
18974
18977
18979
18980
18982
18985
18987
18988
18989
18990
18993
18994
18995
18996
18997
18999
19000
19001
19002
19005
19008
19009
19011
19015
19016
19017
19019
19021
19022
19024
19025
19026
19027
19031
19032
19035
19038
19040
19041
19044
19045
19046
19048
19050
19051
19052
19053
19056
19058
19060
19062
19064
19065
19067
19068
19069
19073
19074
19075
19076
19077
19078
19080
19082
19084
19086
19087
19093
19094
19095
19096
19097
19098
19099
19100
19104
19105
19106
19107
19109
19110
19112
19114
19116
19119
19120
19122
19125
19126
19129
19130
19131
19132
19133
19134
19135
19137
19141
19144
19147
19148
19150
19152
19153
19154
19159
19161
19163
19166
19167
19168
19169
19171
19172
19173
19174
19175
19177
19178
19180
19181
19182
19183
19184
19185
19187
19188
19191
19192
19195
19196
19198
19201
19203
19204
19205
19208
19211
19214
19216
19219
19221
19222
19225
19226
19227
19229
19230
19232
19233
19234
19236
19241
19242
19243
19244
19245
19246
19250
19252
19253
19254
19257
19259
19261
19262
19263
19266
19267
19269
19271
19272
19274
19277
19278
19280
19281
19282
19283
19284
19285
19286
19288
19289
19291
19293
19296
19297
19298
19300
19301
19303
19304
19305
19306
19308
19309
19312
19313
19314
19317
19319
19320
19321
19323
19324
19326
19328
19329
19331
19332
19333
19334
19336
19338
19339
19340
19341
19342
19344
19345
19347
19348
19351
19352
19353
19356
19357
19358
19359
19360
19362
19364
19365
19366
19368
19372
19373
19374
19375
19376
19377
19378
19380
19382
19383
19384
19387
19388
19392
19393
19394
19395
19396
19397
19398
19400
19404
19406
19407
19408
19410
19411
19412
19413
19415
19416
19418
19420
19421
19422
19424
19426
19427
19428
19429
19430
19432
19435
19436
19437
19439
19440
19441
19443
19445
19446
19448
19449
19453
19455
19458
19459
19460
19462
19463
19465
19466
19467
19468
19470
19471
19473
19474
19475
19476
19477
19478
19479
19480
19483
19486
19487
19489
19491
19492
19495
19496
19497
19499
19500
19502
19505
19507
19508
19510
19512
19514
19516
19520
19521
19522
19529
19531
19532
19533
19534
19536
19539
19540
19541
19542
19543
19547
19549
19550
19553
19554
19556
19558
19560
19561
19565
19567
19568
19569
19571
19572
19574
19576
19577
19578
19579
19582
19583
19584
19587
19589
19592
19593
19595
19597
19600
19602
19603
19605
19606
19608
19609
19610
19611
19612
19613
19614
19615
19616
19618
19620
19621
19623
19627
19628
19629
19630
19631
19632
19634
19635
19636
19637
19639
19640
19643
19644
19645
19646
19647
19648
19650
19652
19653
19654
19655
19656
19657
19658
19662
19665
19666
19668
19670
19671
19674
19677
19679
19682
19684
19685
19686
19687
19688
19689
19690
19695
19696
19697
19698
19699
19700
19701
19703
19705
19707
19708
19709
19710
19711
19713
19714
19715
19718
19722
19723
19725
19726
19728
19730
19731
19733
19734
19735
19736
19739
19740
19741
19742
19743
19744
19745
19746
19748
19749
19752
19754
19755
19757
19759
19760
19761
19762
19764
19766
19767
19768
19770
19771
19773
19774
19775
19776
19777
19778
19779
19781
19782
19783
19784
19785
19786
19787
19788
19790
19791
19793
19794
19797
19798
19799
19800
19801
19804
19807
19808
19809
19811
19812
19813
19816
19818
19820
19823
19825
19827
19830
19831
19832
19833
19836
19837
19839
19840
19843
19846
19847
19848
19850
19851
19854
19856
19857
19858
19861
19862
19864
19866
19867
19868
19869
19872
19873
19874
19876
19877
19879
19882
19885
19886
19887
19888
19891
19892
19893
19894
19895
19898
19899
19900
19901
19904
19905
19906
19907
19909
19910
19912
19915
19917
19918
19919
19920
19921
19922
19923
19924
19925
19928
19930
19931
19932
19933
19934
19936
19937
19938
19939
19940
19941
19943
19944
19945
19947
19948
19949
19950
19951
19952
19953
19955
19956
19958
19959
19960
19961
19962
19964
19965
19966
19967
19968
19970
19972
19974
19975
19977
19979
19981
19982
19984
19985
19987
19989
19991
19992
19994
19995
19996
19997
19998
20000
20003
20005
20006
20007
20008
20010
20011
20012
20013
20015
20016
20017
20018
20020
20021
20022
20024
20025
20028
20029
20030
20031
20032
20034
20037
20038
20040
20043
20044
20045
20046
20047
20048
20049
20050
20051
20052
20055
20056
20058
20064
20065
20068
20070
20073
20074
20075
20079
20080
20081
20084
20086
20087
20088
20089
20092
20093
20096
20098
20099
20100
20101
20102
20104
20106
20107
20108
20109
20111
20112
20113
20115
20116
20117
20118
20120
20122
20124
20125
20127
20128
20130
20132
20133
20135
20136
20138
20141
20142
20143
20144
20145
20146
20147
20149
20150
20151
20154
20156
20157
20158
20159
20161
20164
20166
20167
20168
20169
20171
20172
20173
20174
20175
20176
20177
20178
20179
20180
20181
20185
20186
20187
20188
20189
20192
20194
20196
20199
20201
20202
20206
20207
20210
20211
20213
20215
20217
20219
20221
20222
20223
20224
20225
20227
20228
20229
20230
20231
20232
20234
20235
20236
20238
20241
20242
20243
20244
20248
20250
20251
20252
20253
20254
20255
20256
20257
20258
20260
20261
20263
20264
20268
20269
20270
20271
20273
20275
20276
20277
20280
20282
20283
20284
20285
20288
20289
20291
20292
20295
20296
20297
20298
20299
20304
20305
20306
20308
20309
20310
20314
20317
20318
20319
20321
20323
20324
20325
20326
20327
20328
20329
20330
20331
20332
20335
20339
20343
20344
20345
20347
20348
20349
20351
20353
20354
20355
20356
20357
20358
20359
20360
20362
20364
20366
20367
20368
20371
20372
20373
20374
20376
20378
20381
20382
20383
20386
20390
20391
20392
20393
20394
20397
20399
20401
20403
20405
20406
20407
20409
20411
20413
20415
20416
20418
20420
20421
20424
20425
20427
20429
20430
20431
20434
20438
20441
20442
20445
20448
20449
20450
20451
20452
20455
20456
20457
20458
20459
20461
20462
20465
20467
20468
20469
20471
20472
20475
20477
20482
20484
20485
20486
20487
20488
20489
20490
20491
20492
20495
20498
20499
20501
20502
20509
20512
20513
20516
20517
20519
20520
20521
20522
20523
20524
20529
20530
20531
20532
20533
20534
20535
20536
20537
20543
20544
20546
20547
20549
20550
20551
20554
20555
20556
20557
20560
20561
20562
20563
20564
20565
20566
20567
20568
20569
20571
20574
20575
20576
20579
20580
20581
20582
20584
20585
20586
20588
20589
20592
20593
20594
20596
20598
20600
20602
20603
20605
20609
20611
20613
20615
20617
20618
20619
20621
20623
20625
20627
20630
20631
20632
20634
20636
20638
20640
20642
20644
20646
20649
20650
20651
20652
20655
20657
20658
20659
20660
20661
20662
20663
20666
20668
20669
20671
20672
20673
20674
20676
20681
20682
20683
20684
20685
20686
20688
20689
20690
20691
20692
20695
20696
20698
20700
20702
20705
20706
20707
20709
20713
20716
20717
20718
20720
20724
20726
20728
20730
20731
20733
20734
20735
20737
20738
20740
20741
20743
20744
20748
20749
20751
20752
20753
20755
20756
20758
20759
20761
20763
20765
20767
20768
20769
20771
20773
20774
20776
20777
20780
20781
20782
20784
20785
20787
20788
20791
20793
20794
20795
20796
20797
20800
20801
20802
20803
20804
20805
20806
20807
20808
20809
20810
20811
20812
20815
20816
20817
20819
20820
20822
20823
20825
20827
20828
20829
20831
20835
20836
20837
20838
20840
20842
20843
20844
20845
20848
20849
20850
20851
20855
20856
20860
20861
20862
20864
20866
20867
20868
20869
20870
20871
20875
20878
20881
20882
20883
20886
20888
20889
20891
20895
20897
20901
20903
20904
20905
20906
20910
20911
20913
20915
20916
20917
20920
20922
20923
20924
20926
20927
20928
20930
20931
20932
20933
20934
20936
20938
20941
20942
20943
20944
20946
20948
20949
20950
20952
20956
20957
20959
20964
20966
20969
20970
20972
20973
20974
20975
20976
20978
20979
20980
20981
20982
20983
20986
20989
20991
20996
20998
20999
21000
21001
21004
21005
21006
21007
21008
21009
21011
21012
21016
21017
21019
21020
21021
21023
21024
21025
21026
21027
21028
21030
21031
21033
21034
21039
21040
21043
21044
21045
21046
21047
21049
21050
21051
21052
21053
21055
21057
21058
21059
21061
21062
21063
21064
21065
21066
21068
21070
21072
21073
21074
21075
21076
21077
21078
21081
21083
21086
21087
21089
21090
21091
21092
21093
21095
21098
21099
21103
21104
21105
21106
21107
21108
21109
21110
21111
21112
21114
21117
21118
21119
21120
21122
21123
21126
21129
21132
21133
21134
21135
21140
21141
21144
21146
21147
21149
21151
21153
21154
21156
21157
21160
21162
21165
21167
21168
21171
21172
21175
21176
21177
21178
21179
21186
21187
21188
21189
21190
21193
21194
21195
21196
21197
21199
21200
21201
21202
21203
21204
21205
21207
21209
21211
21212
21213
21214
21215
21217
21218
21220
21221
21222
21223
21224
21226
21227
21228
21231
21232
21233
21235
21236
21237
21238
21242
21245
21247
21250
21254
21257
21258
21260
21261
21264
21267
21268
21269
21272
21275
21279
21280
21282
21283
21284
21286
21287
21288
21289
21290
21292
21293
21295
21297
21299
21301
21302
21303
21304
21305
21306
21307
21308
21309
21311
21313
21314
21315
21316
21317
21320
21321
21322
21323
21324
21325
21327
21328
21329
21333
21334
21337
21338
21339
21340
21343
21344
21345
21346
21347
21349
21351
21354
21356
21357
21360
21361
21364
21365
21366
21370
21371
21372
21374
21377
21379
21381
21383
21384
21385
21387
21389
21392
21394
21396
21397
21398
21400
21401
21402
21403
21404
21405
21409
21410
21411
21412
21413
21414
21415
21416
21417
21418
21419
21423
21424
21425
21426
21427
21431
21433
21434
21435
21436
21438
21439
21440
21441
21443
21444
21445
21446
21447
21448
21451
21454
21456
21457
21458
21459
21462
21464
21465
21466
21469
21472
21473
21475
21476
21479
21480
21482
21484
21485
21487
21488
21489
21490
21493
21494
21496
21499
21502
21503
21505
21506
21508
21509
21510
21512
21514
21517
21518
21519
21521
21523
21524
21528
21529
21531
21534
21537
21538
21539
21540
21541
21544
21546
21548
21549
21550
21551
21552
21554
21555
21557
21558
21559
21560
21563
21565
21567
21570
21571
21572
21574
21575
21576
21577
21578
21579
21580
21582
21583
21584
21587
21588
21589
21590
21595
21597
21598
21600
21602
21604
21605
21606
21607
21608
21609
21610
21612
21613
21616
21618
21620
21622
21623
21626
21628
21633
21634
21635
21637
21639
21640
21642
21644
21647
21648
21649
21650
21652
21655
21658
21659
21660
21661
21663
21667
21668
21669
21671
21672
21674
21676
21678
21681
21682
21683
21684
21685
21686
21688
21691
21692
21693
21695
21696
21697
21698
21700
21702
21706
21707
21708
21711
21714
21715
21716
21718
21722
21723
21724
21725
21726
21727
21728
21731
21733
21735
21736
21739
21740
21742
21743
21744
21745
21746
21747
21750
21751
21752
21753
21754
21755
21758
21761
21763
21767
21768
21769
21771
21772
21773
21775
21776
21777
21779
21781
21782
21783
21785
21786
21788
21789
21790
21791
21793
21796
21797
21799
21801
21803
21804
21805
21807
21808
21809
21810
21811
21812
21814
21815
21817
21818
21822
21825
21827
21828
21829
21831
21833
21834
21836
21838
21839
21841
21844
21845
21846
21849
21852
21853
21854
21858
21859
21860
21861
21862
21865
21866
21867
21870
21871
21872
21874
21875
21876
21877
21878
21880
21881
21882
21883
21884
21887
21891
21893
21894
21895
21898
21901
21902
21903
21904
21907
21908
21909
21910
21911
21912
21913
21914
21918
21919
21920
21922
21923
21924
21925
21927
21928
21929
21932
21936
21937
21938
21939
21943
21946
21949
21951
21954
21955
21958
21959
21960
21961
21962
21964
21965
21966
21967
21968
21969
21970
21972
21973
21974
21975
21978
21981
21984
21985
21988
21990
21992
21994
21996
21997
22000
22002
22003
22005
22006
22007
22009
22010
22011
22015
22017
22019
22020
22021
22023
22025
22026
22027
22028
22029
22031
22032
22036
22037
22041
22042
22045
22046
22049
22050
22052
22054
22055
22056
22058
22060
22061
22062
22064
22067
22069
22071
22072
22073
22075
22076
22078
22079
22080
22082
22084
22086
22087
22092
22093
22094
22095
22098
22101
22102
22103
22106
22109
22110
22111
22114
22118
22119
22120
22122
22123
22126
22128
22129
22130
22131
22133
22136
22139
22140
22141
22142
22143
22144
22146
22149
22150
22153
22156
22157
22159
22160
22162
22163
22165
22166
22167
22168
22172
22173
22174
22175
22176
22178
22180
22181
22182
22184
22185
22187
22188
22189
22191
22192
22193
22196
22197
22201
22203
22204
22205
22207
22208
22209
22210
22215
22216
22217
22220
22222
22223
22225
22226
22227
22229
22231
22234
22235
22237
22239
22240
22243
22244
22245
22246
22247
22248
22249
22250
22252
22254
22255
22256
22258
22259
22262
22264
22267
22268
22269
22271
22274
22276
22278
22279
22280
22283
22284
22285
22288
22291
22293
22295
22296
22299
22302
22303
22305
22306
22311
22312
22313
22314
22315
22316
22317
22318
22319
22322
22323
22324
22326
22327
22329
22330
22331
22332
22334
22335
22336
22337
22339
22341
22343
22345
22348
22349
22351
22352
22353
22354
22355
22356
22357
22359
22360
22361
22363
22365
22366
22369
22370
22371
22372
22375
22376
22377
22380
22381
22383
22385
22386
22389
22390
22391
22392
22393
22395
22397
22398
22399
22401
22402
22403
22405
22407
22409
22410
22411
22414
22417
22418
22420
22421
22422
22424
22426
22427
22429
22430
22431
22432
22434
22437
22439
22440
22441
22442
22444
22446
22447
22449
22450
22452
22453
22454
22455
22457
22458
22460
22461
22464
22465
22466
22468
22470
22472
22473
22474
22475
22476
22477
22478
22479
22480
22481
22482
22483
22484
22485
22486
22487
22488
22490
22493
22495
22496
22497
22501
22502
22503
22504
22506
22508
22510
22513
22514
22515
22516
22517
22519
22521
22523
22525
22529
22530
22532
22533
22534
22537
22539
22540
22542
22543
22544
22545
22547
22548
22550
22551
22552
22553
22555
22558
22561
22562
22564
22565
22566
22567
22570
22571
22572
22574
22575
22577
22579
22581
22583
22584
22586
22589
22590
22591
22592
22593
22594
22595
22597
22600
22601
22603
22604
22605
22608
22609
22611
22613
22614
22615
22617
22619
22620
22621
22624
22625
22627
22629
22633
22636
22637
22638
22639
22640
22641
22642
22644
22646
22649
22650
22651
22654
22656
22659
22661
22662
22663
22665
22667
22669
22671
22672
22676
22679
22681
22683
22686
22687
22688
22689
22691
22692
22695
22696
22698
22699
22700
22701
22703
22704
22705
22706
22707
22710
22713
22715
22716
22717
22719
22721
22724
22726
22728
22732
22734
22736
22738
22739
22742
22746
22748
22749
22750
22751
22753
22755
22758
22760
22761
22762
22764
22765
22766
22767
22768
22771
22775
22777
22779
22780
22783
22784
22786
22787
22788
22789
22791
22792
22793
22794
22796
22797
22798
22800
22801
22802
22806
22809
22811
22814
22815
22817
22818
22821
22822
22825
22826
22827
22829
22830
22831
22832
22834
22835
22837
22839
22840
22841
22842
22843
22844
22846
22847
22848
22849
22850
22852
22856
22859
22860
22861
22862
22863
22864
22865
22866
22869
22870
22872
22873
22875
22876
22877
22878
22879
22881
22883
22885
22886
22889
22890
22892
22894
22896
22897
22898
22901
22902
22903
22904
22907
22909
22910
22912
22915
22917
22918
22921
22923
22925
22926
22929
22930
22931
22933
22935
22936
22939
22941
22942
22943
22944
22945
22949
22950
22952
22953
22955
22956
22957
22958
22961
22962
22963
22964
22966
22967
22969
22970
22971
22972
22974
22976
22977
22979
22982
22985
22986
22989
22990
22991
22992
22993
22995
22997
22998
22999
23000
23001
23003
23005
23007
23008
23009
23010
23012
23014
23015
23016
23017
23018
23019
23020
23021
23023
23024
23026
23027
23029
23031
23033
23034
23037
23038
23039
23040
23041
23042
23045
23046
23047
23048
23049
23051
23052
23055
23060
23061
23063
23065
23066
23068
23069
23071
23073
23074
23075
23076
23077
23078
23079
23080
23083
23085
23087
23091
23093
23094
23095
23096
23099
23100
23102
23103
23104
23105
23106
23108
23110
23111
23113
23115
23116
23117
23118
23120
23122
23123
23125
23126
23131
23132
23133
23134
23135
23136
23137
23138
23139
23141
23142
23144
23148
23149
23150
23153
23156
23157
23160
23162
23163
23164
23166
23167
23168
23169
23173
23174
23175
23176
23178
23179
23180
23181
23183
23184
23185
23187
23188
23189
23192
23195
23196
23198
23199
23202
23203
23204
23206
23207
23208
23209
23210
23211
23212
23213
23214
23216
23219
23223
23224
23227
23231
23232
23233
23234
23235
23237
23238
23239
23241
23242
23244
23245
23246
23247
23248
23249
23250
23251
23252
23253
23254
23255
23256
23258
23259
23261
23263
23264
23266
23267
23268
23271
23272
23273
23275
23276
23278
23281
23282
23285
23286
23288
23290
23291
23294
23295
23296
23298
23299
23301
23303
23304
23305
23309
23310
23311
23312
23313
23316
23317
23318
23319
23321
23322
23323
23325
23328
23329
23330
23331
23333
23335
23337
23340
23344
23346
23349
23351
23352
23353
23354
23355
23359
23363
23366
23367
23368
23369
23370
23371
23372
23373
23374
23376
23377
23379
23380
23381
23382
23383
23384
23388
23389
23391
23393
23394
23396
23398
23399
23400
23401
23402
23404
23405
23407
23412
23417
23418
23420
23421
23422
23426
23429
23430
23433
23434
23436
23438
23439
23440
23441
23444
23446
23447
23448
23450
23452
23453
23454
23455
23458
23461
23463
23465
23466
23469
23471
23472
23473
23474
23475
23476
23477
23478
23479
23480
23481
23482
23484
23486
23487
23488
23489
23490
23491
23494
23496
23497
23498
23499
23500
23502
23504
23505
23508
23510
23511
23512
23513
23514
23516
23517
23519
23522
23523
23524
23525
23527
23529
23530
23531
23532
23533
23534
23535
23536
23537
23538
23539
23541
23542
23543
23544
23545
23548
23549
23550
23551
23552
23554
23556
23558
23559
23560
23561
23562
23563
23564
23565
23566
23567
23568
23569
23570
23571
23573
23575
23576
23579
23580
23583
23585
23587
23592
23593
23594
23595
23596
23598
23599
23600
23603
23604
23606
23609
23612
23613
23615
23616
23617
23620
23621
23622
23624
23625
23626
23627
23629
23630
23631
23632
23634
23635
23637
23638
23639
23640
23642
23644
23646
23649
23650
23652
23654
23655
23657
23658
23660
23661
23663
23666
23667
23669
23672
23673
23675
23677
23680
23681
23682
23684
23685
23686
23688
23689
23690
23692
23693
23695
23696
23697
23698
23700
23701
23704
23708
23709
23711
23714
23715
23718
23720
23722
23724
23725
23726
23727
23728
23730
23731
23732
23733
23734
23736
23737
23738
23739
23740
23741
23742
23743
23746
23747
23748
23750
23751
23753
23754
23755
23756
23758
23760
23762
23765
23766
23767
23768
23769
23770
23771
23772
23773
23775
23778
23779
23780
23782
23783
23784
23785
23789
23790
23792
23793
23794
23795
23796
23799
23800
23802
23804
23805
23806
23808
23809
23811
23812
23813
23814
23820
23822
23824
23825
23826
23827
23829
23830
23831
23832
23833
23834
23836
23837
23838
23839
23840
23843
23844
23846
23849
23850
23853
23854
23855
23858
23859
23861
23862
23865
23866
23868
23872
23873
23876
23877
23878
23879
23880
23881
23882
23883
23884
23886
23887
23889
23890
23891
23892
23893
23894
23895
23896
23898
23899
23900
23901
23902
23903
23908
23910
23913
23914
23916
23919
23920
23925
23927
23929
23930
23931
23932
23933
23936
23937
23938
23940
23943
23945
23947
23949
23952
23956
23957
23958
23960
23961
23962
23964
23965
23966
23967
23968
23970
23972
23973
23974
23976
23979
23980
23982
23983
23984
23985
23986
23987
23988
23990
23992
23993
23994
23996
23998
24000
24001
24003
24007
24009
24010
24011
24013
24014
24015
24017
24019
24021
24022
24023
24024
24026
24028
24029
24030
24036
24037
24039
24040
24041
24042
24044
24046
24048
24049
24050
24051
24053
24054
24055
24056
24057
24058
24059
24061
24062
24063
24064
24065
24066
24070
24073
24074
24075
24078
24079
24080
24082
24083
24084
24086
24087
24088
24089
24090
24091
24092
24096
24097
24099
24100
24103
24106
24107
24108
24109
24110
24111
24114
24116
24117
24119
24122
24124
24126
24127
24129
24130
24133
24135
24136
24138
24139
24141
24143
24144
24145
24147
24148
24150
24151
24154
24156
24158
24160
24162
24163
24164
24166
24168
24171
24172
24173
24174
24175
24177
24178
24180
24181
24182
24183
24184
24185
24188
24192
24193
24195
24196
24197
24198
24199
24201
24202
24203
24204
24206
24208
24209
24210
24211
24213
24214
24216
24219
24220
24221
24222
24223
24225
24226
24229
24231
24232
24233
24235
24236
24237
24238
24239
24241
24242
24243
24245
24246
24248
24250
24254
24255
24258
24260
24261
24262
24265
24266
24268
24269
24270
24275
24276
24277
24279
24280
24284
24287
24289
24290
24291
24292
24293
24294
24295
24296
24297
24299
24301
24303
24304
24305
24306
24308
24309
24310
24313
24314
24315
24318
24321
24324
24325
24326
24328
24329
24332
24335
24336
24337
24338
24340
24342
24344
24346
24348
24349
24350
24351
24353
24354
24355
24356
24357
24358
24361
24362
24364
24365
24366
24367
24369
24371
24373
24375
24378
24379
24381
24385
24388
24390
24391
24392
24393
24394
24395
24397
24398
24399
24400
24402
24403
24406
24409
24410
24412
24413
24414
24416
24419
24420
24423
24424
24426
24427
24429
24432
24433
24434
24435
24436
24438
24442
24444
24445
24446
24447
24452
24454
24455
24456
24457
24459
24460
24462
24463
24464
24465
24466
24467
24468
24470
24471
24473
24474
24475
24476
24477
24478
24479
24480
24482
24484
24486
24487
24488
24489
24490
24491
24492
24495
24496
24497
24498
24499
24500
24501
24502
24504
24505
24507
24509
24510
24511
24512
24513
24514
24515
24516
24518
24521
24523
24524
24525
24529
24531
24533
24536
24537
24540
24542
24543
24545
24548
24553
24554
24555
24557
24558
24559
24560
24561
24562
24564
24565
24567
24568
24569
24572
24576
24577
24578
24580
24581
24582
24583
24587
24588
24589
24591
24592
24593
24594
24595
24596
24597
24599
24601
24602
24605
24607
24609
24611
24612
24613
24614
24617
24619
24620
24624
24626
24627
24629
24633
24638
24641
24644
24646
24648
24649
24651
24652
24653
24654
24655
24656
24657
24658
24659
24662
24663
24666
24667
24668
24669
24670
24673
24674
24675
24679
24682
24683
24684
24685
24686
24688
24689
24690
24694
24697
24698
24700
24701
24702
24704
24706
24707
24708
24710
24711
24712
24715
24719
24720
24721
24722
24724
24725
24728
24732
24735
24737
24739
24740
24741
24742
24744
24745
24746
24747
24748
24749
24750
24751
24752
24755
24757
24758
24759
24760
24761
24762
24764
24767
24768
24769
24770
24771
24772
24775
24777
24779
24782
24783
24786
24788
24789
24790
24791
24792
24793
24794
24795
24796
24797
24798
24800
24802
24803
24804
24805
24806
24808
24810
24811
24812
24814
24815
24816
24818
24820
24821
24822
24823
24825
24826
24827
24828
24829
24830
24831
24833
24835
24837
24838
24840
24841
24842
24845
24848
24851
24852
24855
24856
24857
24859
24865
24867
24868
24869
24871
24873
24875
24876
24879
24880
24881
24884
24885
24886
24888
24890
24891
24893
24895
24896
24897
24898
24900
24901
24902
24903
24904
24907
24909
24910
24911
24912
24913
24914
24916
24917
24918
24919
24921
24922
24924
24928
24929
24931
24933
24934
24936
24938
24939
24940
24941
24942
24944
24945
24947
24948
24950
24951
24952
24953
24954
24956
24957
24958
24960
24961
24962
24966
24967
24970
24973
24974
24976
24977
24978
24980
24981
24982
24983
24985
24986
24987
24989
24991
24993
24995
24996
24997
25001
25002
25005
25006
25007
25008
25009
25011
25015
25016
25017
25018
25021
25025
25027
25029
25030
25031
25033
25034
25035
25036
25037
25038
25039
25040
25042
25045
25046
25047
25049
25050
25052
25053
25056
25057
25059
25061
25062
25065
25066
25067
25068
25069
25072
25073
25075
25076
25077
25078
25079
25080
25081
25083
25084
25087
25088
25089
25092
25093
25095
25096
25099
25100
25102
25103
25105
25106
25107
25108
25109
25111
25113
25114
25115
25116
25117
25118
25119
25120
25123
25126
25128
25130
25131
25134
25137
25139
25140
25141
25142
25143
25144
25145
25148
25150
25151
25156
25157
25158
25161
25162
25163
25165
25167
25169
25170
25172
25174
25175
25176
25177
25178
25179
25180
25181
25186
25187
25188
25189
25191
25192
25194
25195
25197
25198
25199
25201
25202
25203
25204
25205
25206
25209
25211
25215
25217
25218
25219
25220
25221
25223
25224
25227
25228
25230
25234
25236
25238
25239
25241
25243
25244
25245
25246
25248
25249
25250
25253
25254
25256
25257
25258
25259
25260
25261
25265
25267
25268
25270
25271
25272
25274
25276
25277
25278
25281
25282
25284
25285
25287
25289
25292
25295
25297
25298
25299
25301
25302
25303
25305
25307
25308
25309
25311
25312
25313
25314
25316
25317
25318
25320
25321
25326
25327
25328
25331
25332
25334
25335
25337
25339
25340
25341
25343
25344
25346
25347
25348
25349
25351
25353
25358
25360
25363
25366
25367
25368
25370
25371
25372
25375
25377
25378
25380
25384
25385
25386
25387
25388
25390
25392
25393
25394
25395
25398
25399
25401
25402
25403
25404
25406
25408
25409
25410
25411
25412
25413
25414
25416
25417
25418
25419
25421
25424
25425
25426
25427
25428
25431
25434
25435
25438
25439
25440
25444
25446
25447
25448
25449
25450
25451
25452
25453
25457
25459
25460
25461
25462
25466
25467
25468
25470
25471
25472
25473
25474
25475
25476
25477
25478
25480
25481
25482
25484
25485
25486
25490
25491
25492
25494
25495
25496
25497
25498
25500
25504
25505
25506
25510
25511
25513
25514
25515
25516
25517
25518
25519
25520
25521
25522
25527
25529
25530
25532
25533
25535
25538
25539
25540
25541
25542
25543
25544
25545
25547
25550
25551
25553
25556
25557
25558
25559
25560
25562
25563
25565
25566
25572
25575
25576
25579
25580
25581
25584
25587
25588
25589
25590
25595
25596
25599
25600
25601
25602
25603
25606
25608
25614
25616
25617
25619
25621
25626
25627
25628
25630
25633
25637
25639
25640
25641
25642
25644
25647
25650
25652
25654
25655
25657
25658
25659
25662
25664
25666
25667
25668
25670
25672
25673
25675
25676
25677
25679
25680
25681
25683
25684
25686
25687
25688
25690
25692
25693
25694
25696
25698
25700
25701
25704
25705
25707
25708
25710
25711
25712
25713
25714
25715
25716
25717
25719
25720
25721
25723
25724
25725
25726
25727
25729
25730
25734
25735
25736
25739
25740
25741
25744
25745
25746
25747
25748
25749
25751
25754
25758
25760
25761
25764
25765
25766
25767
25769
25772
25773
25774
25775
25776
25781
25782
25783
25786
25789
25790
25791
25792
25794
25795
25797
25799
25800
25801
25802
25804
25806
25807
25809
25812
25813
25814
25815
25816
25817
25818
25819
25822
25823
25825
25826
25828
25831
25832
25834
25835
25836
25837
25838
25840
25841
25842
25843
25845
25846
25848
25850
25852
25855
25856
25857
25859
25860
25862
25863
25864
25865
25866
25867
25868
25869
25871
25873
25875
25876
25877
25878
25880
25881
25883
25884
25885
25886
25890
25892
25894
25895
25898
25899
25901
25905
25909
25910
25914
25915
25917
25919
25920
25921
25922
25923
25924
25925
25929
25930
25931
25932
25933
25934
25935
25937
25939
25941
25944
25945
25946
25947
25948
25949
25950
25951
25952
25953
25954
25955
25956
25957
25958
25962
25963
25965
25966
25967
25968
25971
25972
25973
25974
25975
25976
25977
25978
25979
25984
25989
25991
25994
25995
25996
25998
26002
26004
26005
26007
26008
26011
26012
26013
26015
26016
26018
26019
26020
26022
26024
26025
26026
26027
26028
26032
26036
26037
26038
26040
26041
26043
26046
26047
26050
26051
26052
26053
26054
26055
26056
26057
26058
26059
26061
26063
26066
26070
26072
26074
26075
26076
26077
26079
26080
26083
26085
26086
26087
26088
26089
26091
26092
26093
26094
26095
26096
26097
26099
26101
26102
26103
26106
26107
26108
26109
26111
26114
26115
26116
26117
26120
26121
26122
26124
26125
26126
26128
26129
26130
26131
26133
26135
26136
26137
26138
26140
26141
26144
26146
26147
26151
26152
26153
26155
26157
26158
26163
26164
26165
26167
26168
26169
26170
26172
26173
26175
26177
26179
26181
26182
26184
26185
26186
26188
26190
26191
26192
26193
26195
26199
26201
26202
26203
26205
26206
26207
26209
26210
26212
26213
26214
26215
26216
26219
26220
26221
26222
26223
26224
26226
26227
26228
26229
26230
26232
26233
26234
26235
26236
26242
26245
26246
26247
26248
26249
26250
26252
26253
26254
26255
26256
26259
26260
26262
26263
26265
26267
26269
26271
26272
26273
26274
26275
26276
26277
26279
26280
26281
26282
26284
26285
26286
26290
26292
26293
26295
26297
26298
26301
26303
26305
26310
26311
26312
26316
26317
26318
26320
26321
26322
26323
26326
26328
26330
26331
26332
26334
26336
26338
26341
26342
26343
26344
26345
26346
26348
26349
26350
26352
26354
26357
26360
26362
26363
26364
26365
26366
26367
26369
26370
26371
26372
26373
26374
26376
26377
26378
26379
26380
26381
26383
26385
26386
26387
26389
26390
26391
26392
26394
26397
26398
26400
26401
26405
26406
26407
26409
26410
26411
26412
26413
26414
26415
26416
26419
26421
26423
26424
26426
26428
26429
26431
26433
26434
26438
26440
26441
26442
26443
26444
26446
26447
26448
26449
26453
26454
26455
26456
26457
26459
26460
26462
26465
26466
26468
26469
26471
26473
26476
26477
26479
26480
26481
26482
26483
26486
26488
26490
26491
26493
26494
26496
26498
26499
26500
26502
26503
26505
26506
26508
26509
26512
26514
26515
26517
26518
26519
26520
26521
26523
26524
26525
26526
26528
26531
26533
26534
26536
26537
26538
26539
26541
26542
26543
26544
26545
26546
26548
26550
26555
26557
26558
26559
26560
26562
26563
26565
26566
26567
26568
26571
26573
26575
26578
26580
26582
26583
26584
26586
26587
26589
26591
26594
26595
26596
26597
26598
26599
26600
26601
26602
26603
26604
26605
26606
26607
26608
26612
26613
26615
26616
26617
26618
26619
26622
26623
26624
26626
26627
26628
26632
26634
26635
26636
26637
26638
26639
26642
26646
26650
26651
26652
26653
26654
26656
26657
26658
26660
26661
26663
26664
26665
26666
26668
26670
26671
26674
26677
26679
26680
26682
26684
26687
26692
26693
26694
26695
26697
26698
26700
26701
26702
26703
26705
26707
26708
26709
26710
26712
26713
26714
26715
26717
26718
26719
26720
26722
26724
26725
26726
26727
26728
26735
26737
26738
26739
26741
26742
26744
26746
26747
26750
26752
26753
26754
26755
26757
26758
26759
26761
26763
26764
26765
26766
26767
26768
26769
26770
26772
26774
26775
26776
26779
26782
26783
26785
26786
26787
26789
26792
26793
26794
26795
26796
26797
26798
26800
26801
26802
26804
26808
26809
26811
26813
26814
26815
26816
26819
26820
26822
26823
26824
26825
26828
26833
26835
26837
26839
26841
26842
26843
26846
26847
26848
26849
26850
26851
26852
26853
26854
26856
26858
26859
26860
26861
26863
26864
26865
26867
26869
26872
26873
26877
26878
26881
26885
26886
26888
26889
26891
26892
26895
26898
26900
26901
26902
26906
26907
26908
26909
26910
26911
26913
26914
26915
26916
26917
26918
26920
26923
26924
26925
26926
26927
26929
26933
26935
26936
26937
26939
26940
26941
26942
26944
26945
26948
26950
26951
26952
26953
26954
26955
26957
26958
26961
26962
26968
26970
26971
26972
26974
26976
26977
26979
26980
26982
26983
26984
26985
26987
26988
26989
26990
26991
26992
26993
26996
26997
27000
27003
27004
27006
27007
27008
27009
27010
27013
27014
27019
27023
27025
27026
27027
27028
27030
27033
27037
27038
27040
27041
27043
27044
27045
27047
27048
27050
27051
27052
27054
27056
27059
27061
27062
27063
27064
27065
27066
27069
27070
27075
27076
27077
27080
27081
27082
27083
27085
27086
27087
27088
27090
27091
27094
27095
27096
27097
27098
27099
27100
27102
27107
27111
27113
27117
27118
27119
27120
27121
27122
27123
27124
27126
27127
27129
27130
27133
27134
27135
27138
27141
27143
27144
27146
27148
27149
27150
27152
27153
27155
27157
27160
27164
27165
27166
27168
27169
27170
27173
27175
27176
27178
27179
27182
27185
27187
27189
27190
27191
27192
27193
27194
27195
27197
27199
27201
27202
27203
27205
27207
27208
27211
27212
27214
27215
27217
27219
27221
27223
27224
27227
27228
27229
27230
27232
27234
27236
27240
27241
27242
27243
27245
27247
27249
27251
27252
27254
27255
27256
27258
27259
27260
27261
27262
27263
27264
27265
27266
27268
27269
27270
27271
27273
27275
27276
27277
27278
27279
27281
27283
27284
27286
27289
27290
27293
27294
27297
27300
27302
27303
27304
27305
27306
27307
27309
27310
27312
27315
27317
27321
27323
27324
27326
27328
27330
27332
27333
27334
27335
27336
27338
27341
27344
27345
27347
27348
27349
27350
27351
27352
27353
27355
27356
27357
27358
27359
27360
27361
27364
27366
27371
27372
27373
27375
27376
27377
27378
27381
27382
27384
27389
27390
27392
27393
27394
27395
27396
27399
27400
27401
27402
27403
27404
27405
27409
27411
27413
27415
27416
27417
27419
27422
27423
27424
27426
27427
27429
27430
27433
27434
27435
27437
27438
27439
27440
27441
27443
27446
27448
27449
27450
27451
27453
27455
27456
27457
27460
27462
27463
27464
27465
27466
27467
27469
27473
27475
27477
27478
27480
27481
27482
27485
27486
27489
27490
27491
27493
27496
27497
27498
27500
27502
27503
27504
27507
27508
27509
27514
27515
27516
27518
27519
27521
27522
27523
27526
27528
27532
27533
27535
27538
27541
27542
27544
27546
27548
27549
27551
27553
27556
27557
27558
27559
27561
27562
27563
27564
27565
27570
27573
27576
27578
27579
27580
27581
27583
27584
27587
27588
27589
27591
27593
27596
27597
27599
27600
27601
27602
27606
27609
27611
27612
27613
27614
27616
27619
27620
27621
27623
27624
27625
27626
27627
27628
27629
27630
27633
27636
27638
27639
27640
27643
27646
27647
27648
27649
27650
27652
27653
27654
27655
27657
27658
27659
27662
27663
27664
27666
27667
27669
27671
27672
27674
27675
27676
27680
27684
27685
27686
27687
27689
27693
27696
27699
27700
27702
27704
27705
27708
27710
27711
27712
27713
27714
27715
27716
27717
27719
27721
27722
27723
27724
27726
27728
27730
27731
27732
27733
27734
27737
27738
27739
27740
27741
27742
27743
27744
27746
27749
27750
27753
27755
27757
27760
27762
27763
27766
27768
27770
27771
27772
27776
27778
27779
27780
27782
27783
27784
27786
27787
27788
27793
27795
27796
27798
27802
27804
27805
27806
27809
27813
27815
27816
27817
27818
27819
27820
27823
27825
27826
27827
27828
27831
27832
27833
27835
27836
27837
27838
27840
27842
27844
27845
27847
27850
27852
27853
27854
27855
27857
27858
27860
27861
27862
27864
27865
27866
27867
27868
27869
27870
27871
27873
27874
27876
27877
27878
27879
27880
27881
27883
27886
27887
27889
27890
27892
27895
27896
27900
27901
27902
27904
27905
27907
27908
27911
27913
27915
27916
27918
27919
27921
27923
27924
27927
27928
27929
27930
27932
27934
27935
27937
27938
27940
27941
27943
27944
27945
27946
27947
27949
27950
27952
27954
27957
27958
27960
27961
27965
27968
27969
27970
27971
27973
27974
27975
27976
27979
27981
27982
27983
27984
27985
27986
27987
27989
27990
27991
27992
27994
27996
27998
27999
28000
28002
28004
28007
28009
28010
28013
28014
28015
28017
28018
28020
28022
28023
28026
28027
28028
28030
28031
28033
28034
28036
28037
28039
28043
28044
28045
28049
28052
28054
28055
28056
28057
28059
28060
28061
28063
28064
28067
28069
28070
28072
28074
28075
28078
28082
28084
28085
28086
28089
28090
28091
28093
28094
28096
28097
28100
28101
28102
28104
28105
28107
28109
28110
28112
28114
28115
28117
28118
28119
28121
28123
28124
28125
28126
28127
28128
28129
28130
28131
28133
28139
28140
28141
28142
28144
28146
28147
28149
28152
28153
28154
28155
28156
28158
28162
28164
28165
28166
28167
28168
28171
28172
28173
28174
28175
28177
28178
28179
28181
28184
28186
28187
28188
28189
28192
28193
28195
28197
28199
28200
28203
28207
28208
28209
28210
28213
28216
28218
28220
28221
28226
28228
28230
28232
28234
28237
28238
28241
28243
28246
28247
28248
28249
28251
28252
28253
28254
28257
28259
28260
28261
28262
28263
28264
28266
28269
28272
28273
28274
28275
28277
28279
28280
28281
28283
28285
28286
28287
28288
28291
28293
28294
28295
28296
28299
28300
28302
28303
28304
28307
28309
28310
28312
28313
28314
28315
28316
28319
28320
28328
28330
28333
28335
28337
28338
28341
28342
28343
28344
28345
28347
28350
28351
28352
28354
28355
28356
28358
28360
28362
28363
28364
28368
28369
28370
28371
28372
28373
28374
28377
28378
28380
28381
28382
28383
28386
28388
28389
28390
28391
28392
28393
28396
28398
28400
28401
28402
28406
28408
28409
28410
28413
28414
28415
28420
28423
28424
28425
28426
28427
28430
28431
28434
28435
28436
28438
28440
28442
28443
28446
28448
28449
28453
28454
28455
28458
28461
28462
28466
28467
28468
28471
28473
28474
28477
28480
28481
28483
28484
28485
28486
28487
28488
28490
28491
28493
28495
28496
28498
28499
28500
28501
28502
28503
28504
28507
28508
28511
28512
28515
28516
28517
28518
28519
28521
28522
28523
28525
28526
28527
28529
28531
28533
28535
28536
28538
28539
28540
28541
28543
28544
28546
28549
28551
28552
28554
28556
28557
28558
28559
28563
28564
28565
28566
28569
28570
28571
28574
28576
28578
28580
28581
28583
28584
28585
28586
28587
28588
28589
28590
28593
28595
28597
28599
28600
28602
28605
28607
28608
28609
28611
28613
28615
28616
28617
28620
28621
28622
28624
28625
28626
28627
28629
28630
28632
28635
28636
28637
28638
28639
28641
28644
28645
28647
28649
28651
28652
28653
28654
28655
28656
28658
28659
28660
28661
28662
28664
28665
28666
28667
28668
28669
28670
28672
28674
28676
28678
28683
28684
28687
28688
28690
28692
28694
28697
28699
28700
28704
28705
28706
28707
28708
28709
28711
28713
28714
28715
28717
28718
28719
28721
28723
28724
28725
28726
28728
28730
28731
28733
28734
28735
28736
28737
28742
28744
28746
28749
28750
28753
28755
28757
28758
28760
28761
28763
28764
28765
28767
28769
28770
28771
28774
28775
28777
28780
28782
28783
28784
28785
28787
28788
28790
28792
28793
28795
28797
28798
28799
28800
28801
28802
28803
28805
28807
28808
28809
28810
28811
28813
28815
28816
28818
28819
28820
28821
28822
28823
28824
28825
28828
28830
28831
28833
28834
28836
28839
28840
28841
28842
28843
28844
28845
28848
28849
28853
28855
28856
28859
28860
28862
28865
28866
28867
28869
28871
28873
28878
28879
28881
28882
28883
28886
28887
28888
28890
28894
28895
28897
28899
28900
28902
28903
28904
28905
28907
28910
28911
28912
28913
28914
28915
28917
28918
28919
28920
28922
28923
28924
28926
28927
28928
28930
28932
28934
28935
28940
28941
28943
28946
28947
28948
28949
28950
28951
28952
28953
28954
28955
28956
28959
28960
28965
28967
28968
28969
28970
28972
28973
28974
28975
28976
28979
28980
28981
28982
28983
28985
28987
28988
28990
28993
28994
28995
28996
28997
28998
29000
29002
29003
29005
29007
29008
29009
29010
29012
29013
29014
29015
29016
29018
29019
29020
29023
29024
29026
29028
29030
29031
29033
29035
29036
29038
29039
29042
29043
29045
29046
29048
29049
29050
29051
29052
29053
29056
29057
29058
29059
29062
29063
29064
29067
29068
29070
29071
29072
29073
29074
29075
29076
29077
29078
29079
29080
29083
29084
29087
29089
29090
29092
29094
29096
29097
29098
29099
29100
29102
29104
29105
29106
29107
29108
29109
29112
29116
29117
29118
29119
29121
29122
29123
29125
29127
29129
29130
29131
29134
29138
29139
29140
29144
29147
29148
29149
29150
29151
29152
29153
29154
29156
29157
29159
29161
29162
29164
29165
29168
29171
29172
29174
29176
29177
29179
29180
29181
29182
29184
29186
29187
29188
29189
29190
29191
29192
29193
29196
29201
29203
29204
29206
29207
29209
29212
29214
29215
29217
29218
29219
29221
29222
29223
29226
29227
29228
29229
29233
29235
29236
29237
29238
29239
29241
29242
29244
29245
29246
29250
29251
29255
29256
29258
29259
29261
29262
29263
29265
29267
29268
29269
29270
29271
29273
29274
29276
29279
29281
29283
29284
29286
29287
29289
29291
29294
29296
29300
29302
29304
29307
29308
29310
29311
29312
29313
29315
29317
29318
29319
29321
29325
29327
29328
29330
29331
29332
29333
29339
29342
29343
29344
29347
29349
29350
29351
29355
29356
29357
29359
29361
29362
29363
29365
29367
29368
29369
29370
29371
29375
29378
29379
29380
29381
29383
29384
29385
29387
29388
29390
29392
29393
29397
29400
29401
29402
29405
29406
29407
29408
29409
29411
29414
29415
29416
29417
29419
29420
29422
29423
29424
29426
29427
29428
29429
29431
29432
29433
29434
29436
29437
29438
29440
29442
29444
29446
29447
29448
29449
29450
29452
29455
29457
29459
29460
29461
29464
29465
29467
29469
29470
29471
29473
29477
29478
29479
29483
29484
29485
29488
29493
29494
29496
29497
29500
29502
29503
29504
29507
29509
29510
29514
29515
29516
29518
29519
29521
29523
29525
29528
29529
29530
29531
29534
29535
29537
29538
29539
29541
29542
29544
29547
29550
29551
29552
29554
29555
29556
29558
29559
29560
29561
29564
29565
29566
29567
29568
29573
29574
29575
29576
29577
29578
29580
29582
29585
29586
29589
29590
29591
29593
29595
29596
29597
29600
29601
29605
29606
29607
29609
29611
29615
29617
29618
29620
29624
29626
29628
29629
29633
29636
29637
29638
29640
29641
29644
29646
29648
29652
29653
29654
29657
29658
29659
29660
29662
29663
29664
29666
29668
29671
29672
29675
29676
29678
29679
29680
29681
29682
29683
29684
29687
29689
29690
29691
29692
29693
29694
29696
29698
29699
29701
29702
29703
29704
29706
29707
29709
29712
29714
29715
29717
29718
29721
29724
29726
29727
29729
29731
29732
29733
29735
29737
29738
29741
29742
29743
29748
29752
29754
29756
29758
29759
29761
29762
29764
29766
29767
29769
29770
29772
29774
29775
29777
29778
29780
29781
29782
29783
29786
29788
29790
29791
29793
29795
29797
29798
29799
29800
29803
29806
29808
29810
29811
29812
29814
29815
29816
29819
29821
29822
29825
29827
29828
29829
29831
29832
29833
29835
29837
29838
29839
29841
29842
29844
29845
29846
29847
29849
29851
29853
29854
29857
29858
29862
29863
29866
29870
29871
29872
29873
29875
29876
29877
29878
29880
29882
29884
29886
29887
29889
29890
29893
29894
29895
29897
29898
29900
29901
29902
29903
29905
29907
29908
29909
29910
29911
29912
29914
29915
29921
29922
29923
29924
29925
29927
29930
29932
29933
29935
29936
29937
29938
29940
29942
29944
29945
29947
29948
29949
29950
29951
29956
29957
29959
29961
29963
29965
29966
29967
29968
29969
29970
29972
29974
29975
29976
29978
29980
29981
29983
29985
29986
29987
29988
29989
29991
29993
29994
29995
29996
29997
29999
30000
